commodity,value,zscore,cdf
BARLEY,0.17301038062283736,0.7343065526658631,0.8138686131386861
BARLEY,0.2159827213822894,1.266323848202394,0.8667883211678832
BARLEY,0.2469135802469136,1.6492620729059186,0.9197080291970803
BARLEY,0.09416195856873824,-0.24187309026684956,0.5054744525547445
BARLEY,0.23094688221709006,1.4515870253206475,0.8978102189781022
BARLEY,0.2159827213822894,1.266323848202394,0.8686131386861314
BARLEY,0.03961965134706815,-0.9171318792359593,0.1478102189781022
BARLEY,0.021607605877268798,-1.1401292665918226,0.03467153284671533
BARLEY,0.0338409475465313,-0.9886748837205839,0.10218978102189781
BARLEY,0.020580366330520683,-1.1528469635073413,0.032846715328467155
BARLEY,0.019964064683569573,-1.1604770606733543,0.029197080291970802
BARLEY,0.12004801920768307,0.07860821770557831,0.6240875912408759
BARLEY,0.05393743257820928,-0.7398711781883925,0.26824817518248173
BARLEY,0.0335345405767941,-0.9924683425941797,0.09671532846715329
BARLEY,0.038986354775828465,-0.9249723813624207,0.14416058394160583
BARLEY,0.043215211754537596,-0.8726171916459108,0.16058394160583941
BARLEY,0.05282620179609086,-0.7536287251353679,0.2572992700729927
BARLEY,0.05282620179609086,-0.7536287251353679,0.2591240875912409
BARLEY,0.05042864346949068,-0.7833115972867611,0.23357664233576642
BARLEY,0.1152073732718894,0.018678799994154453,0.5857664233576643
BARLEY,0.1152073732718894,0.018678799994154453,0.5875912408759124
BARLEY,0.08873114463176575,-0.3091090586187641,0.4762773722627737
BARLEY,0.09363295880149813,-0.24842235010545008,0.49452554744525545
BARLEY,0.06301197227473221,-0.6275242130880306,0.33941605839416056
BARLEY,0.06301197227473221,-0.6275242130880306,0.34124087591240876
BARLEY,0.075642965204236,-0.4711467251612749,0.4051094890510949
BARLEY,0.07936507936507936,-0.42506524403798873,0.42883211678832117
BARLEY,0.08643042350907519,-0.33759304175408744,0.45255474452554745
BARLEY,0.0931098696461825,-0.25489843385646854,0.4908759124087591
BARLEY,0.10080645161290323,-0.15961121769733155,0.5255474452554745
BARLEY,0.04681647940074907,-0.8280318458215922,0.19708029197080293
BARLEY,0.03961965134706815,-0.9171318792359593,0.14963503649635038
BARLEY,0.03309066843150232,-0.9979636834140811,0.0948905109489051
BARLEY,0.043215211754537596,-0.8726171916459108,0.1624087591240876
BARLEY,0.043215211754537596,-0.8726171916459108,0.16423357664233576
BARLEY,0.11890606420927467,0.06447029086378701,0.6167883211678832
BARLEY,0.11890606420927467,0.06447029086378701,0.6186131386861314
BARLEY,0.07204610951008646,-0.5156774489947376,0.38503649635036497
BARLEY,0.0779423226812159,-0.44267962458552895,0.41788321167883213
BARLEY,0.04681647940074907,-0.8280318458215922,0.1989051094890511
BARLEY,0.04681647940074907,-0.8280318458215922,0.20072992700729927
BARLEY,0.04681647940074907,-0.8280318458215922,0.20255474452554745
BARLEY,0.12453300124533002,0.13413435316921407,0.6478102189781022
BARLEY,0.13869625520110956,0.309481935646287,0.7116788321167883
BARLEY,0.1404494382022472,0.33118714561069196,0.7153284671532847
BARLEY,0.1079913606911447,-0.07065874666767015,0.5492700729927007
BARLEY,0.16556291390728478,0.6421034976173642,0.8029197080291971
BARLEY,0.17271157167530224,0.7306071607933181,0.8083941605839416
BARLEY,0.17699115044247787,0.7835903095236452,0.8156934306569343
BARLEY,0.08643042350907519,-0.33759304175408744,0.4543795620437956
BARLEY,0.08643042350907519,-0.33759304175408744,0.4562043795620438
BARLEY,0.06123698714023271,-0.6494993434668955,0.31386861313868614
BARLEY,0.026673779674579887,-1.0774077104762032,0.04562043795620438
BARLEY,0.055803571428571425,-0.7167675229832257,0.29014598540145986
BARLEY,0.05285412262156448,-0.7532830525051342,0.2645985401459854
BARLEY,0.046685340802987856,-0.8296554018320015,0.19525547445255476
BARLEY,0.043215211754537596,-0.8726171916459108,0.16605839416058393
BARLEY,0.06844626967830253,-0.5602451178213212,0.3722627737226277
BARLEY,0.0375234521575985,-0.9430837869975167,0.13138686131386862
BARLEY,0.014834594273846612,-1.2239822578929218,0.014598540145985401
BARLEY,0.015453562046051616,-1.2163191528729715,0.016423357664233577
BARLEY,0.01620745542949757,-1.2069856068781426,0.01824817518248175
BARLEY,0.014405070584845865,-1.2292999582404598,0.010948905109489052
BARLEY,0.011735711770918908,-1.2623478451347674,0.005474452554744526
BARLEY,0.01620745542949757,-1.2069856068781426,0.020072992700729927
BARLEY,0.010803802938634399,-1.2738853040647784,0.0036496350364963502
BARLEY,0.012347203358439314,-1.2547772987114991,0.0072992700729927005
BARLEY,0.01680672268907563,-1.1995664032436706,0.023722627737226276
BARLEY,0.017406440382941687,-1.1921416230260407,0.025547445255474453
BARLEY,0.016539861065167052,-1.2028702725913762,0.021897810218978103
BARLEY,0.06720430107526881,-0.5756212589774659,0.36496350364963503
BARLEY,0.1801801801801802,0.8230719608941207,0.8193430656934306
BARLEY,0.1801801801801802,0.8230719608941207,0.8211678832116789
BARLEY,0.2518891687657431,1.7108621417108285,0.9251824817518248
BARLEY,0.2518891687657431,1.7108621417108285,0.927007299270073
BARLEY,0.2590673575129534,1.7997314119588448,0.9379562043795621
BARLEY,0.25125628140703515,1.7030267058232689,0.9233576642335767
BARLEY,0.2159827213822894,1.266323848202394,0.8704379562043796
BARLEY,0.2159827213822894,1.266323848202394,0.8722627737226277
BARLEY,0.2159827213822894,1.266323848202394,0.8740875912408759
BARLEY,0.11025358324145534,-0.04265139352265227,0.5766423357664233
BARLEY,0.12239902080783353,0.10771469622197119,0.6277372262773723
BARLEY,0.10764262648008613,-0.07497623620976918,0.5474452554744526
BARLEY,0.1017293997965412,-0.14818469570896572,0.541970802919708
BARLEY,0.10080645161290323,-0.15961121769733155,0.5273722627737226
BARLEY,0.13333333333333333,0.24308650226183823,0.6843065693430657
BARLEY,0.13531799729364005,0.267657552710817,0.6897810218978102
BARLEY,0.1584786053882726,0.5543965076693649,0.7791970802919708
BARLEY,0.13679890560875513,0.2859918771348777,0.6916058394160584
BARLEY,0.13679890560875513,0.2859918771348777,0.6934306569343066
BARLEY,0.13679890560875513,0.2859918771348777,0.6952554744525548
BARLEY,0.14184397163120568,0.3484521093128749,0.7171532846715328
BARLEY,0.1440922190201729,0.37628644354825913,0.7262773722627737
BARLEY,0.1440922190201729,0.37628644354825913,0.7281021897810219
BARLEY,0.1440922190201729,0.37628644354825913,0.7299270072992701
BARLEY,0.1440922190201729,0.37628644354825913,0.7317518248175182
BARLEY,0.1440922190201729,0.37628644354825913,0.7335766423357665
BARLEY,0.1440922190201729,0.37628644354825913,0.7354014598540146
BARLEY,0.1440922190201729,0.37628644354825913,0.7372262773722628
BARLEY,0.14347202295552366,0.36860813170427337,0.7244525547445255
BARLEY,0.12903225806451613,0.18983721697798103,0.656934306569343
BARLEY,0.10952902519167579,-0.051621754626803996,0.572992700729927
BARLEY,0.08896797153024912,-0.3061770329526102,0.4781021897810219
BARLEY,0.10964912280701755,-0.05013489104466465,0.5748175182481752
BARLEY,0.10080645161290323,-0.15961121769733155,0.5291970802919708
BARLEY,0.09960159362549802,-0.17452791240458734,0.5218978102189781
BARLEY,0.08771929824561403,-0.3216361811432787,0.4726277372262774
BARLEY,0.07283321194464676,-0.5059327597098541,0.39233576642335766
BARLEY,0.075642965204236,-0.4711467251612749,0.40693430656934304
BARLEY,0.043215211754537596,-0.8726171916459108,0.1678832116788321
BARLEY,0.038789759503491075,-0.9274063210374707,0.14233576642335766
BARLEY,0.037439161362785474,-0.9441273457123208,0.12956204379562045
BARLEY,0.035765379113018594,-0.9648495379434283,0.11496350364963503
BARLEY,0.03241491085899514,-1.0063298722185512,0.08759124087591241
BARLEY,0.2159827213822894,1.266323848202394,0.8759124087591241
BARLEY,0.2159827213822894,1.266323848202394,0.8777372262773723
BARLEY,0.09363295880149813,-0.24842235010545008,0.49635036496350365
BARLEY,0.038299502106472615,-0.9334759325566236,0.13686131386861314
BARLEY,0.0827129859387924,-0.3836166245404808,0.4416058394160584
BARLEY,0.18726591760299627,0.910796641326834,0.8321167883211679
BARLEY,0.18726591760299627,0.910796641326834,0.833941605839416
BARLEY,0.23752969121140144,1.5330852210505779,0.8996350364963503
BARLEY,0.23752969121140144,1.5330852210505779,0.9014598540145985
BARLEY,0.23752969121140144,1.5330852210505779,0.9032846715328468
BARLEY,0.3164556962025316,2.5102253763409976,0.9762773722627737
BARLEY,0.3184713375796178,2.535179941423028,0.9781021897810219
BARLEY,0.3236245954692557,2.598979638558316,0.9799270072992701
BARLEY,0.3236245954692557,2.598979638558316,0.9817518248175182
BARLEY,0.3236245954692557,2.598979638558316,0.9835766423357665
BARLEY,0.1152073732718894,0.018678799994154453,0.5894160583941606
BARLEY,0.1152073732718894,0.018678799994154453,0.5912408759124088
BARLEY,0.043215211754537596,-0.8726171916459108,0.16970802919708028
BARLEY,0.043215211754537596,-0.8726171916459108,0.17153284671532848
BARLEY,0.043215211754537596,-0.8726171916459108,0.17335766423357665
BARLEY,0.043215211754537596,-0.8726171916459108,0.17518248175182483
BARLEY,0.12239902080783353,0.10771469622197119,0.6295620437956204
BARLEY,0.12239902080783353,0.10771469622197119,0.6313868613138686
BARLEY,0.11890606420927467,0.06447029086378701,0.6204379562043796
BARLEY,0.09066183136899365,-0.2852062709577892,0.48722627737226276
BARLEY,0.08658008658008658,-0.3357401442652846,0.4635036496350365
BARLEY,0.088261253309797,-0.314926528784266,0.4744525547445255
BARLEY,0.08045052292839903,-0.41162695469165267,0.4343065693430657
BARLEY,0.06997900629811057,-0.5412691352048584,0.3759124087591241
BARLEY,0.07396449704142012,-0.4919269311459595,0.3978102189781022
BARLEY,0.10672358591248667,-0.08635438011865265,0.5456204379562044
BARLEY,0.07473841554559042,-0.48234546496846725,0.4032846715328467
BARLEY,0.06377551020408163,-0.6180712631897244,0.3521897810218978
BARLEY,0.05941770647653001,-0.6720228728213471,0.30656934306569344
BARLEY,0.05402485143165856,-0.7387888926724293,0.27007299270072993
BARLEY,0.05698005698005698,-0.7022020920507374,0.291970802919708
BARLEY,0.20161290322580647,1.0884189061430711,0.8467153284671532
BARLEY,0.20161290322580647,1.0884189061430711,0.8485401459854015
BARLEY,0.1079913606911447,-0.07065874666767015,0.551094890510949
BARLEY,0.1079913606911447,-0.07065874666767015,0.5529197080291971
BARLEY,0.043215211754537596,-0.8726171916459108,0.177007299270073
BARLEY,0.043215211754537596,-0.8726171916459108,0.17883211678832117
BARLEY,0.02881014116969173,-1.0509585749431853,0.05656934306569343
BARLEY,0.02881014116969173,-1.0509585749431853,0.058394160583941604
BARLEY,0.02881014116969173,-1.0509585749431853,0.060218978102189784
BARLEY,0.02881014116969173,-1.0509585749431853,0.06204379562043796
BARLEY,0.05042864346949068,-0.7833115972867611,0.2354014598540146
BARLEY,0.05042864346949068,-0.7833115972867611,0.23722627737226276
BARLEY,0.05042864346949068,-0.7833115972867611,0.23905109489051096
BARLEY,0.05042864346949068,-0.7833115972867611,0.24087591240875914
BARLEY,0.08643042350907519,-0.33759304175408744,0.458029197080292
BARLEY,0.08643042350907519,-0.33759304175408744,0.45985401459854014
BARLEY,0.08756567425569177,-0.32353811662558063,0.46897810218978103
BARLEY,0.10893246187363835,-0.059007482224357935,0.5693430656934306
BARLEY,0.1183431952662722,0.05750171508910535,0.6131386861313869
BARLEY,0.1440922190201729,0.37628644354825913,0.7390510948905109
BARLEY,0.1297016861219196,0.1981250434813053,0.6605839416058394
BARLEY,0.1297016861219196,0.1981250434813053,0.6624087591240876
BARLEY,0.28735632183908044,2.1499617700992752,0.958029197080292
BARLEY,0.2840909090909091,2.1095344620124914,0.9562043795620438
BARLEY,0.2159827213822894,1.266323848202394,0.8795620437956204
BARLEY,0.2159827213822894,1.266323848202394,0.8813868613138686
BARLEY,0.13262599469496023,0.23432932537165502,0.6788321167883211
BARLEY,0.1297016861219196,0.1981250434813053,0.6642335766423357
BARLEY,0.05402485143165856,-0.7387888926724293,0.2718978102189781
BARLEY,0.05402485143165856,-0.7387888926724293,0.2737226277372263
BARLEY,0.1801801801801802,0.8230719608941207,0.822992700729927
BARLEY,0.16835016835016833,0.6766109864920288,0.8047445255474452
BARLEY,0.1584786053882726,0.5543965076693649,0.781021897810219
BARLEY,0.24449877750611249,1.6193657069944893,0.9105839416058394
BARLEY,0.267379679144385,1.9026417676860068,0.9470802919708029
BARLEY,0.27027027027027023,1.9384286121100474,0.9507299270072993
BARLEY,0.2518891687657431,1.7108621417108285,0.9288321167883211
BARLEY,0.2518891687657431,1.7108621417108285,0.9306569343065694
BARLEY,0.30959752321981426,2.4253180480897565,0.9726277372262774
BARLEY,0.30959752321981426,2.4253180480897565,0.9744525547445255
BARLEY,0.24509803921568626,1.626784841917362,0.9124087591240876
BARLEY,0.24509803921568626,1.626784841917362,0.9142335766423357
BARLEY,0.27027027027027023,1.9384286121100474,0.9525547445255474
BARLEY,0.27027027027027023,1.9384286121100474,0.9543795620437956
BARLEY,0.07204610951008646,-0.5156774489947376,0.38686131386861317
BARLEY,0.06858710562414266,-0.5585015041922751,0.3740875912408759
BARLEY,0.05402485143165856,-0.7387888926724293,0.2755474452554745
BARLEY,0.05763688760806916,-0.6940702275033369,0.2956204379562044
BARLEY,0.05534034311012728,-0.7225025021079172,0.28832116788321166
BARLEY,0.0477326968973747,-0.8166886528266701,0.21350364963503649
BARLEY,0.05402485143165856,-0.7387888926724293,0.2773722627737226
BARLEY,0.14836795252225518,0.429221986132413,0.7609489051094891
BARLEY,0.1620745542949757,0.5989160050581805,0.7956204379562044
BARLEY,0.043215211754537596,-0.8726171916459108,0.18065693430656934
BARLEY,0.043215211754537596,-0.8726171916459108,0.18248175182481752
BARLEY,0.036010082823190494,-0.9618199937344648,0.11861313868613138
BARLEY,0.036010082823190494,-0.9618199937344648,0.12043795620437957
BARLEY,0.04892367906066536,-0.8019437471885761,0.22627737226277372
BARLEY,0.043215211754537596,-0.8726171916459108,0.1843065693430657
BARLEY,0.039401103230890466,-0.9198376051903427,0.145985401459854
BARLEY,0.03644314868804664,-0.9564584396245858,0.12773722627737227
BARLEY,0.04681647940074907,-0.8280318458215922,0.20437956204379562
BARLEY,0.19801980198019803,1.0439346641051952,0.843065693430657
BARLEY,0.19801980198019803,1.0439346641051952,0.8448905109489051
BARLEY,0.23752969121140144,1.5330852210505779,0.9051094890510949
BARLEY,0.23752969121140144,1.5330852210505779,0.906934306569343
BARLEY,0.12453300124533002,0.13413435316921407,0.6496350364963503
BARLEY,0.1297016861219196,0.1981250434813053,0.666058394160584
BARLEY,0.1440922190201729,0.37628644354825913,0.7408759124087592
BARLEY,0.15479876160990713,0.508838353276011,0.7755474452554745
BARLEY,0.1620745542949757,0.5989160050581805,0.7974452554744526
BARLEY,0.08756567425569177,-0.32353811662558063,0.4708029197080292
BARLEY,0.10080645161290323,-0.15961121769733155,0.531021897810219
BARLEY,0.13458950201884254,0.2586384469544319,0.6879562043795621
BARLEY,0.1152073732718894,0.018678799994154453,0.593065693430657
BARLEY,0.11160714285714285,-0.025893704428717176,0.5802919708029197
BARLEY,0.151285930408472,0.4653478912151844,0.7682481751824818
BARLEY,0.151285930408472,0.4653478912151844,0.7700729927007299
BARLEY,0.2159827213822894,1.266323848202394,0.8832116788321168
BARLEY,0.2066115702479339,1.1503046974078843,0.8540145985401459
BARLEY,0.05763688760806916,-0.6940702275033369,0.29744525547445255
BARLEY,0.14265335235378032,0.3584726140252892,0.7226277372262774
BARLEY,0.20876826722338204,1.1770055955179637,0.8558394160583942
BARLEY,0.2590673575129534,1.7997314119588448,0.9397810218978102
BARLEY,0.2590673575129534,1.7997314119588448,0.9416058394160584
BARLEY,0.18726591760299627,0.910796641326834,0.8357664233576643
BARLEY,0.18726591760299627,0.910796641326834,0.8375912408759124
BARLEY,0.26881720430107525,1.920438988703339,0.948905109489051
BARLEY,0.26666666666666666,1.8938143460614107,0.9452554744525548
BARLEY,0.17271157167530224,0.7306071607933181,0.8102189781021898
BARLEY,0.17271157167530224,0.7306071607933181,0.8120437956204379
BARLEY,0.1801801801801802,0.8230719608941207,0.8248175182481752
BARLEY,0.1801801801801802,0.8230719608941207,0.8266423357664233
BARLEY,0.20876826722338204,1.1770055955179637,0.8576642335766423
BARLEY,0.20876826722338204,1.1770055955179637,0.8594890510948905
BARLEY,0.08968609865470852,-0.2972862896546138,0.47992700729927007
BARLEY,0.10010010010010009,-0.16835617352003726,0.5237226277372263
BARLEY,0.1297016861219196,0.1981250434813053,0.6678832116788321
BARLEY,0.1297016861219196,0.1981250434813053,0.6697080291970803
BARLEY,0.1297016861219196,0.1981250434813053,0.6715328467153284
BARLEY,0.06480881399870382,-0.6052784881030749,0.354014598540146
BARLEY,0.06480881399870382,-0.6052784881030749,0.35583941605839414
BARLEY,0.06123698714023271,-0.6494993434668955,0.3156934306569343
BARLEY,0.06293266205160478,-0.6285061100401387,0.3357664233576642
BARLEY,0.1440922190201729,0.37628644354825913,0.7427007299270073
BARLEY,0.1440922190201729,0.37628644354825913,0.7445255474452555
BARLEY,0.12239902080783353,0.10771469622197119,0.6332116788321168
BARLEY,0.12239902080783353,0.10771469622197119,0.635036496350365
BARLEY,0.13679890560875513,0.2859918771348777,0.6970802919708029
BARLEY,0.13679890560875513,0.2859918771348777,0.698905109489051
BARLEY,0.2159827213822894,1.266323848202394,0.885036496350365
BARLEY,0.2159827213822894,1.266323848202394,0.8868613138686131
BARLEY,0.3460207612456747,2.8762544468694604,0.9890510948905109
BARLEY,0.3460207612456747,2.8762544468694604,0.9908759124087592
BARLEY,0.3236245954692557,2.598979638558316,0.9854014598540146
BARLEY,0.3236245954692557,2.598979638558316,0.9872262773722628
BARLEY,0.4672897196261682,4.377619793273852,0.9981751824817519
BARLEY,0.4672897196261682,4.377619793273852,1.0
BARLEY,0.18726591760299627,0.910796641326834,0.8394160583941606
BARLEY,0.15037593984962405,0.4540817905670467,0.7664233576642335
BARLEY,0.10080645161290323,-0.15961121769733155,0.5328467153284672
BARLEY,0.10080645161290323,-0.15961121769733155,0.5346715328467153
BARLEY,0.1584786053882726,0.5543965076693649,0.7828467153284672
BARLEY,0.14556040756914118,0.3944632914312312,0.7554744525547445
BARLEY,0.12195121951219513,0.10217071071797246,0.6259124087591241
BARLEY,0.1152073732718894,0.018678799994154453,0.5948905109489051
BARLEY,0.1297016861219196,0.1981250434813053,0.6733576642335767
BARLEY,0.13315579227696406,0.24088846252309062,0.6806569343065694
BARLEY,0.22675736961451246,1.399718937032967,0.8923357664233577
BARLEY,0.2590673575129534,1.7997314119588448,0.9434306569343066
BARLEY,0.2557544757033248,1.7587164151110624,0.9361313868613139
BARLEY,0.20920502092050208,1.1824128066833521,0.8613138686131386
BARLEY,0.1584786053882726,0.5543965076693649,0.7846715328467153
BARLEY,0.1584786053882726,0.5543965076693649,0.7864963503649635
BARLEY,0.2881844380403458,2.1602142286342523,0.9598540145985401
BARLEY,0.2881844380403458,2.1602142286342523,0.9616788321167883
BARLEY,0.0831255195344971,-0.378509269343487,0.4489051094890511
BARLEY,0.09930486593843098,-0.1782015373175959,0.5200729927007299
BARLEY,0.1297016861219196,0.1981250434813053,0.6751824817518248
BARLEY,0.12406947890818858,0.12839573395814577,0.6459854014598541
BARLEY,0.11876484560570072,0.06272193975642187,0.614963503649635
BARLEY,0.1152073732718894,0.018678799994154453,0.5967153284671532
BARLEY,0.1152073732718894,0.018678799994154453,0.5985401459854015
BARLEY,0.09560229445506692,-0.22404107112695093,0.5091240875912408
BARLEY,0.09363295880149813,-0.24842235010545008,0.4981751824817518
BARLEY,0.07680491551459294,-0.4567612471831417,0.4124087591240876
BARLEY,0.07380073800738007,-0.4939543431246867,0.395985401459854
BARLEY,0.10080645161290323,-0.15961121769733155,0.5364963503649635
BARLEY,0.10080645161290323,-0.15961121769733155,0.5383211678832117
BARLEY,0.1079913606911447,-0.07065874666767015,0.5547445255474452
BARLEY,0.1091703056768559,-0.05606286681100997,0.5711678832116789
BARLEY,0.14184397163120568,0.3484521093128749,0.718978102189781
BARLEY,0.10869565217391305,-0.06193929496199565,0.5675182481751825
BARLEY,0.18726591760299627,0.910796641326834,0.8412408759124088
BARLEY,0.20161290322580647,1.0884189061430711,0.8503649635036497
BARLEY,0.21231422505307856,1.2209061804361074,0.8631386861313869
BARLEY,0.2159827213822894,1.266323848202394,0.8886861313868614
BARLEY,0.2159827213822894,1.266323848202394,0.8905109489051095
BARLEY,0.2544529262086514,1.7426026351790072,0.9343065693430657
BARLEY,0.24630541871921185,1.6417327541511315,0.9178832116788321
BARLEY,0.3021148036253776,2.3326785462256474,0.968978102189781
BARLEY,0.2881844380403458,2.1602142286342523,0.9635036496350365
BARLEY,0.2949852507374631,2.244411410231231,0.9653284671532847
BARLEY,0.29850746268656714,2.288018010252353,0.9671532846715328
BARLEY,0.3021148036253776,2.3326785462256474,0.9708029197080292
BARLEY,0.2518891687657431,1.7108621417108285,0.9324817518248175
BARLEY,0.24509803921568626,1.626784841917362,0.916058394160584
BARLEY,0.4464285714285714,4.119349206898334,0.9945255474452555
BARLEY,0.4464285714285714,4.119349206898334,0.9963503649635036
BARLEY,0.4385964912280702,4.022384460434544,0.9927007299270073
BARLEY,0.1152073732718894,0.018678799994154453,0.6003649635036497
BARLEY,0.1152073732718894,0.018678799994154453,0.6021897810218978
BARLEY,0.08285004142502071,-0.38191981473601144,0.44343065693430656
BARLEY,0.0846740050804403,-0.3593383077954147,0.45072992700729925
BARLEY,0.09363295880149813,-0.24842235010545008,0.5
BARLEY,0.10298661174047373,-0.1326198349984147,0.5437956204379562
BARLEY,0.11061946902654868,-0.038121559624372026,0.5784671532846716
BARLEY,0.1152073732718894,0.018678799994154453,0.6040145985401459
BARLEY,0.17035775127768313,0.7014657842709188,0.8065693430656934
BARLEY,0.15360983102918588,0.49411884717145077,0.7718978102189781
BARLEY,0.15360983102918588,0.49411884717145077,0.7737226277372263
BARLEY,0.1079913606911447,-0.07065874666767015,0.5565693430656934
BARLEY,0.11312217194570136,-0.007136949173843534,0.583941605839416
BARLEY,0.1079913606911447,-0.07065874666767015,0.5583941605839416
BARLEY,0.17825311942959002,0.7992140646114269,0.8175182481751825
BARLEY,0.14792899408284024,0.42378747924581517,0.7591240875912408
BARLEY,0.1584786053882726,0.5543965076693649,0.7883211678832117
BARLEY,0.1584786053882726,0.5543965076693649,0.7901459854014599
BARLEY,0.14992503748125938,0.4484994123598361,0.7645985401459854
BARLEY,0.1152073732718894,0.018678799994154453,0.6058394160583942
BARLEY,0.06273525721455459,-0.6309500724977847,0.33211678832116787
BARLEY,0.11655011655011654,0.03530257786748641,0.6094890510948905
BARLEY,0.11160714285714285,-0.025893704428717176,0.5821167883211679
BARLEY,0.0792393026941363,-0.4266224169341847,0.4233576642335766
BARLEY,0.08038585209003216,-0.4124276093434582,0.4324817518248175
BARLEY,0.0792393026941363,-0.4266224169341847,0.4251824817518248
BARLEY,0.10080645161290323,-0.15961121769733155,0.5401459854014599
BARLEY,0.1607717041800643,0.5827861228508179,0.7937956204379562
BARLEY,0.1584786053882726,0.5543965076693649,0.791970802919708
BARLEY,0.13679890560875513,0.2859918771348777,0.7007299270072993
BARLEY,0.13679890560875513,0.2859918771348777,0.7025547445255474
BARLEY,0.1801801801801802,0.8230719608941207,0.8284671532846716
BARLEY,0.2150537634408602,1.2548229226551242,0.864963503649635
BARLEY,0.2469135802469136,1.6492620729059186,0.9215328467153284
BARLEY,0.18315018315018314,0.8598419603847552,0.8302919708029197
BARLEY,0.1631321370309951,0.6120093645791979,0.801094890510949
BARLEY,0.20161290322580647,1.0884189061430711,0.8521897810218978
BARLEY,0.12594458438287154,0.1516104000865471,0.6514598540145985
BARLEY,0.14204545454545456,0.35094656023737864,0.7208029197080292
BARLEY,0.14577259475218657,0.3970902661148593,0.7572992700729927
BARLEY,0.13717421124828533,0.29063833315318405,0.7098540145985401
BARLEY,0.13679890560875513,0.2859918771348777,0.7043795620437956
BARLEY,0.09363295880149813,-0.24842235010545008,0.5018248175182481
BARLEY,0.09363295880149813,-0.24842235010545008,0.5036496350364964
BARLEY,0.09487666034155598,-0.2330247543938259,0.5072992700729927
BARLEY,0.0710732054015636,-0.5277224482543801,0.3813868613138686
BARLEY,0.06747638326585695,-0.5722527566189223,0.36678832116788324
BARLEY,0.06480881399870382,-0.6052784881030749,0.35766423357664234
BARLEY,0.06365372374283895,-0.6195790354590077,0.3467153284671533
BARLEY,0.062421972534332085,-0.6348286805828782,0.3266423357664234
BARLEY,0.07032348804500703,-0.5370042931202382,0.3777372262773723
BARLEY,0.08733624454148473,-0.32637856175635477,0.46715328467153283
BARLEY,0.09354536950420955,-0.24950674579434834,0.4927007299270073
BARLEY,0.08643042350907519,-0.33759304175408744,0.46167883211678834
BARLEY,0.09000900090009001,-0.293288611700039,0.48175182481751827
BARLEY,0.08673026886383348,-0.33388081868458647,0.4653284671532847
BARLEY,0.0744047619047619,-0.4864762501317228,0.39963503649635035
BARLEY,0.06591957811470006,-0.5915267186968118,0.3613138686131387
BARLEY,0.060060060060060066,-0.6640702407271158,0.31204379562043794
BARLEY,0.06365372374283895,-0.6195790354590077,0.34854014598540145
BARLEY,0.06123698714023271,-0.6494993434668955,0.3175182481751825
BARLEY,0.06123698714023271,-0.6494993434668955,0.3193430656934307
BARLEY,0.05042864346949068,-0.7833115972867611,0.2427007299270073
BARLEY,0.05107252298263534,-0.7753400734837611,0.24817518248175183
BARLEY,0.05042864346949068,-0.7833115972867611,0.24452554744525548
BARLEY,0.05737234652897304,-0.6973453674415326,0.2937956204379562
BARLEY,0.05998800239952009,-0.6649623476267089,0.3083941605839416
BARLEY,0.05221932114882507,-0.7611421860026536,0.25364963503649635
BARLEY,0.062421972534332085,-0.6348286805828782,0.3284671532846715
BARLEY,0.062421972534332085,-0.6348286805828782,0.3302919708029197
BARLEY,0.06635700066357,-0.5861112268398714,0.36313868613138683
BARLEY,0.06234413965087282,-0.6357922873920487,0.3248175182481752
BARLEY,0.06123698714023271,-0.6494993434668955,0.32116788321167883
BARLEY,0.11890606420927467,0.06447029086378701,0.6222627737226277
BARLEY,0.11764705882352941,0.048883226520712066,0.6113138686131386
BARLEY,0.12239902080783353,0.10771469622197119,0.6368613138686131
BARLEY,0.12239902080783353,0.10771469622197119,0.6386861313868614
BARLEY,0.13315579227696406,0.24088846252309062,0.6824817518248175
BARLEY,0.1564945226917058,0.5298326535321867,0.7773722627737226
BARLEY,0.14947683109118085,0.4429504116007997,0.7627737226277372
BARLEY,0.13908205841446453,0.3142583564451299,0.7135036496350365
BARLEY,0.12610340479192939,0.1535766696220128,0.6532846715328468
BARLEY,0.13440860215053763,0.25639882358280247,0.6861313868613139
BARLEY,0.1440922190201729,0.37628644354825913,0.7463503649635036
BARLEY,0.1152073732718894,0.018678799994154453,0.6076642335766423
BARLEY,0.1297016861219196,0.1981250434813053,0.677007299270073
BARLEY,0.13679890560875513,0.2859918771348777,0.7062043795620438
BARLEY,0.13679890560875513,0.2859918771348777,0.708029197080292
BARLEY,0.1620745542949757,0.5989160050581805,0.7992700729927007
BARLEY,0.1440922190201729,0.37628644354825913,0.7481751824817519
BARLEY,0.1440922190201729,0.37628644354825913,0.75
BARLEY,0.036010082823190494,-0.9618199937344648,0.12226277372262774
BARLEY,0.036010082823190494,-0.9618199937344648,0.12408759124087591
BARLEY,0.02881014116969173,-1.0509585749431853,0.06386861313868614
BARLEY,0.02881014116969173,-1.0509585749431853,0.06569343065693431
BARLEY,0.026462026991267533,-1.0800293058537755,0.043795620437956206
BARLEY,0.03041362530413625,-1.031106705634547,0.07481751824817519
BARLEY,0.031496062992125984,-1.0177056304039769,0.08576642335766424
BARLEY,0.040032025620496396,-0.9120264965218496,0.15328467153284672
BARLEY,0.0380952380952381,-0.9360048147378563,0.13503649635036497
BARLEY,0.04030632809351068,-0.9086305060481417,0.1551094890510949
BARLEY,0.032605151613955004,-1.0039746043842686,0.09124087591240876
BARLEY,0.030609121518212427,-1.02868637280505,0.07846715328467153
BARLEY,0.029922202274087373,-1.0371907482254423,0.07116788321167883
BARLEY,0.028089887640449437,-1.059875644108049,0.05474452554744526
BARLEY,0.02701242571582928,-1.0732151171050819,0.04744525547445255
BARLEY,0.03543586109142452,-0.9689291222430215,0.11131386861313869
BARLEY,0.0349283967865875,-0.9752117631759881,0.10766423357664233
BARLEY,0.07905138339920949,-0.42894894402810624,0.4215328467153285
BARLEY,0.07299270072992702,-0.5039582153700849,0.39416058394160586
BARLEY,0.0502008032128514,-0.786132364203558,0.22992700729927007
BARLEY,0.045372050816696916,-0.8459145344371537,0.19343065693430658
BARLEY,0.030921459492888062,-1.0248194853690022,0.08394160583941605
BARLEY,0.03006614552014432,-1.0354086647939942,0.072992700729927
BARLEY,0.044228217602830605,-0.8600757144480927,0.1897810218978102
BARLEY,0.027314941272876262,-1.069469835706082,0.05291970802919708
BARLEY,0.02207505518763797,-1.1343420296503877,0.03832116788321168
BARLEY,0.018168604651162792,-1.182705679682778,0.02737226277372263
BARLEY,0.02040816326530612,-1.154978916466371,0.03102189781021898
BARLEY,0.02281021897810219,-1.125240364610344,0.041970802919708027
BARLEY,0.01271617497456765,-1.2502092608091382,0.009124087591240875
BARLEY,0.03455425017277125,-0.9798438699241615,0.10583941605839416
BARLEY,0.033014196104324864,-0.998910445912221,0.09306569343065693
BARLEY,0.041425020712510356,-0.8947805781368727,0.15875912408759124
BARLEY,0.04681647940074907,-0.8280318458215922,0.2062043795620438
BARLEY,0.04873294346978558,-0.8043051413185922,0.22445255474452555
BARLEY,0.06293266205160478,-0.6285061100401387,0.3375912408759124
BARLEY,0.08285004142502071,-0.38191981473601144,0.44525547445255476
BARLEY,0.07757951900698215,-0.4471713005372072,0.41605839416058393
BARLEY,0.062073246430788334,-0.6391460697502237,0.32299270072992703
BARLEY,0.1079913606911447,-0.07065874666767015,0.5602189781021898
BARLEY,0.05402485143165856,-0.7387888926724293,0.2791970802919708
BARLEY,0.05402485143165856,-0.7387888926724293,0.28102189781021897
BARLEY,0.05211047420531526,-0.7624897611053845,0.2518248175182482
BARLEY,0.05042864346949068,-0.7833115972867611,0.24635036496350365
BARLEY,0.04681647940074907,-0.8280318458215922,0.20802919708029197
BARLEY,0.04681647940074907,-0.8280318458215922,0.20985401459854014
BARLEY,0.03361344537815126,-0.9914914649496068,0.09854014598540146
BARLEY,0.03361344537815126,-0.9914914649496068,0.10036496350364964
BARLEY,0.03856536829926726,-0.9301843871028403,0.1386861313868613
BARLEY,0.043215211754537596,-0.8726171916459108,0.18613138686131386
BARLEY,0.05025125628140704,-0.7855077320655336,0.23175182481751824
BARLEY,0.05162622612287041,-0.7684849745528715,0.25
BARLEY,0.0354735721887194,-0.9684622415555847,0.11313868613138686
BARLEY,0.052410901467505246,-0.7587703337548833,0.25547445255474455
BARLEY,0.07112375533428164,-0.5270966168935811,0.38321167883211676
BARLEY,0.0744047619047619,-0.4864762501317228,0.40145985401459855
BARLEY,0.2304147465437788,1.4449989415260431,0.8959854014598541
BARLEY,0.24154589371980678,1.5828076508527957,0.9087591240875912
BARLEY,0.22779043280182235,1.4125087332906927,0.8941605839416058
BARLEY,0.09606147934678194,-0.21835615148040532,0.5127737226277372
BARLEY,0.09606147934678194,-0.21835615148040532,0.5145985401459854
BARLEY,0.1440922190201729,0.37628644354825913,0.7518248175182481
BARLEY,0.12239902080783353,0.10771469622197119,0.6405109489051095
BARLEY,0.12239902080783353,0.10771469622197119,0.6423357664233577
BARLEY,0.08291873963515754,-0.381069299373821,0.4470802919708029
BARLEY,0.06329113924050632,-0.6240679979619879,0.3448905109489051
BARLEY,0.03241491085899514,-1.0063298722185512,0.08941605839416059
BARLEY,0.04506534474988733,-0.8497116962697401,0.19160583941605838
BARLEY,0.048007681228996645,-0.8132842206305428,0.21532846715328466
BARLEY,0.05892751915144373,-0.6780916168178288,0.30474452554744524
BARLEY,0.07662835249042145,-0.4589471784345317,0.41058394160583944
BARLEY,0.09107468123861566,-0.28009500014458366,0.48905109489051096
BARLEY,0.09727626459143969,-0.20331655277345467,0.5164233576642335
BARLEY,0.09578544061302682,-0.22177363765873095,0.5109489051094891
BARLEY,0.09727626459143969,-0.20331655277345467,0.5182481751824818
BARLEY,0.09000900090009001,-0.293288611700039,0.4835766423357664
BARLEY,0.09000900090009001,-0.293288611700039,0.4854014598540146
BARLEY,0.0676132521974307,-0.5705582564466731,0.3686131386861314
BARLEY,0.07047216349541931,-0.5351636228276008,0.3795620437956204
BARLEY,0.07267441860465117,-0.507898694117909,0.3905109489051095
BARLEY,0.07204610951008646,-0.5156774489947376,0.3886861313868613
BARLEY,0.1440922190201729,0.37628644354825913,0.7536496350364964
BARLEY,0.036127167630057806,-0.9603704301036016,0.1259124087591241
BARLEY,0.034211426616489904,-0.9840881828481416,0.10401459854014598
BARLEY,0.05282620179609086,-0.7536287251353679,0.26094890510948904
BARLEY,0.05282620179609086,-0.7536287251353679,0.26277372262773724
BARLEY,0.039761431411530816,-0.9153765769851777,0.15145985401459855
BARLEY,0.0792393026941363,-0.4266224169341847,0.42700729927007297
BARLEY,0.06480881399870382,-0.6052784881030749,0.3594890510948905
BARLEY,0.06369426751592357,-0.6190770849455818,0.35036496350364965
BARLEY,0.06301197227473221,-0.6275242130880306,0.34306569343065696
BARLEY,0.12903225806451613,0.18983721697798103,0.6587591240875912
BARLEY,0.12239902080783353,0.10771469622197119,0.6441605839416058
BARLEY,0.12626262626262627,0.1555479044845883,0.6551094890510949
BARLEY,0.1079913606911447,-0.07065874666767015,0.5620437956204379
BARLEY,0.1079913606911447,-0.07065874666767015,0.5638686131386861
BARLEY,0.1079913606911447,-0.07065874666767015,0.5656934306569343
BARLEY,0.08103727714748785,-0.40436266823977685,0.43613138686131386
BARLEY,0.08103727714748785,-0.40436266823977685,0.43795620437956206
BARLEY,0.06289308176100629,-0.6289961321983132,0.33394160583941607
BARLEY,0.0681663258350375,-0.5637109510471552,0.3704379562043796
BARLEY,0.078003120124805,-0.4419269243382963,0.4197080291970803
BARLEY,0.02701242571582928,-1.0732151171050819,0.04927007299270073
BARLEY,0.02701242571582928,-1.0732151171050819,0.051094890510948905
BARLEY,0.02881014116969173,-1.0509585749431853,0.06751824817518248
BARLEY,0.02881014116969173,-1.0509585749431853,0.06934306569343066
BARLEY,0.030911901081916538,-1.024937822882501,0.08211678832116788
BARLEY,0.030835646006783842,-1.0258818957006453,0.08029197080291971
BARLEY,0.03045066991473812,-1.030648076358173,0.07664233576642336
BARLEY,0.048007681228996645,-0.8132842206305428,0.21715328467153286
BARLEY,0.041254125412541254,-0.896896340362124,0.15693430656934307
BARLEY,0.043215211754537596,-0.8726171916459108,0.18795620437956204
BARLEY,0.05763688760806916,-0.6940702275033369,0.29927007299270075
BARLEY,0.060024009603841535,-0.6645165619160779,0.3102189781021898
BARLEY,0.07651109410864575,-0.46039889100240194,0.40875912408759124
BARLEY,0.07739938080495357,-0.44940149413086156,0.4142335766423358
BARLEY,0.08103727714748785,-0.40436266823977685,0.4397810218978102
BARLEY,0.08012820512820512,-0.41561739694664507,0.4306569343065693
BARLEY,0.035919540229885055,-0.962940952583108,0.11678832116788321
BARLEY,0.03495281370150297,-0.9749094705661581,0.10948905109489052
BARLEY,0.00670555890833501,-1.3246234455510328,0.0018248175182481751
BARLEY,0.014405070584845865,-1.2292999582404598,0.012773722627737226
BARLEY,0.021607605877268798,-1.1401292665918226,0.0364963503649635
BARLEY,0.02209456473707468,-1.134100492476824,0.040145985401459854
BARLEY,0.03765060240963856,-0.941509608537102,0.1332116788321168
BARLEY,0.0499001996007984,-0.7898539748462774,0.2281021897810219
BARLEY,0.048007681228996645,-0.8132842206305428,0.21897810218978103
BARLEY,0.05521811154058531,-0.7240157850221741,0.2864963503649635
BARLEY,0.05370569280343716,-0.7427402229288839,0.2664233576642336
BARLEY,0.04746084480303749,-0.8200543064880524,0.2116788321167883
BARLEY,0.048007681228996645,-0.8132842206305428,0.2208029197080292
BARLEY,0.048007681228996645,-0.8132842206305428,0.22262773722627738
BARLEY,0.057937427578215524,-0.6903494047766222,0.3010948905109489
BARLEY,0.057937427578215524,-0.6903494047766222,0.3029197080291971
BARLEY,0.05402485143165856,-0.7387888926724293,0.28284671532846717
BARLEY,0.05402485143165856,-0.7387888926724293,0.2846715328467153
BARLEY,0.03869969040247678,-0.9285214178342979,0.14051094890510948
DATES,0.2881844380403458,0.7130034331367752,0.751984126984127
DATES,0.4464285714285714,1.8204072419597785,0.9464285714285714
DATES,0.3597122302158274,1.213560059128714,0.8472222222222222
DATES,0.2881844380403458,0.7130034331367752,0.753968253968254
DATES,0.4329004329004329,1.7257363570961222,0.9146825396825397
DATES,0.2159827213822894,0.2077306352218524,0.6845238095238095
DATES,0.3236245954692557,0.9610161997508572,0.8055555555555556
DATES,0.05763688760806916,-0.9003848802053573,0.10515873015873016
DATES,0.05763688760806916,-0.9003848802053573,0.10714285714285714
DATES,0.1079913606911447,-0.548000661659519,0.376984126984127
DATES,0.1079913606911447,-0.548000661659519,0.37896825396825395
DATES,0.07204610951008646,-0.799548110621474,0.18055555555555555
DATES,0.1079913606911447,-0.548000661659519,0.38095238095238093
DATES,0.1079913606911447,-0.548000661659519,0.38293650793650796
DATES,0.1440922190201729,-0.2953642627020576,0.5357142857142857
DATES,0.06844626967830253,-0.8247400482656337,0.17261904761904762
DATES,0.10438413361169102,-0.5732442957933435,0.36904761904761907
DATES,0.11135857461024498,-0.5244366568569818,0.4226190476190476
DATES,0.12836970474967907,-0.40539154658691107,0.4781746031746032
DATES,0.13679890560875513,-0.3464033936815882,0.5158730158730159
DATES,0.1079913606911447,-0.548000661659519,0.38492063492063494
DATES,0.08403361344537814,-0.7156586972701762,0.26587301587301587
DATES,0.07204610951008646,-0.799548110621474,0.18253968253968253
DATES,0.0792393026941363,-0.7492096281826098,0.24404761904761904
DATES,0.0792393026941363,-0.7492096281826098,0.24603174603174602
DATES,0.07204610951008646,-0.799548110621474,0.18452380952380953
DATES,0.07204610951008646,-0.799548110621474,0.1865079365079365
DATES,0.10080645161290323,-0.5982811713310617,0.3531746031746032
DATES,0.10080645161290323,-0.5982811713310617,0.3551587301587302
DATES,0.07304601899196494,-0.7925506722646668,0.2123015873015873
DATES,0.075642965204236,-0.774377056186768,0.21825396825396826
DATES,0.0792393026941363,-0.7492096281826098,0.24801587301587302
DATES,0.07396449704142012,-0.7861230969194777,0.21626984126984128
DATES,0.09363295880149813,-0.6484817891474915,0.32341269841269843
DATES,0.09363295880149813,-0.6484817891474915,0.3253968253968254
DATES,0.09363295880149813,-0.6484817891474915,0.3273809523809524
DATES,0.09689922480620154,-0.6256242250988847,0.3373015873015873
DATES,0.07204610951008646,-0.799548110621474,0.1884920634920635
DATES,0.07204610951008646,-0.799548110621474,0.19047619047619047
DATES,0.07587253414264036,-0.7727705162706704,0.22817460317460317
DATES,0.075642965204236,-0.774377056186768,0.22023809523809523
DATES,0.1798561151079137,-0.045085949706088216,0.625
DATES,0.17513134851138354,-0.07815020562994479,0.621031746031746
DATES,0.16447368421052633,-0.15273330572485425,0.6091269841269841
DATES,0.3597122302158274,1.213560059128714,0.8492063492063492
DATES,0.3597122302158274,1.213560059128714,0.8511904761904762
DATES,0.29850746268656714,0.785244700898363,0.7698412698412699
DATES,0.29850746268656714,0.785244700898363,0.7718253968253969
DATES,0.3164556962025316,0.9108477278899636,0.7976190476190477
DATES,0.3164556962025316,0.9108477278899636,0.7996031746031746
DATES,0.30959752321981426,0.8628537408775305,0.7896825396825397
DATES,0.30959752321981426,0.8628537408775305,0.7916666666666666
DATES,0.20161290322580647,0.10716961587876683,0.6666666666666666
DATES,0.2159827213822894,0.2077306352218524,0.6865079365079365
DATES,0.2159827213822894,0.2077306352218524,0.6884920634920635
DATES,0.075642965204236,-0.774377056186768,0.2222222222222222
DATES,0.06988120195667365,-0.8146982891403663,0.1746031746031746
DATES,0.0639386189258312,-0.8562849119218686,0.16071428571428573
DATES,0.1020408163265306,-0.5896429984264517,0.3630952380952381
DATES,0.05042864346949068,-0.9508286903048085,0.07539682539682539
DATES,0.04566210045662101,-0.984185300590137,0.05952380952380952
DATES,0.05042864346949068,-0.9508286903048085,0.07738095238095238
DATES,0.04681647940074907,-0.9761068738441909,0.061507936507936505
DATES,0.04681647940074907,-0.9761068738441909,0.06349206349206349
DATES,0.049212598425196846,-0.9593386608479032,0.06944444444444445
DATES,0.030921459492888062,-1.087341364566818,0.031746031746031744
DATES,0.03351206434316354,-1.0692121257955318,0.03571428571428571
DATES,0.02835270768358378,-1.10531767418814,0.025793650793650792
DATES,0.02467308166790032,-1.1310679612766046,0.01984126984126984
DATES,0.023408239700374533,-1.1399194161925406,0.017857142857142856
DATES,0.02881014116969173,-1.10211652180446,0.027777777777777776
DATES,0.027056277056277056,-1.114390188813577,0.023809523809523808
DATES,0.031210986267166042,-1.0853152354097575,0.03373015873015873
DATES,0.0265041081367612,-1.1182543065631139,0.021825396825396824
DATES,0.016719612104999164,-1.186726912409449,0.001984126984126984
DATES,0.01832172957127153,-1.1755151793338272,0.007936507936507936
DATES,0.02040816326530612,-1.1609141665180027,0.00992063492063492
DATES,0.07204610951008646,-0.799548110621474,0.19246031746031747
DATES,0.07204610951008646,-0.799548110621474,0.19444444444444445
DATES,0.08643042350907519,-0.6988856483315992,0.2698412698412698
DATES,0.151285930408472,-0.24502215383264556,0.5674603174603174
DATES,0.1510574018126888,-0.24662141335637394,0.5654761904761905
DATES,0.1440922190201729,-0.2953642627020576,0.5376984126984127
DATES,0.0968054211035818,-0.6262806701457792,0.3353174603174603
DATES,0.09363295880149813,-0.6484817891474915,0.32936507936507936
DATES,0.1079913606911447,-0.548000661659519,0.3869047619047619
DATES,0.1079913606911447,-0.548000661659519,0.3888888888888889
DATES,0.12239902080783353,-0.4471748215615147,0.4642857142857143
DATES,0.12804097311139565,-0.4076920341975486,0.4742063492063492
DATES,0.14224751066856328,-0.308273664213508,0.5317460317460317
DATES,0.14705882352941177,-0.27460375131714043,0.5615079365079365
DATES,0.151285930408472,-0.24502215383264556,0.5694444444444444
DATES,0.1620745542949757,-0.1695225891532892,0.5912698412698413
DATES,0.1620745542949757,-0.1695225891532892,0.5932539682539683
DATES,0.16,-0.18404046908145047,0.5853174603174603
DATES,0.1584786053882726,-0.19468729782432934,0.5813492063492064
DATES,0.09727626459143969,-0.6229856736068924,0.3392857142857143
DATES,0.09727626459143969,-0.6229856736068924,0.3412698412698413
DATES,0.13679890560875513,-0.3464033936815882,0.5178571428571429
DATES,0.1358695652173913,-0.3529069844754693,0.5099206349206349
DATES,0.12033694344163658,-0.46160538704612514,0.4623015873015873
DATES,0.1079913606911447,-0.548000661659519,0.39087301587301587
DATES,0.1079913606911447,-0.548000661659519,0.39285714285714285
DATES,0.1079913606911447,-0.548000661659519,0.3948412698412698
DATES,0.1079913606911447,-0.548000661659519,0.3968253968253968
DATES,0.1152073732718894,-0.49750248744394343,0.42658730158730157
DATES,0.1297016861219196,-0.3960702452955597,0.48214285714285715
DATES,0.1297016861219196,-0.3960702452955597,0.48412698412698413
DATES,0.08643042350907519,-0.6988856483315992,0.2718253968253968
DATES,0.08643042350907519,-0.6988856483315992,0.27380952380952384
DATES,0.08643042350907519,-0.6988856483315992,0.2757936507936508
DATES,0.08643042350907519,-0.6988856483315992,0.2777777777777778
DATES,0.11890606420927467,-0.4716187826643744,0.45436507936507936
DATES,0.11668611435239207,-0.4871541511754879,0.4523809523809524
DATES,0.10438413361169102,-0.5732442957933435,0.37103174603174605
DATES,0.1440922190201729,-0.2953642627020576,0.5396825396825397
DATES,0.13986013986013984,-0.3249806565658556,0.5297619047619048
DATES,0.1297016861219196,-0.3960702452955597,0.4861111111111111
DATES,0.1440922190201729,-0.2953642627020576,0.5416666666666666
DATES,0.1440922190201729,-0.2953642627020576,0.5436507936507936
DATES,0.07855459544383346,-0.7540012586884552,0.2400793650793651
DATES,0.08643042350907519,-0.6988856483315992,0.27976190476190477
DATES,0.08643042350907519,-0.6988856483315992,0.28174603174603174
DATES,0.1079913606911447,-0.548000661659519,0.39880952380952384
DATES,0.1079913606911447,-0.548000661659519,0.4007936507936508
DATES,0.08643042350907519,-0.6988856483315992,0.2837301587301587
DATES,0.08643042350907519,-0.6988856483315992,0.2857142857142857
DATES,0.05402485143165856,-0.9256621687450234,0.08134920634920635
DATES,0.09727626459143969,-0.6229856736068924,0.34325396825396826
DATES,0.09727626459143969,-0.6229856736068924,0.34523809523809523
DATES,0.1801801801801802,-0.04281811905953903,0.626984126984127
DATES,0.1801801801801802,-0.04281811905953903,0.628968253968254
DATES,0.13679890560875513,-0.3464033936815882,0.5198412698412699
DATES,0.13679890560875513,-0.3464033936815882,0.5218253968253969
DATES,0.06301197227473221,-0.8627696517279414,0.15873015873015872
DATES,0.10615711252653928,-0.560836862031177,0.375
DATES,0.1488095238095238,-0.2623522250406673,0.5634920634920635
DATES,0.06123698714023271,-0.8751911251592921,0.1388888888888889
DATES,0.06123698714023271,-0.8751911251592921,0.14087301587301587
DATES,0.06123698714023271,-0.8751911251592921,0.14285714285714285
DATES,0.057870370370370364,-0.8987509510685813,0.11507936507936507
DATES,0.05402485143165856,-0.9256621687450234,0.08333333333333333
DATES,0.05402485143165856,-0.9256621687450234,0.08531746031746032
DATES,0.05402485143165856,-0.9256621687450234,0.0873015873015873
DATES,0.07204610951008646,-0.799548110621474,0.19642857142857142
DATES,0.07763975155279502,-0.7604034019320783,0.23412698412698413
DATES,0.08643042350907519,-0.6988856483315992,0.2876984126984127
DATES,0.07204610951008646,-0.799548110621474,0.1984126984126984
DATES,0.07204610951008646,-0.799548110621474,0.2003968253968254
DATES,0.07204610951008646,-0.799548110621474,0.20238095238095238
DATES,0.1297016861219196,-0.3960702452955597,0.4880952380952381
DATES,0.1297016861219196,-0.3960702452955597,0.49007936507936506
DATES,0.1440922190201729,-0.2953642627020576,0.5456349206349206
DATES,0.136986301369863,-0.3450919846886303,0.5257936507936508
DATES,0.12610340479192939,-0.42125127643225235,0.4722222222222222
DATES,0.1440922190201729,-0.2953642627020576,0.5476190476190477
DATES,0.1440922190201729,-0.2953642627020576,0.5496031746031746
DATES,0.1620745542949757,-0.1695225891532892,0.5952380952380952
DATES,0.1620745542949757,-0.1695225891532892,0.5972222222222222
DATES,0.13679890560875513,-0.3464033936815882,0.5238095238095238
DATES,0.151285930408472,-0.24502215383264556,0.5714285714285714
DATES,0.151285930408472,-0.24502215383264556,0.5734126984126984
DATES,0.1440922190201729,-0.2953642627020576,0.5515873015873016
DATES,0.1440922190201729,-0.2953642627020576,0.5535714285714286
DATES,0.1620745542949757,-0.1695225891532892,0.5992063492063492
DATES,0.1620745542949757,-0.1695225891532892,0.6011904761904762
DATES,0.1079913606911447,-0.548000661659519,0.4027777777777778
DATES,0.1079913606911447,-0.548000661659519,0.40476190476190477
DATES,0.10080645161290323,-0.5982811713310617,0.35714285714285715
DATES,0.044228217602830605,-0.9942197157668302,0.057539682539682536
DATES,0.08305647840531562,-0.7224967584477425,0.2619047619047619
DATES,0.08643042350907519,-0.6988856483315992,0.2896825396825397
DATES,0.08643042350907519,-0.6988856483315992,0.2916666666666667
DATES,0.0823045267489712,-0.7277589701358287,0.25992063492063494
DATES,0.08643042350907519,-0.6988856483315992,0.29365079365079366
DATES,0.08643042350907519,-0.6988856483315992,0.29563492063492064
DATES,0.075642965204236,-0.774377056186768,0.22420634920634921
DATES,0.075642965204236,-0.774377056186768,0.2261904761904762
DATES,0.043215211754537596,-1.0013088034362447,0.051587301587301584
DATES,0.043215211754537596,-1.0013088034362447,0.05357142857142857
DATES,0.043215211754537596,-1.0013088034362447,0.05555555555555555
DATES,0.1297016861219196,-0.3960702452955597,0.49206349206349204
DATES,0.1297016861219196,-0.3960702452955597,0.49404761904761907
DATES,0.1297016861219196,-0.3960702452955597,0.49603174603174605
DATES,0.1297016861219196,-0.3960702452955597,0.498015873015873
DATES,0.1152073732718894,-0.49750248744394343,0.42857142857142855
DATES,0.1152073732718894,-0.49750248744394343,0.4305555555555556
DATES,0.1152073732718894,-0.49750248744394343,0.43253968253968256
DATES,0.1152073732718894,-0.49750248744394343,0.43452380952380953
DATES,0.1152073732718894,-0.49750248744394343,0.4365079365079365
DATES,0.1440922190201729,-0.2953642627020576,0.5555555555555556
DATES,0.1440922190201729,-0.2953642627020576,0.5575396825396826
DATES,0.12239902080783353,-0.4471748215615147,0.4662698412698413
DATES,0.12239902080783353,-0.4471748215615147,0.46825396825396826
DATES,0.1297016861219196,-0.3960702452955597,0.5
DATES,0.1297016861219196,-0.3960702452955597,0.501984126984127
DATES,0.18726591760299627,0.006768380245907324,0.6468253968253969
DATES,0.18726591760299627,0.006768380245907324,0.6488095238095238
DATES,0.151285930408472,-0.24502215383264556,0.5753968253968254
DATES,0.13020833333333334,-0.3925246917281951,0.5079365079365079
DATES,0.18726591760299627,0.006768380245907324,0.6507936507936508
DATES,0.18726591760299627,0.006768380245907324,0.6527777777777778
DATES,0.4329004329004329,1.7257363570961222,0.9166666666666666
DATES,0.4329004329004329,1.7257363570961222,0.9186507936507936
DATES,0.2695417789757412,0.5825407662897023,0.748015873015873
DATES,0.23923444976076558,0.3704479001006168,0.7202380952380952
DATES,0.29154518950437314,0.7365222132146485,0.7658730158730159
DATES,0.29154518950437314,0.7365222132146485,0.7678571428571429
DATES,0.3236245954692557,0.9610161997508572,0.8075396825396826
DATES,0.3236245954692557,0.9610161997508572,0.8095238095238095
DATES,0.3236245954692557,0.9610161997508572,0.8115079365079365
DATES,0.3236245954692557,0.9610161997508572,0.8134920634920635
DATES,0.3597122302158274,1.213560059128714,0.8531746031746031
DATES,0.23752969121140144,0.3585178773549528,0.7162698412698413
DATES,0.23752969121140144,0.3585178773549528,0.7182539682539683
DATES,0.24509803921568626,0.41148172016535933,0.7242063492063492
DATES,0.24509803921568626,0.41148172016535933,0.7261904761904762
DATES,0.2159827213822894,0.2077306352218524,0.6904761904761905
DATES,0.2159827213822894,0.2077306352218524,0.6924603174603174
DATES,0.1152073732718894,-0.49750248744394343,0.4384920634920635
DATES,0.1152073732718894,-0.49750248744394343,0.44047619047619047
DATES,0.16556291390728478,-0.14511079809031094,0.6111111111111112
DATES,0.17271157167530224,-0.09508397769089055,0.6150793650793651
DATES,0.2159827213822894,0.2077306352218524,0.6944444444444444
DATES,0.2159827213822894,0.2077306352218524,0.6964285714285714
DATES,0.1801801801801802,-0.04281811905953903,0.6309523809523809
DATES,0.1801801801801802,-0.04281811905953903,0.6329365079365079
DATES,0.1801801801801802,-0.04281811905953903,0.6349206349206349
DATES,0.1801801801801802,-0.04281811905953903,0.6369047619047619
DATES,0.1801801801801802,-0.04281811905953903,0.6388888888888888
DATES,0.684931506849315,3.48946791072041,0.9940476190476191
DATES,0.684931506849315,3.48946791072041,0.996031746031746
DATES,0.4329004329004329,1.7257363570961222,0.9206349206349206
DATES,0.4329004329004329,1.7257363570961222,0.9226190476190477
DATES,0.4016064257028112,1.5067386475320004,0.9067460317460317
DATES,0.19455252918287938,0.057760611327105596,0.6547619047619048
DATES,0.19455252918287938,0.057760611327105596,0.6567460317460317
DATES,0.1801801801801802,-0.04281811905953903,0.6408730158730159
DATES,0.1358695652173913,-0.3529069844754693,0.5119047619047619
DATES,0.1297016861219196,-0.3960702452955597,0.503968253968254
DATES,0.2590673575129534,0.5092400127341097,0.7380952380952381
DATES,0.2590673575129534,0.5092400127341097,0.7400793650793651
DATES,0.38910505836575876,1.4192531811951015,0.8888888888888888
DATES,0.40322580645161293,1.518071190298424,0.9087301587301587
DATES,0.4329004329004329,1.7257363570961222,0.9246031746031746
DATES,0.4424778761061947,1.792759992397826,0.9424603174603174
DATES,0.3968253968253968,1.473280664126371,0.8928571428571429
DATES,0.3968253968253968,1.473280664126371,0.8948412698412699
DATES,0.47619047619047616,2.0286831886598233,0.9543650793650794
DATES,0.47619047619047616,2.0286831886598233,0.9563492063492064
DATES,0.19762845849802374,0.07928618555426775,0.6626984126984127
DATES,0.17857142857142858,-0.05407627834062263,0.623015873015873
DATES,0.17271157167530224,-0.09508397769089055,0.6170634920634921
DATES,0.17271157167530224,-0.09508397769089055,0.6190476190476191
DATES,0.20366598778004072,0.12153724901949634,0.6706349206349206
DATES,0.20161290322580647,0.10716961587876683,0.6686507936507936
DATES,0.2159827213822894,0.2077306352218524,0.6984126984126984
DATES,0.3597122302158274,1.213560059128714,0.8551587301587301
DATES,0.3663003663003663,1.2596643085365817,0.8670634920634921
DATES,0.3968253968253968,1.473280664126371,0.8968253968253969
DATES,0.2590673575129534,0.5092400127341097,0.7420634920634921
DATES,0.2590673575129534,0.5092400127341097,0.7440476190476191
DATES,0.26595744680851063,0.5574573523956785,0.746031746031746
DATES,0.3021148036253776,0.8104891318281425,0.7757936507936508
DATES,0.3236245954692557,0.9610161997508572,0.8154761904761905
DATES,0.5847953216374269,2.788707695916126,0.9920634920634921
DATES,0.5813953488372093,2.7649144421111442,0.9900793650793651
DATES,0.5681818181818182,2.672445205732689,0.9841269841269841
DATES,0.5102040816326531,2.266712842031303,0.9682539682539683
DATES,0.5263157894736842,2.3794637304704245,0.9761904761904762
DATES,0.4716981132075471,1.9972453099126468,0.9523809523809523
DATES,0.4424778761061947,1.792759992397826,0.9444444444444444
DATES,0.4329004329004329,1.7257363570961222,0.9265873015873016
DATES,0.4329004329004329,1.7257363570961222,0.9285714285714286
DATES,0.3968253968253968,1.473280664126371,0.8988095238095238
DATES,0.4347826086956522,1.7389079584684575,0.9384920634920635
DATES,0.45454545454545453,1.8772097728779729,0.9503968253968254
DATES,0.5128205128205129,2.285022815367571,0.9702380952380952
DATES,0.5050505050505051,2.2306477430356244,0.9603174603174603
DATES,0.8064516129032259,4.339874339137738,0.998015873015873
DATES,0.8064516129032259,4.339874339137738,1.0
DATES,0.5050505050505051,2.2306477430356244,0.9623015873015873
DATES,0.2518891687657431,0.4590065324217039,0.7321428571428571
DATES,0.19455252918287938,0.057760611327105596,0.6587301587301587
DATES,0.18281535648994515,-0.02437696601410809,0.6428571428571429
DATES,0.37453183520599254,1.317268719032705,0.876984126984127
DATES,0.37037037037037035,1.288146489281887,0.8690476190476191
DATES,0.3472222222222222,1.1261540862929633,0.8313492063492064
DATES,0.35714285714285715,1.195579401859645,0.8452380952380952
DATES,0.36363636363636365,1.2410214265942003,0.8650793650793651
DATES,0.35335689045936397,1.1690849351416182,0.8432539682539683
DATES,0.08643042350907519,-0.6988856483315992,0.2976190476190476
DATES,0.08643042350907519,-0.6988856483315992,0.2996031746031746
DATES,0.1152073732718894,-0.49750248744394343,0.44246031746031744
DATES,0.11904761904761904,-0.4706281717407119,0.4603174603174603
DATES,0.1440922190201729,-0.2953642627020576,0.5595238095238095
DATES,0.234192037470726,0.3351607368037231,0.7123015873015873
DATES,0.5747126436781609,2.718148391528936,0.9861111111111112
DATES,0.5747126436781609,2.718148391528936,0.9880952380952381
DATES,0.4347826086956522,1.7389079584684575,0.9404761904761905
DATES,0.4329004329004329,1.7257363570961222,0.9305555555555556
DATES,0.4329004329004329,1.7257363570961222,0.9325396825396826
DATES,0.1079913606911447,-0.548000661659519,0.40674603174603174
DATES,0.1079913606911447,-0.548000661659519,0.4087301587301587
DATES,0.3021148036253776,0.8104891318281425,0.7777777777777778
DATES,0.3496503496503497,1.143146296396697,0.8373015873015873
DATES,0.37593984962406013,1.3271221050386204,0.878968253968254
DATES,0.3597122302158274,1.213560059128714,0.8571428571428571
DATES,0.2881844380403458,0.7130034331367752,0.7559523809523809
DATES,0.5617977528089888,2.6277690578195023,0.9821428571428571
DATES,0.5076142131979695,2.24858875674921,0.9642857142857143
DATES,0.5181347150259068,2.3222119840091096,0.9722222222222222
DATES,0.5181347150259068,2.3222119840091096,0.9742063492063492
DATES,0.5376344086021505,2.458672239911528,0.9781746031746031
DATES,0.5405405405405405,2.4790095599031625,0.9801587301587301
DATES,0.3460207612456747,1.1177461761032268,0.8234126984126984
DATES,0.3021148036253776,0.8104891318281425,0.7797619047619048
DATES,0.3021148036253776,0.8104891318281425,0.7817460317460317
DATES,0.3460207612456747,1.1177461761032268,0.8253968253968254
DATES,0.3508771929824561,1.1517318341333198,0.8412698412698413
DATES,0.3472222222222222,1.1261540862929633,0.8333333333333334
DATES,0.3496503496503497,1.143146296396697,0.8392857142857143
DATES,0.40322580645161293,1.518071190298424,0.9107142857142857
DATES,0.39370078740157477,1.4514144230030066,0.8908730158730159
DATES,0.3787878787878788,1.3470528176414955,0.8829365079365079
DATES,0.38167938931297707,1.367287815932964,0.8849206349206349
DATES,0.3717472118959108,1.2977817251473995,0.873015873015873
DATES,0.3597122302158274,1.213560059128714,0.8591269841269841
DATES,0.3968253968253968,1.473280664126371,0.9007936507936508
DATES,0.24813895781637715,0.43276228689868745,0.7301587301587301
DATES,0.2518891687657431,0.4590065324217039,0.7341269841269841
DATES,0.2298850574712644,0.30502018148704063,0.7083333333333334
DATES,0.23696682464454977,0.3545788967011711,0.7142857142857143
DATES,0.19455252918287938,0.057760611327105596,0.6607142857142857
DATES,0.3460207612456747,1.1177461761032268,0.8273809523809523
DATES,0.3472222222222222,1.1261540862929633,0.8353174603174603
DATES,0.3597122302158274,1.213560059128714,0.8611111111111112
DATES,0.3021148036253776,0.8104891318281425,0.7837301587301587
DATES,0.3597122302158274,1.213560059128714,0.8630952380952381
DATES,0.4926108374384237,2.1435940558046758,0.9583333333333334
DATES,0.5076142131979695,2.24858875674921,0.9662698412698413
DATES,0.4504504504504504,1.848552640162487,0.9484126984126984
DATES,0.42016806722689076,1.6366343478126808,0.9126984126984127
DATES,0.37735849056603776,1.3370498562219397,0.8809523809523809
DATES,0.3105590062111801,0.8695822678943577,0.7956349206349206
DATES,0.30959752321981426,0.8628537408775305,0.7936507936507936
DATES,0.2881844380403458,0.7130034331367752,0.7579365079365079
DATES,0.32573289902280134,0.9757702594139955,0.8194444444444444
DATES,0.3717472118959108,1.2977817251473995,0.875
DATES,0.3236245954692557,0.9610161997508572,0.8174603174603174
DATES,0.3333333333333333,1.0289586444996093,0.8214285714285714
DATES,0.3460207612456747,1.1177461761032268,0.8293650793650794
DATES,0.3968253968253968,1.473280664126371,0.9027777777777778
DATES,0.3968253968253968,1.473280664126371,0.9047619047619048
DATES,0.4329004329004329,1.7257363570961222,0.9345238095238095
DATES,0.4329004329004329,1.7257363570961222,0.9365079365079365
DATES,0.24154589371980678,0.3866235509087472,0.7222222222222222
DATES,0.25380710659898476,0.47242839910416007,0.7361111111111112
DATES,0.2770083102493075,0.6347920883071705,0.75
DATES,0.3846153846153846,1.3878341218904553,0.8869047619047619
DATES,0.37037037037037035,1.288146489281887,0.871031746031746
DATES,0.3021148036253776,0.8104891318281425,0.7857142857142857
DATES,0.3021148036253776,0.8104891318281425,0.7876984126984127
DATES,0.2881844380403458,0.7130034331367752,0.7599206349206349
DATES,0.2881844380403458,0.7130034331367752,0.7619047619047619
DATES,0.2881844380403458,0.7130034331367752,0.7638888888888888
DATES,0.3184713375796178,0.9249533309882494,0.8035714285714286
DATES,0.3164556962025316,0.9108477278899636,0.8015873015873016
DATES,0.10976948408342481,-0.5355572264748641,0.41865079365079366
DATES,0.09182736455463728,-0.6611174673451604,0.32142857142857145
DATES,0.07315288953913679,-0.7918027845012782,0.21428571428571427
DATES,0.021607605877268798,-1.1525203809885676,0.011904761904761904
DATES,0.021607605877268798,-1.1525203809885676,0.013888888888888888
DATES,0.0778816199376947,-0.7587107896061942,0.2361111111111111
DATES,0.03961965134706815,-1.02647079336175,0.041666666666666664
DATES,0.018008283810552854,-1.1777086952756013,0.003968253968253968
DATES,0.018008283810552854,-1.1777086952756013,0.005952380952380952
DATES,0.07204610951008646,-0.799548110621474,0.20436507936507936
DATES,0.08779631255487269,-0.6893270587058158,0.3134920634920635
DATES,0.08710801393728222,-0.694143821857833,0.3115079365079365
DATES,0.0846740050804403,-0.7111771906220504,0.26785714285714285
DATES,0.08375209380234507,-0.7176287919477999,0.2638888888888889
DATES,0.08643042350907519,-0.6988856483315992,0.30158730158730157
DATES,0.08643042350907519,-0.6988856483315992,0.30357142857142855
DATES,0.1288659793814433,-0.4019185810767795,0.4801587301587302
DATES,0.09891196834817013,-0.6115389012588429,0.3472222222222222
DATES,0.11534025374855825,-0.49657258032618457,0.44642857142857145
DATES,0.151285930408472,-0.24502215383264556,0.5773809523809523
DATES,0.151285930408472,-0.24502215383264556,0.5793650793650794
DATES,0.2159827213822894,0.2077306352218524,0.7003968253968254
DATES,0.2232142857142857,0.2583376417094442,0.7063492063492064
DATES,0.21691973969631234,0.21428795666984682,0.7023809523809523
DATES,0.2061855670103093,0.1391694454016869,0.6805555555555556
DATES,0.186219739292365,-0.0005528506970357873,0.6448412698412699
DATES,0.1297016861219196,-0.3960702452955597,0.5059523809523809
DATES,0.13869625520110956,-0.33312560498728444,0.5277777777777778
DATES,0.13661202185792348,-0.347711219589866,0.5138888888888888
DATES,0.12820512820512822,-0.406543265063775,0.47619047619047616
DATES,0.08968609865470852,-0.6761021998752851,0.31547619047619047
DATES,0.10373443983402489,-0.5777908995033905,0.36706349206349204
DATES,0.0791139240506329,-0.7500870369331769,0.24206349206349206
DATES,0.09000900090009001,-0.6738425067747789,0.31746031746031744
DATES,0.062421972534332085,-0.8668985122786245,0.15476190476190477
DATES,0.062421972534332085,-0.8668985122786245,0.15674603174603174
DATES,0.060350030175015085,-0.8813981136934855,0.13293650793650794
DATES,0.05865102639296187,-0.8932878641642629,0.11706349206349206
DATES,0.11890606420927467,-0.4716187826643744,0.45634920634920634
DATES,0.16556291390728478,-0.14511079809031094,0.6130952380952381
DATES,0.16420361247947454,-0.1546232870923684,0.6071428571428571
DATES,0.1584786053882726,-0.19468729782432934,0.5833333333333334
DATES,0.16025641025641024,-0.18224609169449638,0.5873015873015873
DATES,0.16025641025641024,-0.18224609169449638,0.5892857142857143
DATES,0.24570024570024568,0.41569600438822474,0.7281746031746031
DATES,0.3003003003003003,0.7977911072613617,0.7738095238095238
DATES,0.2298850574712644,0.30502018148704063,0.7103174603174603
DATES,0.14245014245014245,-0.3068556324552067,0.5337301587301587
DATES,0.1079913606911447,-0.548000661659519,0.4107142857142857
DATES,0.1620745542949757,-0.1695225891532892,0.6031746031746031
DATES,0.1620745542949757,-0.1695225891532892,0.6051587301587301
DATES,0.10080645161290323,-0.5982811713310617,0.35912698412698413
DATES,0.10080645161290323,-0.5982811713310617,0.3611111111111111
DATES,0.10604453870625663,-0.5616246617093422,0.373015873015873
DATES,0.1023541453428864,-0.5874502994701125,0.36507936507936506
DATES,0.11441647597254004,-0.5030372435384306,0.4246031746031746
DATES,0.11890606420927467,-0.4716187826643744,0.4583333333333333
DATES,0.07849293563579278,-0.7544327584528606,0.23809523809523808
DATES,0.07204610951008646,-0.799548110621474,0.20634920634920634
DATES,0.07267441860465117,-0.795151158459386,0.21031746031746032
DATES,0.07204610951008646,-0.799548110621474,0.20833333333333334
DATES,0.2053388090349076,0.1332437722848794,0.6726190476190477
DATES,0.2053388090349076,0.1332437722848794,0.6746031746031746
DATES,0.2008032128514056,0.10150334449555505,0.6646825396825397
DATES,0.2053388090349076,0.1332437722848794,0.6765873015873016
DATES,0.20964360587002098,0.16336904966068191,0.6825396825396826
DATES,0.2178649237472767,0.22090242253133177,0.7043650793650794
DATES,0.2053388090349076,0.1332437722848794,0.6785714285714286
DATES,0.1079913606911447,-0.548000661659519,0.4126984126984127
DATES,0.07680491551459294,-0.7662456444762591,0.23015873015873015
DATES,0.0792393026941363,-0.7492096281826098,0.25
DATES,0.0792393026941363,-0.7492096281826098,0.251984126984127
DATES,0.09900990099009901,-0.6108535615981676,0.3492063492063492
DATES,0.11655011655011654,-0.4881058735616947,0.4503968253968254
DATES,0.11098779134295228,-0.5270314247871168,0.42063492063492064
DATES,0.1152073732718894,-0.49750248744394343,0.4444444444444444
DATES,0.11534025374855825,-0.49657258032618457,0.44841269841269843
DATES,0.12594458438287154,-0.4223627130595932,0.47023809523809523
DATES,0.09606147934678194,-0.6314868279816686,0.33134920634920634
DATES,0.09606147934678194,-0.6314868279816686,0.3333333333333333
DATES,0.07017543859649122,-0.8126392000060484,0.1765873015873016
DATES,0.07680491551459294,-0.7662456444762591,0.23214285714285715
DATES,0.08643042350907519,-0.6988856483315992,0.3055555555555556
DATES,0.0792393026941363,-0.7492096281826098,0.25396825396825395
DATES,0.0998003992015968,-0.605321598349124,0.35119047619047616
DATES,0.09000900090009001,-0.6738425067747789,0.3194444444444444
DATES,0.08643042350907519,-0.6988856483315992,0.30753968253968256
DATES,0.08643042350907519,-0.6988856483315992,0.30952380952380953
DATES,0.05763688760806916,-0.9003848802053573,0.10912698412698413
DATES,0.060496067755595885,-0.8803761322177507,0.1349206349206349
DATES,0.1079913606911447,-0.548000661659519,0.4146825396825397
DATES,0.1079913606911447,-0.548000661659519,0.4166666666666667
DATES,0.07189072609633357,-0.8006354949088631,0.17857142857142858
DATES,0.06747638326585695,-0.8315273830266192,0.16666666666666666
DATES,0.05125576627370579,-0.9450404255259494,0.07936507936507936
DATES,0.04928536224741252,-0.9588294543949318,0.07142857142857142
DATES,0.049309664694280074,-0.9586593841266152,0.07341269841269842
DATES,0.048007681228996645,-0.9677707579109576,0.06547619047619048
DATES,0.06180469715698393,-0.8712182496953095,0.14682539682539683
DATES,0.06180469715698393,-0.8712182496953095,0.1488095238095238
DATES,0.0578368999421631,-0.898985179528658,0.1130952380952381
DATES,0.05521811154058531,-0.9173116488157937,0.09523809523809523
DATES,0.040160642570281124,-1.0226848979336012,0.047619047619047616
DATES,0.0351123595505618,-1.0580131450183659,0.037698412698412696
DATES,0.030911901081916538,-1.0874082550131778,0.02976190476190476
DATES,0.036010082823190494,-1.0517308130917906,0.03968253968253968
DATES,0.06784260515603799,-0.82896453594106,0.16865079365079366
DATES,0.06784260515603799,-0.82896453594106,0.17063492063492064
DATES,0.05595970900951315,-0.9121218964747739,0.10317460317460317
DATES,0.06024096385542168,-0.8821613676299567,0.13095238095238096
DATES,0.05583472920156337,-0.9129965141454968,0.10119047619047619
DATES,0.055279159756771695,-0.9168844290151027,0.09722222222222222
DATES,0.04111842105263158,-1.0159822953368813,0.0496031746031746
DATES,0.039968025579536375,-1.0240328454664898,0.04563492063492063
DATES,0.03961965134706815,-1.02647079336175,0.04365079365079365
DATES,0.02281021897810219,-1.1441044081503453,0.015873015873015872
DATES,0.058823529411764705,-0.8920806756513905,0.11904761904761904
DATES,0.06410256410256411,-0.8551376118023326,0.1626984126984127
DATES,0.06180469715698393,-0.8712182496953095,0.15079365079365079
DATES,0.05402485143165856,-0.9256621687450234,0.08928571428571429
DATES,0.05402485143165856,-0.9256621687450234,0.09126984126984126
DATES,0.060024009603841535,-0.8836796290618086,0.12698412698412698
DATES,0.060024009603841535,-0.8836796290618086,0.12896825396825398
DATES,0.05941770647653001,-0.8879225818848296,0.12301587301587301
DATES,0.05970149253731343,-0.8859366266530396,0.125
DATES,0.06060606060606061,-0.8796063943517086,0.13690476190476192
DATES,0.0617283950617284,-0.8717522172370942,0.14484126984126985
DATES,0.06180469715698393,-0.8712182496953095,0.1527777777777778
DATES,0.05552470849528039,-0.9151660613103797,0.0992063492063492
DATES,0.0670690811535882,-0.8343777124562828,0.16468253968253968
DATES,0.05763688760806916,-0.9003848802053573,0.1111111111111111
DATES,0.054764512595837894,-0.9204859668036779,0.09325396825396826
DATES,0.058823529411764705,-0.8920806756513905,0.12103174603174603
DATES,0.08103727714748785,-0.7366272738470898,0.25595238095238093
DATES,0.08103727714748785,-0.7366272738470898,0.25793650793650796
DATES,0.048828125,-0.9620292334861297,0.06746031746031746
CUSCUTA,0.17271157167530224,-1.173990455258099,0.06666666666666667
CUSCUTA,0.17271157167530224,-1.173990455258099,0.0696969696969697
CUSCUTA,0.05042864346949068,-1.6767309439541083,0.0030303030303030303
CUSCUTA,0.05042864346949068,-1.6767309439541083,0.006060606060606061
CUSCUTA,0.0792393026941363,-1.5582819902794434,0.015151515151515152
CUSCUTA,0.0792393026941363,-1.5582819902794434,0.01818181818181818
CUSCUTA,0.2881844380403458,-0.6992481006279953,0.2878787878787879
CUSCUTA,0.3597122302158274,-0.40517665728534935,0.4636363636363636
CUSCUTA,0.3597122302158274,-0.40517665728534935,0.4666666666666667
CUSCUTA,0.2159827213822894,-0.9960902424539458,0.08787878787878788
CUSCUTA,0.2159827213822894,-0.9960902424539458,0.09090909090909091
CUSCUTA,0.1297016861219196,-1.3508165355550494,0.021212121212121213
CUSCUTA,0.1297016861219196,-1.3508165355550494,0.024242424242424242
CUSCUTA,0.3597122302158274,-0.40517665728534935,0.4696969696969697
CUSCUTA,0.38910505836575876,-0.2843342387640694,0.48484848484848486
CUSCUTA,0.37037037037037035,-0.3613579601989736,0.4818181818181818
CUSCUTA,0.3236245954692557,-0.55354336222587,0.33636363636363636
CUSCUTA,0.8620689655172414,1.660157190298795,0.8939393939393939
CUSCUTA,0.9174311926605504,1.8877673198377425,0.9727272727272728
CUSCUTA,0.8620689655172414,1.660157190298795,0.896969696969697
CUSCUTA,1.282051282051282,3.3868259751894954,1.0
CUSCUTA,1.1764705882352942,2.9527532032603165,0.9939393939393939
CUSCUTA,1.1764705882352942,2.9527532032603165,0.996969696969697
CUSCUTA,0.8620689655172414,1.660157190298795,0.9
CUSCUTA,0.6711409395973155,0.8751968490220967,0.8333333333333334
CUSCUTA,0.8620689655172414,1.660157190298795,0.9030303030303031
CUSCUTA,0.4329004329004329,-0.10427878605909878,0.48787878787878786
CUSCUTA,0.4329004329004329,-0.10427878605909878,0.4909090909090909
CUSCUTA,0.6493506493506493,0.7856106628866214,0.7090909090909091
CUSCUTA,0.6493506493506493,0.7856106628866214,0.7121212121212122
CUSCUTA,0.24330900243309,-0.8837439968144742,0.22121212121212122
CUSCUTA,0.1584786053882726,-1.2325062966083478,0.06060606060606061
CUSCUTA,0.2079002079002079,-1.029319793279182,0.08484848484848485
CUSCUTA,0.2159827213822894,-0.9960902424539458,0.09393939393939393
CUSCUTA,0.2159827213822894,-0.9960902424539458,0.09696969696969697
CUSCUTA,0.2159827213822894,-0.9960902424539458,0.1
CUSCUTA,0.1440922190201729,-1.2916528922892674,0.03939393939393939
CUSCUTA,0.1440922190201729,-1.2916528922892674,0.04242424242424243
CUSCUTA,0.2159827213822894,-0.9960902424539458,0.10303030303030303
CUSCUTA,0.2159827213822894,-0.9960902424539458,0.10606060606060606
CUSCUTA,0.05763688760806916,-1.6470957672860305,0.00909090909090909
CUSCUTA,0.05763688760806916,-1.6470957672860305,0.012121212121212121
CUSCUTA,0.2881844380403458,-0.6992481006279953,0.2909090909090909
CUSCUTA,0.2881844380403458,-0.6992481006279953,0.29393939393939394
CUSCUTA,0.2881844380403458,-0.6992481006279953,0.296969696969697
CUSCUTA,0.273972602739726,-0.7576770663808879,0.2787878787878788
CUSCUTA,0.27027027027027023,-0.7728984260777753,0.25757575757575757
CUSCUTA,0.26666666666666666,-0.7877138828494119,0.2515151515151515
CUSCUTA,0.4329004329004329,-0.10427878605909878,0.49393939393939396
CUSCUTA,0.4329004329004329,-0.10427878605909878,0.49696969696969695
CUSCUTA,0.2159827213822894,-0.9960902424539458,0.10909090909090909
CUSCUTA,0.2159827213822894,-0.9960902424539458,0.11212121212121212
CUSCUTA,0.3236245954692557,-0.55354336222587,0.3393939393939394
CUSCUTA,0.3236245954692557,-0.55354336222587,0.3424242424242424
CUSCUTA,0.16155088852988692,-1.2198752519425864,0.06363636363636363
CUSCUTA,0.1440922190201729,-1.2916528922892674,0.045454545454545456
CUSCUTA,0.2159827213822894,-0.9960902424539458,0.11515151515151516
CUSCUTA,0.23696682464454977,-0.9098185242042768,0.20303030303030303
CUSCUTA,0.3236245954692557,-0.55354336222587,0.34545454545454546
CUSCUTA,0.35335689045936397,-0.4313052973324376,0.46060606060606063
CUSCUTA,0.4329004329004329,-0.10427878605909878,0.5
CUSCUTA,0.1440922190201729,-1.2916528922892674,0.048484848484848485
CUSCUTA,0.1440922190201729,-1.2916528922892674,0.051515151515151514
CUSCUTA,0.1440922190201729,-1.2916528922892674,0.05454545454545454
CUSCUTA,0.1440922190201729,-1.2916528922892674,0.05757575757575758
CUSCUTA,0.3236245954692557,-0.55354336222587,0.3484848484848485
CUSCUTA,0.3236245954692557,-0.55354336222587,0.3515151515151515
CUSCUTA,0.2710027100271003,-0.7698871543762227,0.2727272727272727
CUSCUTA,0.2710027100271003,-0.7698871543762227,0.27575757575757576
CUSCUTA,0.23980815347721823,-0.8981369995070794,0.21515151515151515
CUSCUTA,0.23980815347721823,-0.8981369995070794,0.21818181818181817
CUSCUTA,0.1297016861219196,-1.3508165355550494,0.02727272727272727
CUSCUTA,0.1297016861219196,-1.3508165355550494,0.030303030303030304
CUSCUTA,0.27027027027027023,-0.7728984260777753,0.2606060606060606
CUSCUTA,0.27027027027027023,-0.7728984260777753,0.2636363636363636
CUSCUTA,0.27027027027027023,-0.7728984260777753,0.26666666666666666
CUSCUTA,0.2159827213822894,-0.9960902424539458,0.11818181818181818
CUSCUTA,0.2159827213822894,-0.9960902424539458,0.12121212121212122
CUSCUTA,0.2159827213822894,-0.9960902424539458,0.12424242424242424
CUSCUTA,0.3236245954692557,-0.55354336222587,0.35454545454545455
CUSCUTA,0.3236245954692557,-0.55354336222587,0.3575757575757576
CUSCUTA,0.3236245954692557,-0.55354336222587,0.3606060606060606
CUSCUTA,0.2159827213822894,-0.9960902424539458,0.12727272727272726
CUSCUTA,0.2159827213822894,-0.9960902424539458,0.1303030303030303
CUSCUTA,0.1297016861219196,-1.3508165355550494,0.03333333333333333
CUSCUTA,0.1297016861219196,-1.3508165355550494,0.03636363636363636
CUSCUTA,0.3236245954692557,-0.55354336222587,0.36363636363636365
CUSCUTA,0.3236245954692557,-0.55354336222587,0.36666666666666664
CUSCUTA,0.3597122302158274,-0.40517665728534935,0.4727272727272727
CUSCUTA,0.4329004329004329,-0.10427878605909878,0.503030303030303
CUSCUTA,0.4854368932038835,0.11171379863646441,0.5969696969696969
CUSCUTA,0.5319148936170213,0.3027983022884115,0.6333333333333333
CUSCUTA,0.5405405405405405,0.3382608317949888,0.6424242424242425
CUSCUTA,0.5405405405405405,0.3382608317949888,0.6454545454545455
CUSCUTA,0.5405405405405405,0.3382608317949888,0.6484848484848484
CUSCUTA,0.6493506493506493,0.7856106628866214,0.7151515151515152
CUSCUTA,0.6493506493506493,0.7856106628866214,0.7181818181818181
CUSCUTA,0.6493506493506493,0.7856106628866214,0.7212121212121212
CUSCUTA,0.6493506493506493,0.7856106628866214,0.7242424242424242
CUSCUTA,0.47619047619047616,0.07369910373004517,0.5818181818181818
CUSCUTA,0.47619047619047616,0.07369910373004517,0.5848484848484848
CUSCUTA,0.3460207612456747,-0.4614662465355817,0.4575757575757576
CUSCUTA,0.3448275862068966,-0.4663717342508055,0.45454545454545453
CUSCUTA,0.3236245954692557,-0.55354336222587,0.3696969696969697
CUSCUTA,0.2881844380403458,-0.6992481006279953,0.3
CUSCUTA,0.29154518950437314,-0.6854310792481407,0.31212121212121213
CUSCUTA,0.3225806451612903,-0.557835343908853,0.3333333333333333
CUSCUTA,0.3236245954692557,-0.55354336222587,0.37272727272727274
CUSCUTA,0.3236245954692557,-0.55354336222587,0.37575757575757573
CUSCUTA,0.3236245954692557,-0.55354336222587,0.3787878787878788
CUSCUTA,0.28901734104046245,-0.6958237954738838,0.3090909090909091
CUSCUTA,0.2518891687657431,-0.8484684511723962,0.22424242424242424
CUSCUTA,0.2159827213822894,-0.9960902424539458,0.13333333333333333
CUSCUTA,0.2159827213822894,-0.9960902424539458,0.13636363636363635
CUSCUTA,0.2159827213822894,-0.9960902424539458,0.1393939393939394
CUSCUTA,0.2159827213822894,-0.9960902424539458,0.14242424242424243
CUSCUTA,0.3236245954692557,-0.55354336222587,0.38181818181818183
CUSCUTA,0.3236245954692557,-0.55354336222587,0.38484848484848483
CUSCUTA,0.2159827213822894,-0.9960902424539458,0.14545454545454545
CUSCUTA,0.2159827213822894,-0.9960902424539458,0.1484848484848485
CUSCUTA,0.4329004329004329,-0.10427878605909878,0.5060606060606061
CUSCUTA,0.4329004329004329,-0.10427878605909878,0.509090909090909
CUSCUTA,0.5319148936170213,0.3027983022884115,0.6363636363636364
CUSCUTA,0.5319148936170213,0.3027983022884115,0.6393939393939394
CUSCUTA,0.5050505050505051,0.19235103025614145,0.6151515151515151
CUSCUTA,0.5050505050505051,0.19235103025614145,0.6181818181818182
CUSCUTA,0.49019607843137253,0.13128018572065062,0.6060606060606061
CUSCUTA,0.4807692307692307,0.0925236882269738,0.593939393939394
CUSCUTA,0.47619047619047616,0.07369910373004517,0.5878787878787879
CUSCUTA,0.47619047619047616,0.07369910373004517,0.5909090909090909
CUSCUTA,0.6493506493506493,0.7856106628866214,0.7272727272727273
CUSCUTA,0.6493506493506493,0.7856106628866214,0.7303030303030303
CUSCUTA,0.6493506493506493,0.7856106628866214,0.7333333333333333
CUSCUTA,0.6493506493506493,0.7856106628866214,0.7363636363636363
CUSCUTA,0.3236245954692557,-0.55354336222587,0.3878787878787879
CUSCUTA,0.33003300330033003,-0.5271965439738965,0.44242424242424244
CUSCUTA,0.33112582781456956,-0.5227036262918545,0.44545454545454544
CUSCUTA,0.2949852507374631,-0.6712879924669913,0.3151515151515151
CUSCUTA,0.2949852507374631,-0.6712879924669913,0.3181818181818182
CUSCUTA,0.5405405405405405,0.3382608317949888,0.6515151515151515
CUSCUTA,0.5405405405405405,0.3382608317949888,0.6545454545454545
CUSCUTA,0.5102040816326531,0.2135388742786585,0.6212121212121212
CUSCUTA,0.5102040816326531,0.2135388742786585,0.6242424242424243
CUSCUTA,0.4329004329004329,-0.10427878605909878,0.5121212121212121
CUSCUTA,0.4329004329004329,-0.10427878605909878,0.5151515151515151
CUSCUTA,0.4329004329004329,-0.10427878605909878,0.5181818181818182
CUSCUTA,0.4329004329004329,-0.10427878605909878,0.5212121212121212
CUSCUTA,0.4329004329004329,-0.10427878605909878,0.5242424242424243
CUSCUTA,0.4329004329004329,-0.10427878605909878,0.5272727272727272
CUSCUTA,0.4329004329004329,-0.10427878605909878,0.5303030303030303
CUSCUTA,0.6493506493506493,0.7856106628866214,0.7393939393939394
CUSCUTA,0.5405405405405405,0.3382608317949888,0.6575757575757576
CUSCUTA,0.5405405405405405,0.3382608317949888,0.6606060606060606
CUSCUTA,0.5405405405405405,0.3382608317949888,0.6636363636363637
CUSCUTA,0.5405405405405405,0.3382608317949888,0.6666666666666666
CUSCUTA,0.5405405405405405,0.3382608317949888,0.6696969696969697
CUSCUTA,1.075268817204301,2.536683449521748,0.9757575757575757
CUSCUTA,1.075268817204301,2.536683449521748,0.9787878787878788
CUSCUTA,1.075268817204301,2.536683449521748,0.9818181818181818
CUSCUTA,1.075268817204301,2.536683449521748,0.9848484848484849
CUSCUTA,0.5405405405405405,0.3382608317949888,0.6727272727272727
CUSCUTA,0.4329004329004329,-0.10427878605909878,0.5333333333333333
CUSCUTA,0.4329004329004329,-0.10427878605909878,0.5363636363636364
CUSCUTA,0.6493506493506493,0.7856106628866214,0.7424242424242424
CUSCUTA,0.6493506493506493,0.7856106628866214,0.7454545454545455
CUSCUTA,0.3021148036253776,-0.6419763382921624,0.3212121212121212
CUSCUTA,0.3105590062111801,-0.6072597789414624,0.32727272727272727
CUSCUTA,0.3236245954692557,-0.55354336222587,0.39090909090909093
CUSCUTA,0.2881844380403458,-0.6992481006279953,0.30303030303030304
CUSCUTA,0.2881844380403458,-0.6992481006279953,0.30606060606060603
CUSCUTA,0.4854368932038835,0.11171379863646441,0.6
CUSCUTA,0.4854368932038835,0.11171379863646441,0.603030303030303
CUSCUTA,0.5208333333333334,0.25723880257510023,0.6272727272727273
CUSCUTA,0.5208333333333334,0.25723880257510023,0.6303030303030303
CUSCUTA,0.7092198581560284,1.0317502977013953,0.8484848484848485
CUSCUTA,0.7092198581560284,1.0317502977013953,0.8515151515151516
CUSCUTA,0.5405405405405405,0.3382608317949888,0.6757575757575758
CUSCUTA,0.5405405405405405,0.3382608317949888,0.6787878787878788
CUSCUTA,0.6493506493506493,0.7856106628866214,0.7484848484848485
CUSCUTA,0.6493506493506493,0.7856106628866214,0.7515151515151515
CUSCUTA,0.6493506493506493,0.7856106628866214,0.7545454545454545
CUSCUTA,0.8620689655172414,1.660157190298795,0.906060606060606
CUSCUTA,0.8620689655172414,1.660157190298795,0.9090909090909091
CUSCUTA,0.7246376811594204,1.0951374277373072,0.8575757575757575
CUSCUTA,0.6024096385542169,0.5926225896212848,0.693939393939394
CUSCUTA,0.6578947368421053,0.8207378779765843,0.8272727272727273
CUSCUTA,0.5405405405405405,0.3382608317949888,0.6818181818181818
CUSCUTA,0.7575757575757576,1.2305553873594814,0.8727272727272727
CUSCUTA,0.7575757575757576,1.2305553873594814,0.8757575757575757
CUSCUTA,0.6493506493506493,0.7856106628866214,0.7575757575757576
CUSCUTA,0.6493506493506493,0.7856106628866214,0.7606060606060606
CUSCUTA,0.6493506493506493,0.7856106628866214,0.7636363636363637
CUSCUTA,0.5780346820809249,0.4924100930027716,0.6909090909090909
CUSCUTA,0.47393364928909953,0.06442063554198567,0.5787878787878787
CUSCUTA,0.6493506493506493,0.7856106628866214,0.7666666666666667
CUSCUTA,0.8620689655172414,1.660157190298795,0.9121212121212121
CUSCUTA,0.8620689655172414,1.660157190298795,0.9151515151515152
CUSCUTA,0.6493506493506493,0.7856106628866214,0.7696969696969697
CUSCUTA,0.6493506493506493,0.7856106628866214,0.7727272727272727
CUSCUTA,0.6493506493506493,0.7856106628866214,0.7757575757575758
CUSCUTA,0.7246376811594204,1.0951374277373072,0.8606060606060606
CUSCUTA,0.7246376811594204,1.0951374277373072,0.8636363636363636
CUSCUTA,0.8620689655172414,1.660157190298795,0.9181818181818182
CUSCUTA,0.7042253521126761,1.0112164386756775,0.8424242424242424
CUSCUTA,0.7042253521126761,1.0112164386756775,0.8454545454545455
CUSCUTA,0.8620689655172414,1.660157190298795,0.9212121212121213
CUSCUTA,0.8620689655172414,1.660157190298795,0.9242424242424242
CUSCUTA,0.3236245954692557,-0.55354336222587,0.3939393939393939
CUSCUTA,0.3236245954692557,-0.55354336222587,0.396969696969697
CUSCUTA,0.6493506493506493,0.7856106628866214,0.7787878787878788
CUSCUTA,0.6493506493506493,0.7856106628866214,0.7818181818181819
CUSCUTA,0.6493506493506493,0.7856106628866214,0.7848484848484848
CUSCUTA,0.3067484662576687,-0.6229260109047638,0.3242424242424242
CUSCUTA,0.2590673575129534,-0.8189568409118791,0.22727272727272727
CUSCUTA,0.4329004329004329,-0.10427878605909878,0.5393939393939394
CUSCUTA,0.4329004329004329,-0.10427878605909878,0.5424242424242425
CUSCUTA,0.8620689655172414,1.660157190298795,0.9272727272727272
CUSCUTA,0.8620689655172414,1.660157190298795,0.9303030303030303
CUSCUTA,0.3236245954692557,-0.55354336222587,0.4
CUSCUTA,0.3236245954692557,-0.55354336222587,0.403030303030303
CUSCUTA,0.6211180124223602,0.6695381260676142,0.7
CUSCUTA,0.6211180124223602,0.6695381260676142,0.703030303030303
CUSCUTA,0.6211180124223602,0.6695381260676142,0.706060606060606
CUSCUTA,0.9090909090909091,1.8534780016214856,0.9696969696969697
CUSCUTA,0.8620689655172414,1.660157190298795,0.9333333333333333
CUSCUTA,0.8620689655172414,1.660157190298795,0.9363636363636364
CUSCUTA,0.6493506493506493,0.7856106628866214,0.7878787878787878
CUSCUTA,0.6493506493506493,0.7856106628866214,0.7909090909090909
CUSCUTA,0.6493506493506493,0.7856106628866214,0.793939393939394
CUSCUTA,0.6060606060606061,0.6076327730974774,0.696969696969697
CUSCUTA,0.7092198581560284,1.0317502977013953,0.8545454545454545
CUSCUTA,0.8620689655172414,1.660157190298795,0.9393939393939394
CUSCUTA,0.8620689655172414,1.660157190298795,0.9424242424242424
CUSCUTA,0.8620689655172414,1.660157190298795,0.9454545454545454
CUSCUTA,0.6493506493506493,0.7856106628866214,0.796969696969697
CUSCUTA,0.6493506493506493,0.7856106628866214,0.8
CUSCUTA,0.6666666666666666,0.8568018188022789,0.8303030303030303
CUSCUTA,0.7575757575757576,1.2305553873594814,0.8787878787878788
CUSCUTA,0.49751243781094534,0.1613598554172359,0.6090909090909091
CUSCUTA,0.49751243781094534,0.1613598554172359,0.6121212121212121
CUSCUTA,0.6896551724137931,0.9513142154489281,0.8393939393939394
CUSCUTA,0.8620689655172414,1.660157190298795,0.9484848484848485
CUSCUTA,0.8620689655172414,1.660157190298795,0.9515151515151515
CUSCUTA,0.8620689655172414,1.660157190298795,0.9545454545454546
CUSCUTA,0.6493506493506493,0.7856106628866214,0.803030303030303
CUSCUTA,0.6493506493506493,0.7856106628866214,0.806060606060606
CUSCUTA,0.6711409395973155,0.8751968490220967,0.8363636363636363
CUSCUTA,0.6493506493506493,0.7856106628866214,0.8090909090909091
CUSCUTA,0.6493506493506493,0.7856106628866214,0.8121212121212121
CUSCUTA,0.7575757575757576,1.2305553873594814,0.8818181818181818
CUSCUTA,0.7575757575757576,1.2305553873594814,0.8848484848484849
CUSCUTA,1.0989010989010988,2.6338425953123474,0.9878787878787879
CUSCUTA,1.1627906976744187,2.8965112161997255,0.990909090909091
CUSCUTA,0.6493506493506493,0.7856106628866214,0.8151515151515152
CUSCUTA,0.6493506493506493,0.7856106628866214,0.8181818181818182
CUSCUTA,0.8620689655172414,1.660157190298795,0.9575757575757575
CUSCUTA,0.8620689655172414,1.660157190298795,0.9606060606060606
CUSCUTA,0.267379679144385,-0.7847824823117086,0.2545454545454545
CUSCUTA,0.32573289902280134,-0.5448755164817354,0.43636363636363634
CUSCUTA,0.3389830508474576,-0.49040030966944526,0.4484848484848485
CUSCUTA,0.7462686567164178,1.1840686251011228,0.8666666666666667
CUSCUTA,0.7462686567164178,1.1840686251011228,0.8696969696969697
CUSCUTA,0.7575757575757576,1.2305553873594814,0.8878787878787879
CUSCUTA,0.8064516129032259,1.4314981661536768,0.8909090909090909
CUSCUTA,0.6493506493506493,0.7856106628866214,0.8212121212121212
CUSCUTA,0.6493506493506493,0.7856106628866214,0.8242424242424242
CUSCUTA,0.3597122302158274,-0.40517665728534935,0.47575757575757577
CUSCUTA,0.3597122302158274,-0.40517665728534935,0.47878787878787876
CUSCUTA,0.8620689655172414,1.660157190298795,0.9636363636363636
CUSCUTA,0.8620689655172414,1.660157190298795,0.9666666666666667
CUSCUTA,0.2159827213822894,-0.9960902424539458,0.15151515151515152
CUSCUTA,0.2159827213822894,-0.9960902424539458,0.15454545454545454
CUSCUTA,0.31545741324921134,-0.5871210107236536,0.3303030303030303
CUSCUTA,0.2590673575129534,-0.8189568409118791,0.23030303030303031
CUSCUTA,0.5405405405405405,0.3382608317949888,0.6848484848484848
CUSCUTA,0.5405405405405405,0.3382608317949888,0.6878787878787879
CUSCUTA,0.4329004329004329,-0.10427878605909878,0.5454545454545454
CUSCUTA,0.4329004329004329,-0.10427878605909878,0.5484848484848485
CUSCUTA,0.4329004329004329,-0.10427878605909878,0.5515151515151515
CUSCUTA,0.4329004329004329,-0.10427878605909878,0.5545454545454546
CUSCUTA,0.3236245954692557,-0.55354336222587,0.40606060606060607
CUSCUTA,0.3236245954692557,-0.55354336222587,0.4090909090909091
CUSCUTA,0.4329004329004329,-0.10427878605909878,0.5575757575757576
CUSCUTA,0.4329004329004329,-0.10427878605909878,0.5606060606060606
CUSCUTA,0.4329004329004329,-0.10427878605909878,0.5636363636363636
CUSCUTA,0.4329004329004329,-0.10427878605909878,0.5666666666666667
CUSCUTA,0.4329004329004329,-0.10427878605909878,0.5696969696969697
CUSCUTA,0.2808988764044944,-0.7292011518917674,0.2818181818181818
CUSCUTA,0.2808988764044944,-0.7292011518917674,0.28484848484848485
CUSCUTA,0.27027027027027023,-0.7728984260777753,0.2696969696969697
CUSCUTA,0.2298850574712644,-0.9389337174840501,0.2
CUSCUTA,0.2159827213822894,-0.9960902424539458,0.15757575757575756
CUSCUTA,0.3236245954692557,-0.55354336222587,0.4121212121212121
CUSCUTA,0.3236245954692557,-0.55354336222587,0.41515151515151516
CUSCUTA,0.2590673575129534,-0.8189568409118791,0.23333333333333334
CUSCUTA,0.2590673575129534,-0.8189568409118791,0.23636363636363636
CUSCUTA,0.23752969121140144,-0.9075044169364709,0.20606060606060606
CUSCUTA,0.23752969121140144,-0.9075044169364709,0.20909090909090908
CUSCUTA,0.2590673575129534,-0.8189568409118791,0.23939393939393938
CUSCUTA,0.2590673575129534,-0.8189568409118791,0.24242424242424243
CUSCUTA,0.17271157167530224,-1.173990455258099,0.07272727272727272
CUSCUTA,0.17271157167530224,-1.173990455258099,0.07575757575757576
CUSCUTA,0.4329004329004329,-0.10427878605909878,0.5727272727272728
CUSCUTA,0.4329004329004329,-0.10427878605909878,0.5757575757575758
CUSCUTA,0.2590673575129534,-0.8189568409118791,0.24545454545454545
CUSCUTA,0.2590673575129534,-0.8189568409118791,0.24848484848484848
CUSCUTA,0.23752969121140144,-0.9075044169364709,0.21212121212121213
CUSCUTA,0.2247191011235955,-0.9601724583035218,0.19696969696969696
CUSCUTA,0.2159827213822894,-0.9960902424539458,0.1606060606060606
CUSCUTA,0.2159827213822894,-0.9960902424539458,0.16363636363636364
CUSCUTA,0.2159827213822894,-0.9960902424539458,0.16666666666666666
CUSCUTA,0.2159827213822894,-0.9960902424539458,0.1696969696969697
CUSCUTA,0.2159827213822894,-0.9960902424539458,0.17272727272727273
CUSCUTA,0.3236245954692557,-0.55354336222587,0.41818181818181815
CUSCUTA,0.3236245954692557,-0.55354336222587,0.4212121212121212
CUSCUTA,0.3236245954692557,-0.55354336222587,0.42424242424242425
CUSCUTA,0.2159827213822894,-0.9960902424539458,0.17575757575757575
CUSCUTA,0.2159827213822894,-0.9960902424539458,0.1787878787878788
CUSCUTA,0.3389830508474576,-0.49040030966944526,0.45151515151515154
CUSCUTA,0.32679738562091504,-0.5404991041697459,0.4393939393939394
CUSCUTA,0.3236245954692557,-0.55354336222587,0.42727272727272725
CUSCUTA,0.2159827213822894,-0.9960902424539458,0.18181818181818182
CUSCUTA,0.2159827213822894,-0.9960902424539458,0.18484848484848485
CUSCUTA,0.2159827213822894,-0.9960902424539458,0.18787878787878787
CUSCUTA,0.2159827213822894,-0.9960902424539458,0.19090909090909092
CUSCUTA,0.2159827213822894,-0.9960902424539458,0.19393939393939394
CUSCUTA,0.3236245954692557,-0.55354336222587,0.4303030303030303
CUSCUTA,0.3236245954692557,-0.55354336222587,0.43333333333333335
CUSCUTA,0.2061855670103093,-1.0363691779445128,0.07878787878787878
CUSCUTA,0.2061855670103093,-1.0363691779445128,0.08181818181818182
CRESS,0.025207965717166624,-0.868600252933408,0.22562674094707522
CRESS,0.025207965717166624,-0.868600252933408,0.22841225626740946
CRESS,0.014405070584845865,-1.1875074250263207,0.08635097493036212
CRESS,0.014405070584845865,-1.1875074250263207,0.08913649025069638
CRESS,0.007203054094936252,-1.4001147570453059,0.011142061281337047
CRESS,0.007203054094936252,-1.4001147570453059,0.013927576601671309
CRESS,0.025207965717166624,-0.868600252933408,0.23119777158774374
CRESS,0.025207965717166624,-0.868600252933408,0.233983286908078
CRESS,0.02881014116969173,-0.7622621303397377,0.28690807799442897
CRESS,0.025207965717166624,-0.868600252933408,0.23676880222841226
CRESS,0.025207965717166624,-0.868600252933408,0.2395543175487465
CRESS,0.02881014116969173,-0.7622621303397377,0.28969359331476324
CRESS,0.02881014116969173,-0.7622621303397377,0.2924791086350975
CRESS,0.05042864346949068,-0.12407252015957039,0.5125348189415042
CRESS,0.05399568034557235,-0.018771706908227964,0.5543175487465181
CRESS,0.05763688760806916,0.08871865533854266,0.5598885793871866
CRESS,0.07142857142857142,0.4958564486544244,0.6323119777158774
CRESS,0.1079913606911447,1.5752093058964478,0.9108635097493036
CRESS,0.1079913606911447,1.5752093058964478,0.9136490250696379
CRESS,0.08643042350907519,0.9387190484065945,0.7520891364902507
CRESS,0.09930486593843098,1.3187793912247918,0.8774373259052924
CRESS,0.07204610951008646,0.5140864991014044,0.6350974930362117
CRESS,0.07204610951008646,0.5140864991014044,0.637883008356546
CRESS,0.02881014116969173,-0.7622621303397377,0.29526462395543174
CRESS,0.02881014116969173,-0.7622621303397377,0.298050139275766
CRESS,0.021607605877268798,-0.9748847776830291,0.15598885793871867
CRESS,0.021607605877268798,-0.9748847776830291,0.15877437325905291
CRESS,0.012004801920768308,-1.258364624188983,0.06406685236768803
CRESS,0.012004801920768308,-1.258364624188983,0.06685236768802229
CRESS,0.02881014116969173,-0.7622621303397377,0.3008356545961003
CRESS,0.02881014116969173,-0.7622621303397377,0.30362116991643456
CRESS,0.011372682815876264,-1.2770251141500402,0.06128133704735376
CRESS,0.014405070584845865,-1.1875074250263207,0.09192200557103064
CRESS,0.014405070584845865,-1.1875074250263207,0.0947075208913649
CRESS,0.014405070584845865,-1.1875074250263207,0.09749303621169916
CRESS,0.014405070584845865,-1.1875074250263207,0.10027855153203342
CRESS,0.014723203769140164,-1.1781159653380127,0.10863509749303621
CRESS,0.021607605877268798,-0.9748847776830291,0.1615598885793872
CRESS,0.018008283810552854,-1.0811386668200063,0.116991643454039
CRESS,0.018008283810552854,-1.0811386668200063,0.11977715877437325
CRESS,0.036010082823190494,-0.5497160485878553,0.37604456824512533
CRESS,0.036010082823190494,-0.5497160485878553,0.3788300835654596
CRESS,0.036010082823190494,-0.5497160485878553,0.3816155988857939
CRESS,0.037850113550340646,-0.49539736932900547,0.4178272980501393
CRESS,0.07204610951008646,0.5140864991014044,0.6406685236768802
CRESS,0.043215211754537596,-0.3370168356531546,0.4401114206128134
CRESS,0.043215211754537596,-0.3370168356531546,0.4428969359331476
CRESS,0.0792393026941363,0.7264333624695526,0.7325905292479109
CRESS,0.057045065601825436,0.07124775702084371,0.5571030640668524
CRESS,0.043215211754537596,-0.3370168356531546,0.4456824512534819
CRESS,0.025207965717166624,-0.868600252933408,0.24233983286908078
CRESS,0.025207965717166624,-0.868600252933408,0.24512534818941503
CRESS,0.043215211754537596,-0.3370168356531546,0.44846796657381616
CRESS,0.043215211754537596,-0.3370168356531546,0.45125348189415043
CRESS,0.043215211754537596,-0.3370168356531546,0.45403899721448465
CRESS,0.043215211754537596,-0.3370168356531546,0.4568245125348189
CRESS,0.03241491085899514,-0.6558474245056883,0.3649025069637883
CRESS,0.02891844997108155,-0.7590647972969813,0.35376044568245124
CRESS,0.05042864346949068,-0.12407252015957039,0.5153203342618384
CRESS,0.05042864346949068,-0.12407252015957039,0.5181058495821727
CRESS,0.08643042350907519,0.9387190484065945,0.754874651810585
CRESS,0.0827129859387924,0.8289783271971539,0.7465181058495822
CRESS,0.07204610951008646,0.5140864991014044,0.6434540389972145
CRESS,0.07380073800738007,0.565884059412011,0.7214484679665738
CRESS,0.0792393026941363,0.7264333624695526,0.7353760445682451
CRESS,0.0792393026941363,0.7264333624695526,0.7381615598885793
CRESS,0.018008283810552854,-1.0811386668200063,0.12256267409470752
CRESS,0.010557432432432432,-1.3010917362126653,0.05013927576601671
CRESS,0.009603380389897245,-1.3292558565885149,0.03899721448467967
CRESS,0.009603380389897245,-1.3292558565885149,0.04178272980501393
CRESS,0.009603380389897245,-1.3292558565885149,0.04456824512534819
CRESS,0.009603380389897245,-1.3292558565885149,0.04735376044568245
CRESS,0.06480881399870382,0.30043771172861244,0.6072423398328691
CRESS,0.06480881399870382,0.30043771172861244,0.6100278551532033
CRESS,0.02881014116969173,-0.7622621303397377,0.3064066852367688
CRESS,0.02881014116969173,-0.7622621303397377,0.30919220055710306
CRESS,0.03961965134706815,-0.4431596786216755,0.42618384401114207
CRESS,0.03961965134706815,-0.4431596786216755,0.42896935933147634
CRESS,0.038417210910487894,-0.4786563556275179,0.4206128133704735
CRESS,0.038417210910487894,-0.4786563556275179,0.4233983286908078
CRESS,0.02881014116969173,-0.7622621303397377,0.31197771587743733
CRESS,0.02881014116969173,-0.7622621303397377,0.3147632311977716
CRESS,0.05042864346949068,-0.12407252015957039,0.520891364902507
CRESS,0.05042864346949068,-0.12407252015957039,0.5236768802228412
CRESS,0.021607605877268798,-0.9748847776830291,0.16434540389972144
CRESS,0.021607605877268798,-0.9748847776830291,0.1671309192200557
CRESS,0.021607605877268798,-0.9748847776830291,0.16991643454038996
CRESS,0.021607605877268798,-0.9748847776830291,0.17270194986072424
CRESS,0.021607605877268798,-0.9748847776830291,0.17548746518105848
CRESS,0.01988466892026248,-1.025746786979903,0.14484679665738162
CRESS,0.018008283810552854,-1.0811386668200063,0.12534818941504178
CRESS,0.025207965717166624,-0.868600252933408,0.2479108635097493
CRESS,0.025207965717166624,-0.868600252933408,0.25069637883008355
CRESS,0.025207965717166624,-0.868600252933408,0.25348189415041783
CRESS,0.05763688760806916,0.08871865533854266,0.5626740947075209
CRESS,0.05763688760806916,0.08871865533854266,0.5654596100278552
CRESS,0.07204610951008646,0.5140864991014044,0.6462395543175488
CRESS,0.07818608287724786,0.6953417569987929,0.7298050139275766
CRESS,0.1079913606911447,1.5752093058964478,0.9164345403899722
CRESS,0.1079913606911447,1.5752093058964478,0.9192200557103064
CRESS,0.09363295880149813,1.1513416957498863,0.841225626740947
CRESS,0.07204610951008646,0.5140864991014044,0.649025069637883
CRESS,0.07204610951008646,0.5140864991014044,0.6518105849582173
CRESS,0.07204610951008646,0.5140864991014044,0.6545961002785515
CRESS,0.07204610951008646,0.5140864991014044,0.6573816155988857
CRESS,0.07204610951008646,0.5140864991014044,0.6601671309192201
CRESS,0.07204610951008646,0.5140864991014044,0.6629526462395543
CRESS,0.12239902080783353,2.0005310449312326,0.9665738161559888
CRESS,0.12239902080783353,2.0005310449312326,0.9693593314763231
CRESS,0.1152073732718894,1.7882298099118192,0.9387186629526463
CRESS,0.1152073732718894,1.7882298099118192,0.9415041782729805
CRESS,0.08643042350907519,0.9387190484065945,0.7576601671309192
CRESS,0.08643042350907519,0.9387190484065945,0.7604456824512534
CRESS,0.1152073732718894,1.7882298099118192,0.9442896935933147
CRESS,0.025207965717166624,-0.868600252933408,0.2562674094707521
CRESS,0.02881014116969173,-0.7622621303397377,0.31754874651810583
CRESS,0.02881014116969173,-0.7622621303397377,0.3203342618384401
CRESS,0.07204610951008646,0.5140864991014044,0.6657381615598886
CRESS,0.07204610951008646,0.5140864991014044,0.6685236768802229
CRESS,0.06480881399870382,0.30043771172861244,0.6128133704735376
CRESS,0.012605571662674902,-1.2406295839869161,0.07799442896935933
CRESS,0.012605571662674902,-1.2406295839869161,0.0807799442896936
CRESS,0.03961965134706815,-0.4431596786216755,0.43175487465181056
CRESS,0.03961965134706815,-0.4431596786216755,0.43454038997214484
CRESS,0.036010082823190494,-0.5497160485878553,0.38440111420612816
CRESS,0.036010082823190494,-0.5497160485878553,0.3871866295264624
CRESS,0.036010082823190494,-0.5497160485878553,0.38997214484679665
CRESS,0.05042864346949068,-0.12407252015957039,0.5264623955431755
CRESS,0.09363295880149813,1.1513416957498863,0.8440111420612814
CRESS,0.09363295880149813,1.1513416957498863,0.8467966573816156
CRESS,0.08643042350907519,0.9387190484065945,0.7632311977715878
CRESS,0.08643042350907519,0.9387190484065945,0.766016713091922
CRESS,0.05763688760806916,0.08871865533854266,0.5682451253481894
CRESS,0.043215211754537596,-0.3370168356531546,0.4596100278551532
CRESS,0.05359056806002144,-0.030730835621660613,0.5515320334261838
CRESS,0.08643042350907519,0.9387190484065945,0.7688022284122563
CRESS,0.05042864346949068,-0.12407252015957039,0.5292479108635098
CRESS,0.05042864346949068,-0.12407252015957039,0.532033426183844
CRESS,0.08643042350907519,0.9387190484065945,0.7715877437325905
CRESS,0.08643042350907519,0.9387190484065945,0.7743732590529248
CRESS,0.08643042350907519,0.9387190484065945,0.7771587743732591
CRESS,0.08643042350907519,0.9387190484065945,0.7799442896935933
CRESS,0.08643042350907519,0.9387190484065945,0.7827298050139275
CRESS,0.08643042350907519,0.9387190484065945,0.7855153203342619
CRESS,0.08643042350907519,0.9387190484065945,0.7883008356545961
CRESS,0.075642965204236,0.6202675796170957,0.724233983286908
CRESS,0.075642965204236,0.6202675796170957,0.7270194986072424
CRESS,0.05042864346949068,-0.12407252015957039,0.5348189415041783
CRESS,0.05042864346949068,-0.12407252015957039,0.5376044568245125
CRESS,0.10080645161290323,1.363106993708729,0.8802228412256268
CRESS,0.10080645161290323,1.363106993708729,0.883008356545961
CRESS,0.1079913606911447,1.5752093058964478,0.9220055710306406
CRESS,0.1079913606911447,1.5752093058964478,0.924791086350975
CRESS,0.1152073732718894,1.7882298099118192,0.947075208913649
CRESS,0.1152073732718894,1.7882298099118192,0.9498607242339833
CRESS,0.12239902080783353,2.0005310449312326,0.9721448467966574
CRESS,0.09090909090909091,1.0709316763909686,0.8384401114206128
CRESS,0.08643042350907519,0.9387190484065945,0.7910863509749304
CRESS,0.1297016861219196,2.216109583418432,0.9777158774373259
CRESS,0.11614401858304298,1.815880074380313,0.9637883008356546
CRESS,0.1152073732718894,1.7882298099118192,0.9526462395543176
CRESS,0.043215211754537596,-0.3370168356531546,0.4623955431754875
CRESS,0.043215211754537596,-0.3370168356531546,0.46518105849582175
CRESS,0.02881014116969173,-0.7622621303397377,0.3231197771587744
CRESS,0.02881014116969173,-0.7622621303397377,0.32590529247910865
CRESS,0.02881014116969173,-0.7622621303397377,0.3286908077994429
CRESS,0.02881014116969173,-0.7622621303397377,0.33147632311977715
CRESS,0.02881014116969173,-0.7622621303397377,0.3342618384401114
CRESS,0.07204610951008646,0.5140864991014044,0.6713091922005571
CRESS,0.07204610951008646,0.5140864991014044,0.6740947075208914
CRESS,0.06480881399870382,0.30043771172861244,0.6155988857938719
CRESS,0.06480881399870382,0.30043771172861244,0.6183844011142061
CRESS,0.08643042350907519,0.9387190484065945,0.7938718662952646
CRESS,0.08795074758135445,0.9835998182943607,0.8356545961002786
CRESS,0.09363295880149813,1.1513416957498863,0.8495821727019499
CRESS,0.07204610951008646,0.5140864991014044,0.6768802228412256
CRESS,0.07204610951008646,0.5140864991014044,0.6796657381615598
CRESS,0.06480881399870382,0.30043771172861244,0.6211699164345403
CRESS,0.06480881399870382,0.30043771172861244,0.6239554317548747
CRESS,0.1440922190201729,2.6409257179157124,0.9944289693593314
CRESS,0.1440922190201729,2.6409257179157124,0.9972144846796658
CRESS,0.1297016861219196,2.216109583418432,0.9805013927576601
CRESS,0.1297016861219196,2.216109583418432,0.9832869080779945
CRESS,0.07204610951008646,0.5140864991014044,0.6824512534818942
CRESS,0.07204610951008646,0.5140864991014044,0.6852367688022284
CRESS,0.07204610951008646,0.5140864991014044,0.6880222841225627
CRESS,0.05763688760806916,0.08871865533854266,0.5710306406685237
CRESS,0.05763688760806916,0.08871865533854266,0.5738161559888579
CRESS,0.08643042350907519,0.9387190484065945,0.7966573816155988
CRESS,0.07304601899196494,0.543604355315774,0.7186629526462396
CRESS,0.05763688760806916,0.08871865533854266,0.5766016713091922
CRESS,0.08643042350907519,0.9387190484065945,0.7994428969359332
CRESS,0.08643042350907519,0.9387190484065945,0.8022284122562674
CRESS,0.08643042350907519,0.9387190484065945,0.8050139275766016
CRESS,0.08643042350907519,0.9387190484065945,0.807799442896936
CRESS,0.08643042350907519,0.9387190484065945,0.8105849582172702
CRESS,0.08643042350907519,0.9387190484065945,0.8133704735376045
CRESS,0.07204610951008646,0.5140864991014044,0.6908077994428969
CRESS,0.07204610951008646,0.5140864991014044,0.6935933147632312
CRESS,0.07204610951008646,0.5140864991014044,0.6963788300835655
CRESS,0.07204610951008646,0.5140864991014044,0.6991643454038997
CRESS,0.06480881399870382,0.30043771172861244,0.6267409470752089
CRESS,0.06480881399870382,0.30043771172861244,0.6295264623955432
CRESS,0.1440922190201729,2.6409257179157124,1.0
CRESS,0.08643042350907519,0.9387190484065945,0.8161559888579387
CRESS,0.07204610951008646,0.5140864991014044,0.7019498607242339
CRESS,0.07204610951008646,0.5140864991014044,0.7047353760445683
CRESS,0.08643042350907519,0.9387190484065945,0.8189415041782729
CRESS,0.08643042350907519,0.9387190484065945,0.8217270194986073
CRESS,0.08643042350907519,0.9387190484065945,0.8245125348189415
CRESS,0.1297016861219196,2.216109583418432,0.9860724233983287
CRESS,0.1297016861219196,2.216109583418432,0.9888579387186629
CRESS,0.1079913606911447,1.5752093058964478,0.9275766016713092
CRESS,0.10362694300518134,1.4463693898355516,0.9025069637883009
CRESS,0.10080645161290323,1.363106993708729,0.8857938718662952
CRESS,0.1152073732718894,1.7882298099118192,0.9554317548746518
CRESS,0.1152073732718894,1.7882298099118192,0.958217270194986
CRESS,0.10080645161290323,1.363106993708729,0.8885793871866295
CRESS,0.10080645161290323,1.363106993708729,0.8913649025069638
CRESS,0.1079913606911447,1.5752093058964478,0.9303621169916435
CRESS,0.1079913606911447,1.5752093058964478,0.9331476323119777
CRESS,0.11148272017837234,1.6782760826441299,0.935933147632312
CRESS,0.12453300124533002,2.0635272749499354,0.9749303621169917
CRESS,0.1297016861219196,2.216109583418432,0.9916434540389972
CRESS,0.1152073732718894,1.7882298099118192,0.9610027855153204
CRESS,0.1075268817204301,1.5614976412701707,0.9080779944289693
CRESS,0.10080645161290323,1.363106993708729,0.8941504178272981
CRESS,0.10080645161290323,1.363106993708729,0.8969359331476323
CRESS,0.10080645161290323,1.363106993708729,0.8997214484679665
CRESS,0.07204610951008646,0.5140864991014044,0.7075208913649025
CRESS,0.07204610951008646,0.5140864991014044,0.7103064066852368
CRESS,0.05042864346949068,-0.12407252015957039,0.5403899721448467
CRESS,0.048007681228996645,-0.19554060463164596,0.4958217270194986
CRESS,0.02701242571582928,-0.8153316403735575,0.26740947075208915
CRESS,0.02701242571582928,-0.8153316403735575,0.27019498607242337
CRESS,0.05042864346949068,-0.12407252015957039,0.5431754874651811
CRESS,0.05042864346949068,-0.12407252015957039,0.5459610027855153
CRESS,0.05763688760806916,0.08871865533854266,0.5793871866295265
CRESS,0.05763688760806916,0.08871865533854266,0.5821727019498607
CRESS,0.036010082823190494,-0.5497160485878553,0.39275766016713093
CRESS,0.036010082823190494,-0.5497160485878553,0.3955431754874652
CRESS,0.036010082823190494,-0.5497160485878553,0.3983286908077994
CRESS,0.08643042350907519,0.9387190484065945,0.8272980501392758
CRESS,0.08643042350907519,0.9387190484065945,0.83008356545961
CRESS,0.05763688760806916,0.08871865533854266,0.584958217270195
CRESS,0.05763688760806916,0.08871865533854266,0.5877437325905293
CRESS,0.0792393026941363,0.7264333624695526,0.7409470752089137
CRESS,0.0792393026941363,0.7264333624695526,0.7437325905292479
CRESS,0.036010082823190494,-0.5497160485878553,0.4011142061281337
CRESS,0.036010082823190494,-0.5497160485878553,0.403899721448468
CRESS,0.041841004184100423,-0.37758416920484517,0.4373259052924791
CRESS,0.043215211754537596,-0.3370168356531546,0.467966573816156
CRESS,0.062421972534332085,0.22997689059562285,0.6016713091922006
CRESS,0.062421972534332085,0.22997689059562285,0.6044568245125348
CRESS,0.06123698714023271,0.19499549566631239,0.5988857938718662
CRESS,0.04681647940074907,-0.23070551198150868,0.49025069637883006
CRESS,0.04681647940074907,-0.23070551198150868,0.49303621169916434
CRESS,0.048007681228996645,-0.19554060463164596,0.4986072423398329
CRESS,0.048007681228996645,-0.19554060463164596,0.5013927576601671
CRESS,0.048007681228996645,-0.19554060463164596,0.5041782729805014
CRESS,0.043215211754537596,-0.3370168356531546,0.47075208913649025
CRESS,0.036036036036036036,-0.5489498960320894,0.415041782729805
CRESS,0.023702299123014935,-0.9130483263224652,0.20612813370473537
CRESS,0.030609121518212427,-0.7091552799472901,0.3565459610027855
CRESS,0.024009603841536616,-0.9039765286650622,0.20891364902506965
CRESS,0.024009603841536616,-0.9039765286650622,0.2116991643454039
CRESS,0.021607605877268798,-0.9748847776830291,0.17827298050139276
CRESS,0.023180343069077423,-0.9284567448139098,0.1977715877437326
CRESS,0.022276676319893073,-0.9551334647086133,0.19498607242339833
CRESS,0.021607605877268798,-0.9748847776830291,0.181058495821727
CRESS,0.021607605877268798,-0.9748847776830291,0.18384401114206128
CRESS,0.021607605877268798,-0.9748847776830291,0.18662952646239556
CRESS,0.05307855626326964,-0.04584569438686354,0.5487465181058496
CRESS,0.09606147934678194,1.2230329053728404,0.8579387186629527
CRESS,0.012004801920768308,-1.258364624188983,0.06963788300835655
CRESS,0.008403361344537815,-1.3646810528461593,0.022284122562674095
CRESS,0.008660258075690656,-1.3570973256093046,0.025069637883008356
CRESS,0.01315270288044193,-1.2244779813577467,0.08356545961002786
CRESS,0.01680672268907563,-1.1166093859794148,0.11142061281337047
CRESS,0.017562346329469618,-1.0943029768758366,0.11420612813370473
CRESS,0.022109219544550078,-0.9600768771937218,0.19220055710306408
CRESS,0.024009603841536616,-0.9039765286650622,0.21448467966573817
CRESS,0.024009603841536616,-0.9039765286650622,0.21727019498607242
CRESS,0.024009603841536616,-0.9039765286650622,0.2200557103064067
CRESS,0.030609121518212427,-0.7091552799472901,0.3593314763231198
CRESS,0.03139717425431711,-0.6858915468041881,0.362116991643454
CRESS,0.03241491085899514,-0.6558474245056883,0.36768802228412256
CRESS,0.07204610951008646,0.5140864991014044,0.713091922005571
CRESS,0.09541984732824427,1.2040915891747483,0.8523676880222841
CRESS,0.09541984732824427,1.2040915891747483,0.8551532033426184
CRESS,0.09727626459143969,1.258894007635598,0.8690807799442897
CRESS,0.09727626459143969,1.258894007635598,0.871866295264624
CRESS,0.09727626459143969,1.258894007635598,0.8746518105849582
CRESS,0.09606147934678194,1.2230329053728404,0.8607242339832869
CRESS,0.09606147934678194,1.2230329053728404,0.8635097493036211
CRESS,0.09606147934678194,1.2230329053728404,0.8662952646239555
CRESS,0.036010082823190494,-0.5497160485878553,0.40668523676880225
CRESS,0.012004801920768308,-1.258364624188983,0.07242339832869081
CRESS,0.012004801920768308,-1.258364624188983,0.07520891364902507
CRESS,0.014405070584845865,-1.1875074250263207,0.10306406685236769
CRESS,0.014405070584845865,-1.1875074250263207,0.10584958217270195
CRESS,0.025207965717166624,-0.868600252933408,0.2590529247910863
CRESS,0.025207965717166624,-0.868600252933408,0.2618384401114206
CRESS,0.018008283810552854,-1.0811386668200063,0.12813370473537605
CRESS,0.033311125916055964,-0.6293906824996259,0.37047353760445684
CRESS,0.033311125916055964,-0.6293906824996259,0.3732590529247911
CRESS,0.019208605455243947,-1.045704537670211,0.13649025069637882
CRESS,0.019208605455243947,-1.045704537670211,0.1392757660167131
CRESS,0.024009603841536616,-0.9039765286650622,0.22284122562674094
CRESS,0.028208744710860365,-0.780015671556554,0.28133704735376047
CRESS,0.028208744710860365,-0.780015671556554,0.2841225626740947
CRESS,0.07204610951008646,0.5140864991014044,0.7158774373259053
CRESS,0.08481764206955048,0.8911088881872319,0.7493036211699164
CRESS,0.08643042350907519,0.9387190484065945,0.8328690807799443
CRESS,0.05763688760806916,0.08871865533854266,0.5905292479108635
CRESS,0.049212598425196846,-0.15997081237320918,0.5069637883008357
CRESS,0.049212598425196846,-0.15997081237320918,0.5097493036211699
CRESS,0.043215211754537596,-0.3370168356531546,0.4735376044568245
CRESS,0.043215211754537596,-0.3370168356531546,0.4763231197771588
CRESS,0.05763688760806916,0.08871865533854266,0.5933147632311978
CRESS,0.05763688760806916,0.08871865533854266,0.596100278551532
CRESS,0.043215211754537596,-0.3370168356531546,0.479108635097493
CRESS,0.043215211754537596,-0.3370168356531546,0.4818941504178273
CRESS,0.043215211754537596,-0.3370168356531546,0.48467966573816157
CRESS,0.043215211754537596,-0.3370168356531546,0.48746518105849584
CRESS,0.02040816326530612,-1.0102929573222386,0.15041782729805014
CRESS,0.02040816326530612,-1.0102929573222386,0.1532033426183844
CRESS,0.019508388607101055,-1.0368547806348196,0.14206128133704735
CRESS,0.023534949399858788,-0.9179885785704562,0.20334261838440112
CRESS,0.036010082823190494,-0.5497160485878553,0.40947075208913647
CRESS,0.036010082823190494,-0.5497160485878553,0.41225626740947074
CRESS,0.02881014116969173,-0.7622621303397377,0.3370473537604457
CRESS,0.023359028264424198,-0.9231818634376738,0.20055710306406685
CRESS,0.026267402153926978,-0.8373251295594338,0.2646239554317549
CRESS,0.02881014116969173,-0.7622621303397377,0.3398328690807799
CRESS,0.010803802938634399,-1.2938187486979664,0.052924791086350974
CRESS,0.010803802938634399,-1.2938187486979664,0.055710306406685235
CRESS,0.10438413361169102,1.4687220566067827,0.9052924791086351
CRESS,0.021607605877268798,-0.9748847776830291,0.1894150417827298
CRESS,0.020116676725005028,-1.0188977940009223,0.14763231197771587
CRESS,0.02701242571582928,-0.8153316403735575,0.27298050139275765
CRESS,0.02701242571582928,-0.8153316403735575,0.2757660167130919
CRESS,0.02701242571582928,-0.8153316403735575,0.2785515320334262
CRESS,0.02881014116969173,-0.7622621303397377,0.3426183844011142
CRESS,0.02881014116969173,-0.7622621303397377,0.34540389972144847
CRESS,0.02881014116969173,-0.7622621303397377,0.34818941504178275
CRESS,0.02881014116969173,-0.7622621303397377,0.35097493036211697
CRESS,0.018008283810552854,-1.0811386668200063,0.1309192200557103
CRESS,0.018008283810552854,-1.0811386668200063,0.13370473537604458
CRESS,0.009003331232556045,-1.3469696247534853,0.027855153203342618
CRESS,0.009003331232556045,-1.3469696247534853,0.03064066852367688
CRESS,0.007203054094936252,-1.4001147570453059,0.016713091922005572
CRESS,0.007203054094936252,-1.4001147570453059,0.019498607242339833
CRESS,0.010803802938634399,-1.2938187486979664,0.0584958217270195
CRESS,0.00910166560480568,-1.3440667421290082,0.036211699164345405
CRESS,0.009003331232556045,-1.3469696247534853,0.033426183844011144
CRESS,0.006950236308034473,-1.40757807169273,0.008356545961002786
CRESS,0.006302388605281402,-1.4267028781729618,0.002785515320334262
CRESS,0.006302388605281402,-1.4267028781729618,0.005571030640668524
SESAME,0.007203054094936252,-1.2096743017958158,0.04081632653061224
SESAME,0.007203054094936252,-1.2096743017958158,0.04336734693877551
SESAME,0.009603380389897245,-1.0530687112034474,0.13010204081632654
SESAME,0.009603380389897245,-1.0530687112034474,0.1326530612244898
SESAME,0.009003331232556045,-1.092217993893532,0.09948979591836735
SESAME,0.009003331232556045,-1.092217993893532,0.10204081632653061
SESAME,0.018008283810552854,-0.5047037381467402,0.32653061224489793
SESAME,0.018008283810552854,-0.5047037381467402,0.32908163265306123
SESAME,0.018008283810552854,-0.5047037381467402,0.33163265306122447
SESAME,0.018008283810552854,-0.5047037381467402,0.33418367346938777
SESAME,0.018008283810552854,-0.5047037381467402,0.336734693877551
SESAME,0.021607605877268798,-0.2698715158886596,0.44387755102040816
SESAME,0.021607605877268798,-0.2698715158886596,0.44642857142857145
SESAME,0.02701242571582928,0.08275762650752855,0.5714285714285714
SESAME,0.02701242571582928,0.08275762650752855,0.5739795918367347
SESAME,0.08643042350907519,3.9593933388111946,0.9974489795918368
SESAME,0.012004801920768308,-0.8963916636317112,0.21683673469387754
SESAME,0.012004801920768308,-0.8963916636317112,0.2193877551020408
SESAME,0.012605571662674902,-0.8571953675119639,0.2423469387755102
SESAME,0.025207965717166624,-0.03497158571837108,0.5076530612244898
SESAME,0.025207965717166624,-0.03497158571837108,0.5102040816326531
SESAME,0.021607605877268798,-0.2698715158886596,0.4489795918367347
SESAME,0.021607605877268798,-0.2698715158886596,0.45153061224489793
SESAME,0.043215211754537596,1.1398834356779586,0.8316326530612245
SESAME,0.043215211754537596,1.1398834356779586,0.8341836734693877
SESAME,0.036218761318362915,0.6834108073909045,0.8010204081632653
SESAME,0.05042864346949068,1.610512673165151,0.9158163265306123
SESAME,0.05042864346949068,1.610512673165151,0.9183673469387755
SESAME,0.036010082823190494,0.6697959005138648,0.7551020408163265
SESAME,0.043215211754537596,1.1398834356779586,0.8367346938775511
SESAME,0.043215211754537596,1.1398834356779586,0.8392857142857143
SESAME,0.043215211754537596,1.1398834356779586,0.8418367346938775
SESAME,0.043215211754537596,1.1398834356779586,0.8443877551020408
SESAME,0.004201680672268907,-1.4054942861170294,0.007653061224489796
SESAME,0.004201680672268907,-1.4054942861170294,0.01020408163265306
SESAME,0.007203054094936252,-1.2096743017958158,0.04591836734693878
SESAME,0.007203054094936252,-1.2096743017958158,0.04846938775510204
SESAME,0.007203054094936252,-1.2096743017958158,0.05102040816326531
SESAME,0.007203054094936252,-1.2096743017958158,0.05357142857142857
SESAME,0.007203054094936252,-1.2096743017958158,0.05612244897959184
SESAME,0.007203054094936252,-1.2096743017958158,0.058673469387755105
SESAME,0.007203054094936252,-1.2096743017958158,0.061224489795918366
SESAME,0.007203054094936252,-1.2096743017958158,0.06377551020408163
SESAME,0.007203054094936252,-1.2096743017958158,0.0663265306122449
SESAME,0.014405070584845865,-0.7397898330775323,0.2729591836734694
SESAME,0.014405070584845865,-0.7397898330775323,0.2755102040816326
SESAME,0.021607605877268798,-0.2698715158886596,0.45408163265306123
SESAME,0.021607605877268798,-0.2698715158886596,0.45663265306122447
SESAME,0.009603380389897245,-1.0530687112034474,0.13520408163265307
SESAME,0.009603380389897245,-1.0530687112034474,0.1377551020408163
SESAME,0.05042864346949068,1.610512673165151,0.9209183673469388
SESAME,0.05042864346949068,1.610512673165151,0.923469387755102
SESAME,0.05042864346949068,1.610512673165151,0.9260204081632653
SESAME,0.05042864346949068,1.610512673165151,0.9285714285714286
SESAME,0.014405070584845865,-0.7397898330775323,0.2780612244897959
SESAME,0.014405070584845865,-0.7397898330775323,0.28061224489795916
SESAME,0.021607605877268798,-0.2698715158886596,0.45918367346938777
SESAME,0.022665457842248413,-0.2008535944157698,0.4897959183673469
SESAME,0.024009603841536616,-0.11315685980814466,0.49744897959183676
SESAME,0.03241491085899514,0.4352344453000898,0.7142857142857143
SESAME,0.03241491085899514,0.4352344453000898,0.7168367346938775
SESAME,0.02881014116969173,0.2000468013002131,0.5969387755102041
SESAME,0.02881014116969173,0.2000468013002131,0.5994897959183674
SESAME,0.02881014116969173,0.2000468013002131,0.6020408163265306
SESAME,0.036010082823190494,0.6697959005138648,0.7576530612244898
SESAME,0.02900232018561485,0.21258522507671457,0.6683673469387755
SESAME,0.014405070584845865,-0.7397898330775323,0.28316326530612246
SESAME,0.018008283810552854,-0.5047037381467402,0.3392857142857143
SESAME,0.01967342120794806,-0.39606441436648987,0.40561224489795916
SESAME,0.030376670716889428,0.3022526078333944,0.6913265306122449
SESAME,0.03769317753486619,0.7796068215949705,0.8035714285714286
SESAME,0.043215211754537596,1.1398834356779586,0.8469387755102041
SESAME,0.025207965717166624,-0.03497158571837108,0.5127551020408163
SESAME,0.025207965717166624,-0.03497158571837108,0.5153061224489796
SESAME,0.018008283810552854,-0.5047037381467402,0.34183673469387754
SESAME,0.018008283810552854,-0.5047037381467402,0.34438775510204084
SESAME,0.018008283810552854,-0.5047037381467402,0.3469387755102041
SESAME,0.025207965717166624,-0.03497158571837108,0.5178571428571429
SESAME,0.025207965717166624,-0.03497158571837108,0.5204081632653061
SESAME,0.018008283810552854,-0.5047037381467402,0.3494897959183674
SESAME,0.018008283810552854,-0.5047037381467402,0.3520408163265306
SESAME,0.05042864346949068,1.610512673165151,0.9311224489795918
SESAME,0.05042864346949068,1.610512673165151,0.9336734693877551
SESAME,0.05042864346949068,1.610512673165151,0.9362244897959183
SESAME,0.05042864346949068,1.610512673165151,0.9387755102040817
SESAME,0.043215211754537596,1.1398834356779586,0.8494897959183674
SESAME,0.043215211754537596,1.1398834356779586,0.8520408163265306
SESAME,0.021607605877268798,-0.2698715158886596,0.461734693877551
SESAME,0.021607605877268798,-0.2698715158886596,0.4642857142857143
SESAME,0.021607605877268798,-0.2698715158886596,0.46683673469387754
SESAME,0.021607605877268798,-0.2698715158886596,0.46938775510204084
SESAME,0.021607605877268798,-0.2698715158886596,0.4719387755102041
SESAME,0.02881014116969173,0.2000468013002131,0.6045918367346939
SESAME,0.02881014116969173,0.2000468013002131,0.6071428571428571
SESAME,0.03241491085899514,0.4352344453000898,0.7193877551020408
SESAME,0.03241491085899514,0.4352344453000898,0.7219387755102041
SESAME,0.01620745542949757,-0.6221960110775939,0.3137755102040816
SESAME,0.01620745542949757,-0.6221960110775939,0.3163265306122449
SESAME,0.0792393026941363,3.4902197416178677,0.9872448979591837
SESAME,0.0792393026941363,3.4902197416178677,0.9897959183673469
SESAME,0.08643042350907519,3.9593933388111946,1.0
SESAME,0.036010082823190494,0.6697959005138648,0.7602040816326531
SESAME,0.036010082823190494,0.6697959005138648,0.7627551020408163
SESAME,0.036010082823190494,0.6697959005138648,0.7653061224489796
SESAME,0.036010082823190494,0.6697959005138648,0.7678571428571429
SESAME,0.036010082823190494,0.6697959005138648,0.7704081632653061
SESAME,0.036010082823190494,0.6697959005138648,0.7729591836734694
SESAME,0.036010082823190494,0.6697959005138648,0.7755102040816326
SESAME,0.043215211754537596,1.1398834356779586,0.8545918367346939
SESAME,0.043215211754537596,1.1398834356779586,0.8571428571428571
SESAME,0.05042864346949068,1.610512673165151,0.9413265306122449
SESAME,0.043215211754537596,1.1398834356779586,0.8596938775510204
SESAME,0.043215211754537596,1.1398834356779586,0.8622448979591837
SESAME,0.043215211754537596,1.1398834356779586,0.8647959183673469
SESAME,0.036010082823190494,0.6697959005138648,0.7780612244897959
SESAME,0.03241491085899514,0.4352344453000898,0.7244897959183674
SESAME,0.03241491085899514,0.4352344453000898,0.7270408163265306
SESAME,0.009603380389897245,-1.0530687112034474,0.14030612244897958
SESAME,0.009603380389897245,-1.0530687112034474,0.14285714285714285
SESAME,0.010803802938634399,-0.9747489916719686,0.17346938775510204
SESAME,0.019805902158843335,-0.38742089885747444,0.4107142857142857
SESAME,0.019688915140775743,-0.3950535365928424,0.40816326530612246
SESAME,0.018953752843062926,-0.44301806793853993,0.37755102040816324
SESAME,0.018008283810552854,-0.5047037381467402,0.35459183673469385
SESAME,0.014405070584845865,-0.7397898330775323,0.2857142857142857
SESAME,0.014405070584845865,-0.7397898330775323,0.288265306122449
SESAME,0.009603380389897245,-1.0530687112034474,0.14540816326530612
SESAME,0.010759629868732516,-0.9776309955540179,0.17091836734693877
SESAME,0.010803802938634399,-0.9747489916719686,0.1760204081632653
SESAME,0.007203054094936252,-1.2096743017958158,0.06887755102040816
SESAME,0.043215211754537596,1.1398834356779586,0.8673469387755102
SESAME,0.043215211754537596,1.1398834356779586,0.8698979591836735
SESAME,0.0322061191626409,0.4216121527863675,0.7117346938775511
SESAME,0.02881014116969173,0.2000468013002131,0.6096938775510204
SESAME,0.02881014116969173,0.2000468013002131,0.6122448979591837
SESAME,0.02881014116969173,0.2000468013002131,0.6147959183673469
SESAME,0.01620745542949757,-0.6221960110775939,0.31887755102040816
SESAME,0.02701242571582928,0.08275762650752855,0.576530612244898
SESAME,0.02701242571582928,0.08275762650752855,0.5790816326530612
SESAME,0.025207965717166624,-0.03497158571837108,0.5229591836734694
SESAME,0.025207965717166624,-0.03497158571837108,0.5255102040816326
SESAME,0.02881014116969173,0.2000468013002131,0.6173469387755102
SESAME,0.02881014116969173,0.2000468013002131,0.6198979591836735
SESAME,0.05402485143165856,1.8451417204703349,0.9617346938775511
SESAME,0.05402485143165856,1.8451417204703349,0.9642857142857143
SESAME,0.03241491085899514,0.4352344453000898,0.7295918367346939
SESAME,0.03241491085899514,0.4352344453000898,0.7321428571428571
SESAME,0.03241491085899514,0.4352344453000898,0.7346938775510204
SESAME,0.03241491085899514,0.4352344453000898,0.7372448979591837
SESAME,0.02881014116969173,0.2000468013002131,0.6224489795918368
SESAME,0.02881014116969173,0.2000468013002131,0.625
SESAME,0.025207965717166624,-0.03497158571837108,0.5280612244897959
SESAME,0.025207965717166624,-0.03497158571837108,0.5306122448979592
SESAME,0.043215211754537596,1.1398834356779586,0.8724489795918368
SESAME,0.043215211754537596,1.1398834356779586,0.875
SESAME,0.043215211754537596,1.1398834356779586,0.8775510204081632
SESAME,0.03961965134706815,0.905296637081295,0.8086734693877551
SESAME,0.03961965134706815,0.905296637081295,0.8112244897959183
SESAME,0.03961965134706815,0.905296637081295,0.8137755102040817
SESAME,0.03961965134706815,0.905296637081295,0.8163265306122449
SESAME,0.03961965134706815,0.905296637081295,0.8188775510204082
SESAME,0.036010082823190494,0.6697959005138648,0.7806122448979592
SESAME,0.036010082823190494,0.6697959005138648,0.7831632653061225
SESAME,0.019805902158843335,-0.38742089885747444,0.413265306122449
SESAME,0.019805902158843335,-0.38742089885747444,0.41581632653061223
SESAME,0.019805902158843335,-0.38742089885747444,0.41836734693877553
SESAME,0.019805902158843335,-0.38742089885747444,0.42091836734693877
SESAME,0.019208605455243947,-0.42639060194426964,0.3877551020408163
SESAME,0.019208605455243947,-0.42639060194426964,0.3903061224489796
SESAME,0.025207965717166624,-0.03497158571837108,0.5331632653061225
SESAME,0.021710811984368215,-0.26313799245521063,0.4872448979591837
SESAME,0.036010082823190494,0.6697959005138648,0.7857142857142857
SESAME,0.03961965134706815,0.905296637081295,0.8214285714285714
SESAME,0.038580246913580245,0.8374822963758598,0.8061224489795918
SESAME,0.036010082823190494,0.6697959005138648,0.7882653061224489
SESAME,0.0792393026941363,3.4902197416178677,0.9923469387755102
SESAME,0.0792393026941363,3.4902197416178677,0.9948979591836735
SESAME,0.02881014116969173,0.2000468013002131,0.6275510204081632
SESAME,0.02881014116969173,0.2000468013002131,0.6301020408163265
SESAME,0.03241491085899514,0.4352344453000898,0.7397959183673469
SESAME,0.03241491085899514,0.4352344453000898,0.7423469387755102
SESAME,0.02881014116969173,0.2000468013002131,0.6326530612244898
SESAME,0.02881014116969173,0.2000468013002131,0.6352040816326531
SESAME,0.030012004801920768,0.27846054210363846,0.673469387755102
SESAME,0.030012004801920768,0.27846054210363846,0.6760204081632653
SESAME,0.025207965717166624,-0.03497158571837108,0.5357142857142857
SESAME,0.025207965717166624,-0.03497158571837108,0.5382653061224489
SESAME,0.025207965717166624,-0.03497158571837108,0.5408163265306123
SESAME,0.019805902158843335,-0.38742089885747444,0.42346938775510207
SESAME,0.019805902158843335,-0.38742089885747444,0.4260204081632653
SESAME,0.02881014116969173,0.2000468013002131,0.6377551020408163
SESAME,0.028473804100227793,0.17810300744515212,0.5943877551020408
SESAME,0.02701242571582928,0.08275762650752855,0.5816326530612245
SESAME,0.021607605877268798,-0.2698715158886596,0.4744897959183674
SESAME,0.021607605877268798,-0.2698715158886596,0.4770408163265306
SESAME,0.036010082823190494,0.6697959005138648,0.7908163265306123
SESAME,0.036010082823190494,0.6697959005138648,0.7933673469387755
SESAME,0.025207965717166624,-0.03497158571837108,0.5433673469387755
SESAME,0.043215211754537596,1.1398834356779586,0.8801020408163265
SESAME,0.043215211754537596,1.1398834356779586,0.8826530612244898
SESAME,0.043215211754537596,1.1398834356779586,0.8852040816326531
SESAME,0.04681647940074907,1.3748425942723952,0.8979591836734694
SESAME,0.04681647940074907,1.3748425942723952,0.9005102040816326
SESAME,0.03361344537815126,0.5134309832507084,0.7525510204081632
SESAME,0.03241491085899514,0.4352344453000898,0.7448979591836735
SESAME,0.03241491085899514,0.4352344453000898,0.7474489795918368
SESAME,0.031486146095717885,0.37463861939935356,0.7066326530612245
SESAME,0.030012004801920768,0.27846054210363846,0.6785714285714286
SESAME,0.036010082823190494,0.6697959005138648,0.7959183673469388
SESAME,0.036010082823190494,0.6697959005138648,0.798469387755102
SESAME,0.02881014116969173,0.2000468013002131,0.6403061224489796
SESAME,0.02653927813163482,0.05188784142219287,0.5688775510204082
SESAME,0.03125976867771179,0.3598689735732655,0.7040816326530612
SESAME,0.03059039461609055,0.3161966943221189,0.6938775510204082
SESAME,0.02881014116969173,0.2000468013002131,0.6428571428571429
SESAME,0.043215211754537596,1.1398834356779586,0.8877551020408163
SESAME,0.04854368932038835,1.4875317441225422,0.9132653061224489
SESAME,0.05042864346949068,1.610512673165151,0.9438775510204082
SESAME,0.02881014116969173,0.2000468013002131,0.6454081632653061
SESAME,0.02881014116969173,0.2000468013002131,0.6479591836734694
SESAME,0.06123698714023271,2.3156864020182737,0.9744897959183674
SESAME,0.06123698714023271,2.3156864020182737,0.9770408163265306
SESAME,0.06123698714023271,2.3156864020182737,0.9795918367346939
SESAME,0.06480881399870382,2.548724741780178,0.9821428571428571
SESAME,0.06480881399870382,2.548724741780178,0.9846938775510204
SESAME,0.05763688760806916,2.0808034552250154,0.9719387755102041
SESAME,0.05558643690939411,1.9470249588094857,0.9693877551020408
SESAME,0.05221932114882507,1.7273426792028472,0.9566326530612245
SESAME,0.05402485143165856,1.8451417204703349,0.9668367346938775
SESAME,0.052164840897235255,1.7237881991333024,0.9540816326530612
SESAME,0.05042864346949068,1.610512673165151,0.9464285714285714
SESAME,0.04793863854266539,1.4480561384173538,0.9081632653061225
SESAME,0.04681647940074907,1.3748425942723952,0.9030612244897959
SESAME,0.047961630695443645,1.4495562259981079,0.9107142857142857
SESAME,0.05042864346949068,1.610512673165151,0.9489795918367347
SESAME,0.05042864346949068,1.610512673165151,0.951530612244898
SESAME,0.04681647940074907,1.3748425942723952,0.9056122448979592
SESAME,0.040866366979975484,0.986636677559152,0.8290816326530612
SESAME,0.05282620179609086,1.766937671926819,0.9591836734693877
SESAME,0.02701242571582928,0.08275762650752855,0.5841836734693877
SESAME,0.02701242571582928,0.08275762650752855,0.5867346938775511
SESAME,0.018008283810552854,-0.5047037381467402,0.35714285714285715
SESAME,0.017571604287471447,-0.5331942207762566,0.3239795918367347
SESAME,0.043215211754537596,1.1398834356779586,0.8903061224489796
SESAME,0.043215211754537596,1.1398834356779586,0.8928571428571429
SESAME,0.043215211754537596,1.1398834356779586,0.8954081632653061
SESAME,0.040551500405515,0.9660936930679617,0.826530612244898
SESAME,0.031210986267166042,0.35668624036317076,0.6964285714285714
SESAME,0.031210986267166042,0.35668624036317076,0.6989795918367347
SESAME,0.03961965134706815,0.905296637081295,0.8239795918367347
SESAME,0.022747952684258416,-0.19547134556030304,0.4923469387755102
SESAME,0.01927153594141453,-0.4222847993399745,0.4005102040816326
SESAME,0.018008283810552854,-0.5047037381467402,0.3596938775510204
SESAME,0.025207965717166624,-0.03497158571837108,0.5459183673469388
SESAME,0.02881014116969173,0.2000468013002131,0.6505102040816326
SESAME,0.02881014116969173,0.2000468013002131,0.6530612244897959
SESAME,0.030012004801920768,0.27846054210363846,0.6811224489795918
SESAME,0.030012004801920768,0.27846054210363846,0.6836734693877551
SESAME,0.031210986267166042,0.35668624036317076,0.701530612244898
SESAME,0.031746031746031744,0.3915944582114869,0.7091836734693877
SESAME,0.03241491085899514,0.4352344453000898,0.75
SESAME,0.01902587519025875,-0.43831255652485374,0.38010204081632654
SESAME,0.018008283810552854,-0.5047037381467402,0.3622448979591837
SESAME,0.01906941266209001,-0.4354720212595666,0.3826530612244898
SESAME,0.01855287569573284,-0.46917267972794763,0.375
SESAME,0.018008283810552854,-0.5047037381467402,0.3647959183673469
SESAME,0.019208605455243947,-0.42639060194426964,0.39285714285714285
SESAME,0.01680672268907563,-0.5830977421022847,0.32142857142857145
SESAME,0.015391719255040789,-0.6754174608598784,0.30612244897959184
SESAME,0.013542795232936078,-0.7960476597832423,0.2627551020408163
SESAME,0.011405109489051095,-0.9355176723081166,0.19642857142857142
SESAME,0.024009603841536616,-0.11315685980814466,0.5
SESAME,0.010400416016640665,-1.001067349842141,0.16326530612244897
SESAME,0.010803802938634399,-0.9747489916719686,0.17857142857142858
SESAME,0.009603380389897245,-1.0530687112034474,0.14795918367346939
SESAME,0.009603380389897245,-1.0530687112034474,0.15051020408163265
SESAME,0.018008283810552854,-0.5047037381467402,0.3673469387755102
SESAME,0.018008283810552854,-0.5047037381467402,0.36989795918367346
SESAME,0.02040816326530612,-0.34812730095521477,0.43112244897959184
SESAME,0.02040816326530612,-0.34812730095521477,0.4336734693877551
SESAME,0.012004801920768308,-0.8963916636317112,0.22193877551020408
SESAME,0.012004801920768308,-0.8963916636317112,0.22448979591836735
SESAME,0.018008283810552854,-0.5047037381467402,0.37244897959183676
SESAME,0.019208605455243947,-0.42639060194426964,0.39540816326530615
SESAME,0.019208605455243947,-0.42639060194426964,0.3979591836734694
SESAME,0.02881014116969173,0.2000468013002131,0.6556122448979592
SESAME,0.027624309392265192,0.12267903416082965,0.5918367346938775
SESAME,0.025813113061435206,0.004510320322292806,0.5663265306122449
SESAME,0.011190689346463742,-0.949507184123775,0.1913265306122449
SESAME,0.015278838808250572,-0.6827821716798295,0.30357142857142855
SESAME,0.025207965717166624,-0.03497158571837108,0.548469387755102
SESAME,0.024009603841536616,-0.11315685980814466,0.5025510204081632
SESAME,0.0250501002004008,-0.04527127811401815,0.5051020408163265
SESAME,0.025207965717166624,-0.03497158571837108,0.5510204081632653
SESAME,0.02881014116969173,0.2000468013002131,0.6581632653061225
SESAME,0.02918855808523059,0.2247360298740594,0.6709183673469388
SESAME,0.02881014116969173,0.2000468013002131,0.6607142857142857
SESAME,0.025207965717166624,-0.03497158571837108,0.5535714285714286
SESAME,0.021213406873143825,-0.2955904225146098,0.4413265306122449
SESAME,0.008703220191470844,-1.1117982763455903,0.08928571428571429
SESAME,0.02551020408163265,-0.0152525093301991,0.5561224489795918
SESAME,0.02551020408163265,-0.0152525093301991,0.5586734693877551
SESAME,0.0036013973421687613,-1.4446588470479484,0.002551020408163265
SESAME,0.0046932932838973105,-1.3734197787684468,0.02295918367346939
SESAME,0.004201680672268907,-1.4054942861170294,0.012755102040816327
SESAME,0.0038122831763943424,-1.430899925735545,0.00510204081632653
SESAME,0.004201680672268907,-1.4054942861170294,0.015306122448979591
SESAME,0.004501868275334264,-1.3859090084965457,0.017857142857142856
SESAME,0.004501868275334264,-1.3859090084965457,0.02040816326530612
SESAME,0.004801920768307323,-1.3663325459258513,0.025510204081632654
SESAME,0.006547930853850184,-1.252416808219401,0.03826530612244898
SESAME,0.010803802938634399,-0.9747489916719686,0.18112244897959184
SESAME,0.00828225940036442,-1.1392632145274733,0.08163265306122448
SESAME,0.004801920768307323,-1.3663325459258513,0.02806122448979592
SESAME,0.01174674027957242,-0.9132284977794514,0.21428571428571427
SESAME,0.010700909577314071,-0.9814621104889526,0.1683673469387755
SESAME,0.008999280057595392,-1.0924823065616214,0.09693877551020408
SESAME,0.007963051441312312,-1.1600894459669588,0.07908163265306123
SESAME,0.00929368029739777,-1.0732746165398213,0.11989795918367346
SESAME,0.012169891687963976,-0.8856206361481939,0.2372448979591837
SESAME,0.013019138133055592,-0.830212860392355,0.25255102040816324
SESAME,0.01350621285791464,-0.7984344204738746,0.25510204081632654
SESAME,0.012904890953671443,-0.837666741574479,0.25
SESAME,0.007203054094936252,-1.2096743017958158,0.07142857142857142
SESAME,0.008865248226950355,-1.1012270068302503,0.09438775510204081
SESAME,0.01020408163265306,-1.0138768842052461,0.15816326530612246
SESAME,0.012004801920768308,-0.8963916636317112,0.22704081632653061
SESAME,0.012004801920768308,-0.8963916636317112,0.22959183673469388
SESAME,0.012341108231519191,-0.8744498765814891,0.23979591836734693
SESAME,0.012682308180088777,-0.8521888116721059,0.24744897959183673
SESAME,0.009174311926605505,-1.0810626219644237,0.11479591836734694
SESAME,0.010803802938634399,-0.9747489916719686,0.1836734693877551
SESAME,0.02040816326530612,-0.34812730095521477,0.4362244897959184
SESAME,0.02040816326530612,-0.34812730095521477,0.4387755102040816
SESAME,0.021607605877268798,-0.2698715158886596,0.47959183673469385
SESAME,0.019102196752626553,-0.43333307378759683,0.3852040816326531
SESAME,0.019508388607101055,-0.40683171211967306,0.4030612244897959
SESAME,0.02881014116969173,0.2000468013002131,0.6632653061224489
SESAME,0.02881014116969173,0.2000468013002131,0.6658163265306123
SESAME,0.021607605877268798,-0.2698715158886596,0.48214285714285715
SESAME,0.021607605877268798,-0.2698715158886596,0.4846938775510204
SESAME,0.030012004801920768,0.27846054210363846,0.6862244897959183
SESAME,0.030012004801920768,0.27846054210363846,0.6887755102040817
SESAME,0.02701242571582928,0.08275762650752855,0.5892857142857143
SESAME,0.02551020408163265,-0.0152525093301991,0.5612244897959183
SESAME,0.02551020408163265,-0.0152525093301991,0.5637755102040817
SESAME,0.019805902158843335,-0.38742089885747444,0.42857142857142855
SESAME,0.008566778034781118,-1.1207002346230743,0.08673469387755102
SESAME,0.009266123054114159,-1.0750725464165167,0.11734693877551021
SESAME,0.01126887536623845,-0.9444060577358379,0.19387755102040816
SESAME,0.012004801920768308,-0.8963916636317112,0.23214285714285715
SESAME,0.009678668215253582,-1.0481566730446787,0.1556122448979592
SESAME,0.010567473317129875,-0.9901679536805436,0.16581632653061223
SESAME,0.011405109489051095,-0.9355176723081166,0.1989795918367347
SESAME,0.011405109489051095,-0.9355176723081166,0.20153061224489796
SESAME,0.011405109489051095,-0.9355176723081166,0.20408163265306123
SESAME,0.014405070584845865,-0.7397898330775323,0.29081632653061223
SESAME,0.014405070584845865,-0.7397898330775323,0.29336734693877553
SESAME,0.02281021897810219,-0.19140887716095542,0.49489795918367346
SESAME,0.01590583744234134,-0.6418746119040912,0.3112244897959184
SESAME,0.015780337699226765,-0.6500626492683896,0.3086734693877551
SESAME,0.013726835964310227,-0.784040205842332,0.26785714285714285
SESAME,0.014405070584845865,-0.7397898330775323,0.29591836734693877
SESAME,0.014405070584845865,-0.7397898330775323,0.29846938775510207
SESAME,0.015057973196807711,-0.6971922081795197,0.3010204081632653
SESAME,0.01350621285791464,-0.7984344204738746,0.2576530612244898
SESAME,0.01350621285791464,-0.7984344204738746,0.2602040816326531
SESAME,0.010803802938634399,-0.9747489916719686,0.18622448979591838
SESAME,0.01365001365001365,-0.7890523593676025,0.2653061224489796
SESAME,0.01422475106685633,-0.7515545021849634,0.27040816326530615
SESAME,0.011625203441060218,-0.9211579815391757,0.21173469387755103
SESAME,0.012605571662674902,-0.8571953675119639,0.24489795918367346
SESAME,0.009003331232556045,-1.092217993893532,0.10459183673469388
SESAME,0.009003331232556045,-1.092217993893532,0.10714285714285714
SESAME,0.006470816617057073,-1.2574480077781514,0.03571428571428571
SESAME,0.006145148405333989,-1.2786957284489293,0.03316326530612245
SESAME,0.006002400960384154,-1.2880090655434946,0.030612244897959183
SESAME,0.011405109489051095,-0.9355176723081166,0.2066326530612245
SESAME,0.011405109489051095,-0.9355176723081166,0.20918367346938777
SESAME,0.010803802938634399,-0.9747489916719686,0.18877551020408162
SESAME,0.009617234083477592,-1.0521648483121435,0.15306122448979592
SESAME,0.009003331232556045,-1.092217993893532,0.1096938775510204
SESAME,0.009003331232556045,-1.092217993893532,0.11224489795918367
SESAME,0.01020408163265306,-1.0138768842052461,0.16071428571428573
SESAME,0.012004801920768308,-0.8963916636317112,0.23469387755102042
SESAME,0.008403361344537815,-1.1313621047787814,0.08418367346938775
SESAME,0.008726764988218868,-1.1102621323605655,0.09183673469387756
SESAME,0.009480470231323474,-1.0610877951145203,0.12755102040816327
SESAME,0.009304056568663937,-1.0725976327092497,0.12244897959183673
SESAME,0.009304056568663937,-1.0725976327092497,0.125
SESAME,0.007203054094936252,-1.2096743017958158,0.07397959183673469
SESAME,0.007267441860465116,-1.2054734212452263,0.07653061224489796
WOOL,0.23980815347721823,-0.5776386879433996,0.26627218934911245
WOOL,0.2638522427440633,-0.4399008445095228,0.3994082840236686
WOOL,0.23980815347721823,-0.5776386879433996,0.2692307692307692
WOOL,0.23980815347721823,-0.5776386879433996,0.27218934911242604
WOOL,0.23980815347721823,-0.5776386879433996,0.27514792899408286
WOOL,0.23980815347721823,-0.5776386879433996,0.2781065088757396
WOOL,0.23980815347721823,-0.5776386879433996,0.28106508875739644
WOOL,0.23980815347721823,-0.5776386879433996,0.28402366863905326
WOOL,0.23980815347721823,-0.5776386879433996,0.2869822485207101
WOOL,0.23980815347721823,-0.5776386879433996,0.28994082840236685
WOOL,0.23980815347721823,-0.5776386879433996,0.29289940828402367
WOOL,0.23980815347721823,-0.5776386879433996,0.2958579881656805
WOOL,0.3597122302158274,0.109238189180802,0.5236686390532544
WOOL,0.3597122302158274,0.109238189180802,0.5266272189349113
WOOL,0.3597122302158274,0.109238189180802,0.5295857988165681
WOOL,0.3597122302158274,0.109238189180802,0.5325443786982249
WOOL,0.5988023952095809,1.4788789082368443,0.8727810650887574
WOOL,0.5988023952095809,1.4788789082368443,0.8757396449704142
WOOL,0.5988023952095809,1.4788789082368443,0.878698224852071
WOOL,0.5988023952095809,1.4788789082368443,0.8816568047337278
WOOL,0.9615384615384615,3.5568317455157348,0.9970414201183432
WOOL,0.9615384615384615,3.5568317455157348,1.0
WOOL,0.7194244604316548,2.1698688205534062,0.9763313609467456
WOOL,0.7194244604316548,2.1698688205534062,0.9792899408284024
WOOL,0.7194244604316548,2.1698688205534062,0.9822485207100592
WOOL,0.5988023952095809,1.4788789082368443,0.8846153846153846
WOOL,0.5988023952095809,1.4788789082368443,0.8875739644970414
WOOL,0.23980815347721823,-0.5776386879433996,0.2988165680473373
WOOL,0.23980815347721823,-0.5776386879433996,0.30177514792899407
WOOL,0.23980815347721823,-0.5776386879433996,0.3047337278106509
WOOL,0.12004801920768307,-1.2636909829822178,0.07396449704142012
WOOL,0.12004801920768307,-1.2636909829822178,0.07692307692307693
WOOL,0.12004801920768307,-1.2636909829822178,0.07988165680473373
WOOL,0.12004801920768307,-1.2636909829822178,0.08284023668639054
WOOL,0.12004801920768307,-1.2636909829822178,0.08579881656804733
WOOL,0.12004801920768307,-1.2636909829822178,0.08875739644970414
WOOL,0.12004801920768307,-1.2636909829822178,0.09171597633136094
WOOL,0.12004801920768307,-1.2636909829822178,0.09467455621301775
WOOL,0.1529051987767584,-1.0754668832902978,0.17455621301775148
WOOL,0.12004801920768307,-1.2636909829822178,0.09763313609467456
WOOL,0.12004801920768307,-1.2636909829822178,0.10059171597633136
WOOL,0.1801801801801802,-0.9192207025132726,0.17751479289940827
WOOL,0.1801801801801802,-0.9192207025132726,0.1804733727810651
WOOL,0.27932960893854747,-0.3512379295616797,0.41420118343195267
WOOL,0.27932960893854747,-0.3512379295616797,0.4171597633136095
WOOL,0.1801801801801802,-0.9192207025132726,0.1834319526627219
WOOL,0.1801801801801802,-0.9192207025132726,0.1863905325443787
WOOL,0.1801801801801802,-0.9192207025132726,0.1893491124260355
WOOL,0.1801801801801802,-0.9192207025132726,0.19230769230769232
WOOL,0.23980815347721823,-0.5776386879433996,0.3076923076923077
WOOL,0.23980815347721823,-0.5776386879433996,0.3106508875739645
WOOL,0.23980815347721823,-0.5776386879433996,0.3136094674556213
WOOL,0.3003003003003003,-0.23110620939425294,0.42011834319526625
WOOL,0.3003003003003003,-0.23110620939425294,0.4230769230769231
WOOL,0.3597122302158274,0.109238189180802,0.5355029585798816
WOOL,0.3597122302158274,0.109238189180802,0.5384615384615384
WOOL,0.4807692307692307,0.8027196516619663,0.6952662721893491
WOOL,0.4807692307692307,0.8027196516619663,0.6982248520710059
WOOL,0.3597122302158274,0.109238189180802,0.5414201183431953
WOOL,0.3597122302158274,0.109238189180802,0.5443786982248521
WOOL,0.3597122302158274,0.109238189180802,0.5473372781065089
WOOL,0.3597122302158274,0.109238189180802,0.5502958579881657
WOOL,0.3597122302158274,0.109238189180802,0.5532544378698225
WOOL,0.3597122302158274,0.109238189180802,0.5562130177514792
WOOL,0.5988023952095809,1.4788789082368443,0.8905325443786982
WOOL,0.5988023952095809,1.4788789082368443,0.893491124260355
WOOL,0.5988023952095809,1.4788789082368443,0.8964497041420119
WOOL,0.4807692307692307,0.8027196516619663,0.7011834319526628
WOOL,0.4807692307692307,0.8027196516619663,0.7041420118343196
WOOL,0.3597122302158274,0.109238189180802,0.5591715976331361
WOOL,0.3597122302158274,0.109238189180802,0.5621301775147929
WOOL,0.42016806722689076,0.4555626650417437,0.621301775147929
WOOL,0.42016806722689076,0.4555626650417437,0.6242603550295858
WOOL,0.42016806722689076,0.4555626650417437,0.6272189349112426
WOOL,0.42016806722689076,0.4555626650417437,0.6301775147928994
WOOL,0.4807692307692307,0.8027196516619663,0.7071005917159763
WOOL,0.4807692307692307,0.8027196516619663,0.7100591715976331
WOOL,0.42016806722689076,0.4555626650417437,0.6331360946745562
WOOL,0.42016806722689076,0.4555626650417437,0.636094674556213
WOOL,0.060024009603841535,-1.6075417125870102,0.0029585798816568047
WOOL,0.060024009603841535,-1.6075417125870102,0.005917159763313609
WOOL,0.12004801920768307,-1.2636909829822178,0.10355029585798817
WOOL,0.12004801920768307,-1.2636909829822178,0.10650887573964497
WOOL,0.4807692307692307,0.8027196516619663,0.7130177514792899
WOOL,0.4807692307692307,0.8027196516619663,0.7159763313609467
WOOL,0.4807692307692307,0.8027196516619663,0.7189349112426036
WOOL,0.4807692307692307,0.8027196516619663,0.7218934911242604
WOOL,0.45248868778280543,0.6407130579058625,0.6923076923076923
WOOL,0.42016806722689076,0.4555626650417437,0.6390532544378699
WOOL,0.3597122302158274,0.109238189180802,0.5650887573964497
WOOL,0.3597122302158274,0.109238189180802,0.5680473372781065
WOOL,0.3597122302158274,0.109238189180802,0.5710059171597633
WOOL,0.3597122302158274,0.109238189180802,0.5739644970414202
WOOL,0.3003003003003003,-0.23110620939425294,0.4260355029585799
WOOL,0.3597122302158274,0.109238189180802,0.5769230769230769
WOOL,0.3597122302158274,0.109238189180802,0.5798816568047337
WOOL,0.3597122302158274,0.109238189180802,0.5828402366863905
WOOL,0.3597122302158274,0.109238189180802,0.5857988165680473
WOOL,0.5988023952095809,1.4788789082368443,0.8994082840236687
WOOL,0.5988023952095809,1.4788789082368443,0.9023668639053254
WOOL,0.5988023952095809,1.4788789082368443,0.9053254437869822
WOOL,0.5988023952095809,1.4788789082368443,0.908284023668639
WOOL,0.5988023952095809,1.4788789082368443,0.9112426035502958
WOOL,0.4807692307692307,0.8027196516619663,0.7248520710059172
WOOL,0.4807692307692307,0.8027196516619663,0.727810650887574
WOOL,0.5988023952095809,1.4788789082368443,0.9142011834319527
WOOL,0.5988023952095809,1.4788789082368443,0.9171597633136095
WOOL,0.42016806722689076,0.4555626650417437,0.6420118343195266
WOOL,0.42016806722689076,0.4555626650417437,0.6449704142011834
WOOL,0.4807692307692307,0.8027196516619663,0.7307692307692307
WOOL,0.4807692307692307,0.8027196516619663,0.7337278106508875
WOOL,0.3597122302158274,0.109238189180802,0.5887573964497042
WOOL,0.3597122302158274,0.109238189180802,0.591715976331361
WOOL,0.3597122302158274,0.109238189180802,0.5946745562130178
WOOL,0.3597122302158274,0.109238189180802,0.5976331360946746
WOOL,0.3003003003003003,-0.23110620939425294,0.4289940828402367
WOOL,0.3003003003003003,-0.23110620939425294,0.4319526627218935
WOOL,0.42016806722689076,0.4555626650417437,0.6479289940828402
WOOL,0.42016806722689076,0.4555626650417437,0.650887573964497
WOOL,0.42016806722689076,0.4555626650417437,0.6538461538461539
WOOL,0.42016806722689076,0.4555626650417437,0.6568047337278107
WOOL,0.42016806722689076,0.4555626650417437,0.6597633136094675
WOOL,0.5988023952095809,1.4788789082368443,0.9201183431952663
WOOL,0.5988023952095809,1.4788789082368443,0.9230769230769231
WOOL,0.5988023952095809,1.4788789082368443,0.9260355029585798
WOOL,0.4807692307692307,0.8027196516619663,0.7366863905325444
WOOL,0.4807692307692307,0.8027196516619663,0.7396449704142012
WOOL,0.4807692307692307,0.8027196516619663,0.742603550295858
WOOL,0.4807692307692307,0.8027196516619663,0.7455621301775148
WOOL,0.4807692307692307,0.8027196516619663,0.7485207100591716
WOOL,0.42016806722689076,0.4555626650417437,0.6627218934911243
WOOL,0.42016806722689076,0.4555626650417437,0.665680473372781
WOOL,0.4807692307692307,0.8027196516619663,0.7514792899408284
WOOL,0.4807692307692307,0.8027196516619663,0.7544378698224852
WOOL,0.42016806722689076,0.4555626650417437,0.6686390532544378
WOOL,0.42016806722689076,0.4555626650417437,0.6715976331360947
WOOL,0.42016806722689076,0.4555626650417437,0.6745562130177515
WOOL,0.42016806722689076,0.4555626650417437,0.6775147928994083
WOOL,0.4807692307692307,0.8027196516619663,0.757396449704142
WOOL,0.4807692307692307,0.8027196516619663,0.7603550295857988
WOOL,0.4807692307692307,0.8027196516619663,0.7633136094674556
WOOL,0.4807692307692307,0.8027196516619663,0.7662721893491125
WOOL,0.4807692307692307,0.8027196516619663,0.7692307692307693
WOOL,0.4807692307692307,0.8027196516619663,0.772189349112426
WOOL,0.4807692307692307,0.8027196516619663,0.7751479289940828
WOOL,0.4807692307692307,0.8027196516619663,0.7781065088757396
WOOL,0.4807692307692307,0.8027196516619663,0.7810650887573964
WOOL,0.4807692307692307,0.8027196516619663,0.7840236686390533
WOOL,0.4807692307692307,0.8027196516619663,0.7869822485207101
WOOL,0.4807692307692307,0.8027196516619663,0.7899408284023669
WOOL,0.4807692307692307,0.8027196516619663,0.7928994082840237
WOOL,0.4807692307692307,0.8027196516619663,0.7958579881656804
WOOL,0.4807692307692307,0.8027196516619663,0.7988165680473372
WOOL,0.4807692307692307,0.8027196516619663,0.8017751479289941
WOOL,0.3597122302158274,0.109238189180802,0.6005917159763313
WOOL,0.3597122302158274,0.109238189180802,0.6035502958579881
WOOL,0.3597122302158274,0.109238189180802,0.606508875739645
WOOL,0.5988023952095809,1.4788789082368443,0.9289940828402367
WOOL,0.5988023952095809,1.4788789082368443,0.9319526627218935
WOOL,0.5988023952095809,1.4788789082368443,0.9349112426035503
WOOL,0.5988023952095809,1.4788789082368443,0.9378698224852071
WOOL,0.4807692307692307,0.8027196516619663,0.8047337278106509
WOOL,0.4807692307692307,0.8027196516619663,0.8076923076923077
WOOL,0.4807692307692307,0.8027196516619663,0.8106508875739645
WOOL,0.4807692307692307,0.8027196516619663,0.8136094674556213
WOOL,0.4807692307692307,0.8027196516619663,0.8165680473372781
WOOL,0.4807692307692307,0.8027196516619663,0.8195266272189349
WOOL,0.42016806722689076,0.4555626650417437,0.6804733727810651
WOOL,0.4484304932735426,0.6174654749453455,0.6893491124260355
WOOL,0.4807692307692307,0.8027196516619663,0.8224852071005917
WOOL,0.3003003003003003,-0.23110620939425294,0.4349112426035503
WOOL,0.3003003003003003,-0.23110620939425294,0.4378698224852071
WOOL,0.3003003003003003,-0.23110620939425294,0.4408284023668639
WOOL,0.3003003003003003,-0.23110620939425294,0.4437869822485207
WOOL,0.3003003003003003,-0.23110620939425294,0.4467455621301775
WOOL,0.3597122302158274,0.109238189180802,0.6094674556213018
WOOL,0.3597122302158274,0.109238189180802,0.6124260355029586
WOOL,0.42016806722689076,0.4555626650417437,0.6834319526627219
WOOL,0.42016806722689076,0.4555626650417437,0.6863905325443787
WOOL,0.4807692307692307,0.8027196516619663,0.8254437869822485
WOOL,0.4807692307692307,0.8027196516619663,0.8284023668639053
WOOL,0.4807692307692307,0.8027196516619663,0.8313609467455622
WOOL,0.5405405405405405,1.1451227768437862,0.849112426035503
WOOL,0.5405405405405405,1.1451227768437862,0.8520710059171598
WOOL,0.4807692307692307,0.8027196516619663,0.834319526627219
WOOL,0.5586592178770949,1.248916583068443,0.8698224852071006
WOOL,0.5988023952095809,1.4788789082368443,0.9408284023668639
WOOL,0.5405405405405405,1.1451227768437862,0.8550295857988166
WOOL,0.5405405405405405,1.1451227768437862,0.8579881656804734
WOOL,0.5405405405405405,1.1451227768437862,0.8609467455621301
WOOL,0.5405405405405405,1.1451227768437862,0.863905325443787
WOOL,0.5405405405405405,1.1451227768437862,0.8668639053254438
WOOL,0.6622516556291391,1.8423513692094162,0.9704142011834319
WOOL,0.6622516556291391,1.8423513692094162,0.9733727810650887
WOOL,0.6493506493506493,1.768447268987314,0.9674556213017751
WOOL,0.5988023952095809,1.4788789082368443,0.9437869822485208
WOOL,0.5988023952095809,1.4788789082368443,0.9467455621301775
WOOL,0.5988023952095809,1.4788789082368443,0.9497041420118343
WOOL,0.6329113924050632,1.6742741117422728,0.9644970414201184
WOOL,0.7194244604316548,2.1698688205534062,0.985207100591716
WOOL,0.7194244604316548,2.1698688205534062,0.9881656804733728
WOOL,0.7194244604316548,2.1698688205534062,0.9911242603550295
WOOL,0.7194244604316548,2.1698688205534062,0.9940828402366864
WOOL,0.5988023952095809,1.4788789082368443,0.9526627218934911
WOOL,0.5988023952095809,1.4788789082368443,0.9556213017751479
WOOL,0.4807692307692307,0.8027196516619663,0.8372781065088757
WOOL,0.4807692307692307,0.8027196516619663,0.8402366863905325
WOOL,0.4807692307692307,0.8027196516619663,0.8431952662721893
WOOL,0.5988023952095809,1.4788789082368443,0.9585798816568047
WOOL,0.5988023952095809,1.4788789082368443,0.9615384615384616
WOOL,0.3597122302158274,0.109238189180802,0.6153846153846154
WOOL,0.3597122302158274,0.109238189180802,0.6183431952662722
WOOL,0.3003003003003003,-0.23110620939425294,0.44970414201183434
WOOL,0.3003003003003003,-0.23110620939425294,0.4526627218934911
WOOL,0.27027027027027023,-0.4031348326740081,0.40236686390532544
WOOL,0.27027027027027023,-0.4031348326740081,0.40532544378698226
WOOL,0.23980815347721823,-0.5776386879433996,0.3165680473372781
WOOL,0.23980815347721823,-0.5776386879433996,0.31952662721893493
WOOL,0.3003003003003003,-0.23110620939425294,0.4556213017751479
WOOL,0.3003003003003003,-0.23110620939425294,0.45857988165680474
WOOL,0.3003003003003003,-0.23110620939425294,0.46153846153846156
WOOL,0.3003003003003003,-0.23110620939425294,0.46449704142011833
WOOL,0.3003003003003003,-0.23110620939425294,0.46745562130177515
WOOL,0.3003003003003003,-0.23110620939425294,0.47041420118343197
WOOL,0.3003003003003003,-0.23110620939425294,0.47337278106508873
WOOL,0.3003003003003003,-0.23110620939425294,0.47633136094674555
WOOL,0.27027027027027023,-0.4031348326740081,0.40828402366863903
WOOL,0.27027027027027023,-0.4031348326740081,0.41124260355029585
WOOL,0.3003003003003003,-0.23110620939425294,0.47928994082840237
WOOL,0.3003003003003003,-0.23110620939425294,0.4822485207100592
WOOL,0.3003003003003003,-0.23110620939425294,0.48520710059171596
WOOL,0.3003003003003003,-0.23110620939425294,0.4881656804733728
WOOL,0.3003003003003003,-0.23110620939425294,0.4911242603550296
WOOL,0.3003003003003003,-0.23110620939425294,0.4940828402366864
WOOL,0.3003003003003003,-0.23110620939425294,0.4970414201183432
WOOL,0.3003003003003003,-0.23110620939425294,0.5
WOOL,0.3003003003003003,-0.23110620939425294,0.5029585798816568
WOOL,0.3003003003003003,-0.23110620939425294,0.5059171597633136
WOOL,0.3048780487804878,-0.20488233389429036,0.5177514792899408
WOOL,0.35335689045936397,0.07283128756644487,0.5207100591715976
WOOL,0.3003003003003003,-0.23110620939425294,0.5088757396449705
WOOL,0.21008403361344538,-0.7479148885750293,0.2455621301775148
WOOL,0.23752969121140144,-0.5906909801452846,0.26331360946745563
WOOL,0.2557544757033248,-0.4862893334409482,0.39644970414201186
WOOL,0.23980815347721823,-0.5776386879433996,0.3224852071005917
WOOL,0.23980815347721823,-0.5776386879433996,0.3254437869822485
WOOL,0.23980815347721823,-0.5776386879433996,0.32840236686390534
WOOL,0.23980815347721823,-0.5776386879433996,0.33136094674556216
WOOL,0.23980815347721823,-0.5776386879433996,0.3343195266272189
WOOL,0.23980815347721823,-0.5776386879433996,0.33727810650887574
WOOL,0.23980815347721823,-0.5776386879433996,0.34023668639053256
WOOL,0.23980815347721823,-0.5776386879433996,0.3431952662721893
WOOL,0.23980815347721823,-0.5776386879433996,0.34615384615384615
WOOL,0.23980815347721823,-0.5776386879433996,0.34911242603550297
WOOL,0.2004008016032064,-0.8033857978599709,0.23964497041420119
WOOL,0.2004008016032064,-0.8033857978599709,0.24260355029585798
WOOL,0.21008403361344538,-0.7479148885750293,0.2485207100591716
WOOL,0.21008403361344538,-0.7479148885750293,0.2514792899408284
WOOL,0.21008403361344538,-0.7479148885750293,0.25443786982248523
WOOL,0.21008403361344538,-0.7479148885750293,0.257396449704142
WOOL,0.12004801920768307,-1.2636909829822178,0.10946745562130178
WOOL,0.12004801920768307,-1.2636909829822178,0.11242603550295859
WOOL,0.23980815347721823,-0.5776386879433996,0.3520710059171598
WOOL,0.23980815347721823,-0.5776386879433996,0.35502958579881655
WOOL,0.3003003003003003,-0.23110620939425294,0.5118343195266272
WOOL,0.3003003003003003,-0.23110620939425294,0.514792899408284
WOOL,0.4807692307692307,0.8027196516619663,0.8461538461538461
WOOL,0.12004801920768307,-1.2636909829822178,0.11538461538461539
WOOL,0.08496176720475786,-1.4646844425982732,0.05917159763313609
WOOL,0.08045052292839903,-1.4905273452315577,0.008875739644970414
WOOL,0.1801801801801802,-0.9192207025132726,0.1952662721893491
WOOL,0.1801801801801802,-0.9192207025132726,0.19822485207100593
WOOL,0.12004801920768307,-1.2636909829822178,0.11834319526627218
WOOL,0.12004801920768307,-1.2636909829822178,0.12130177514792899
WOOL,0.12004801920768307,-1.2636909829822178,0.1242603550295858
WOOL,0.10080645161290323,-1.3739173257385926,0.07100591715976332
WOOL,0.09389671361502347,-1.4135001271480616,0.06804733727810651
WOOL,0.12004801920768307,-1.2636909829822178,0.12721893491124261
WOOL,0.12004801920768307,-1.2636909829822178,0.1301775147928994
WOOL,0.12004801920768307,-1.2636909829822178,0.13313609467455623
WOOL,0.1801801801801802,-0.9192207025132726,0.20118343195266272
WOOL,0.23980815347721823,-0.5776386879433996,0.35798816568047337
WOOL,0.23980815347721823,-0.5776386879433996,0.3609467455621302
WOOL,0.23980815347721823,-0.5776386879433996,0.363905325443787
WOOL,0.23980815347721823,-0.5776386879433996,0.3668639053254438
WOOL,0.1801801801801802,-0.9192207025132726,0.20414201183431951
WOOL,0.19920318725099603,-0.8102463953360574,0.23668639053254437
WOOL,0.23980815347721823,-0.5776386879433996,0.3698224852071006
WOOL,0.23980815347721823,-0.5776386879433996,0.3727810650887574
WOOL,0.23980815347721823,-0.5776386879433996,0.3757396449704142
WOOL,0.23980815347721823,-0.5776386879433996,0.378698224852071
WOOL,0.23980815347721823,-0.5776386879433996,0.3816568047337278
WOOL,0.23980815347721823,-0.5776386879433996,0.38461538461538464
WOOL,0.23980815347721823,-0.5776386879433996,0.3875739644970414
WOOL,0.23980815347721823,-0.5776386879433996,0.3905325443786982
WOOL,0.23980815347721823,-0.5776386879433996,0.39349112426035504
WOOL,0.21008403361344538,-0.7479148885750293,0.2603550295857988
WOOL,0.18832391713747648,-0.8725688724713052,0.23372781065088757
WOOL,0.1801801801801802,-0.9192207025132726,0.20710059171597633
WOOL,0.12004801920768307,-1.2636909829822178,0.13609467455621302
WOOL,0.15015015015015015,-1.0912493257930276,0.16863905325443787
WOOL,0.15015015015015015,-1.0912493257930276,0.17159763313609466
WOOL,0.1801801801801802,-0.9192207025132726,0.21005917159763313
WOOL,0.1801801801801802,-0.9192207025132726,0.21301775147928995
WOOL,0.1801801801801802,-0.9192207025132726,0.21597633136094674
WOOL,0.12004801920768307,-1.2636909829822178,0.1390532544378698
WOOL,0.12004801920768307,-1.2636909829822178,0.14201183431952663
WOOL,0.1801801801801802,-0.9192207025132726,0.21893491124260356
WOOL,0.1801801801801802,-0.9192207025132726,0.22189349112426035
WOOL,0.1801801801801802,-0.9192207025132726,0.22485207100591717
WOOL,0.1801801801801802,-0.9192207025132726,0.22781065088757396
WOOL,0.1801801801801802,-0.9192207025132726,0.23076923076923078
WOOL,0.12004801920768307,-1.2636909829822178,0.14497041420118342
WOOL,0.12004801920768307,-1.2636909829822178,0.14792899408284024
WOOL,0.12004801920768307,-1.2636909829822178,0.15088757396449703
WOOL,0.12004801920768307,-1.2636909829822178,0.15384615384615385
WOOL,0.12004801920768307,-1.2636909829822178,0.15680473372781065
WOOL,0.12004801920768307,-1.2636909829822178,0.15976331360946747
WOOL,0.08045052292839903,-1.4905273452315577,0.011834319526627219
WOOL,0.08045052292839903,-1.4905273452315577,0.014792899408284023
WOOL,0.08045052292839903,-1.4905273452315577,0.01775147928994083
WOOL,0.08045052292839903,-1.4905273452315577,0.020710059171597635
WOOL,0.08045052292839903,-1.4905273452315577,0.023668639053254437
WOOL,0.08045052292839903,-1.4905273452315577,0.026627218934911243
WOOL,0.12004801920768307,-1.2636909829822178,0.16272189349112426
WOOL,0.12004801920768307,-1.2636909829822178,0.16568047337278108
WOOL,0.08045052292839903,-1.4905273452315577,0.029585798816568046
WOOL,0.08045052292839903,-1.4905273452315577,0.03254437869822485
WOOL,0.08045052292839903,-1.4905273452315577,0.03550295857988166
WOOL,0.08045052292839903,-1.4905273452315577,0.038461538461538464
WOOL,0.08045052292839903,-1.4905273452315577,0.04142011834319527
WOOL,0.08045052292839903,-1.4905273452315577,0.04437869822485207
WOOL,0.08045052292839903,-1.4905273452315577,0.047337278106508875
WOOL,0.08045052292839903,-1.4905273452315577,0.05029585798816568
WOOL,0.08045052292839903,-1.4905273452315577,0.05325443786982249
WOOL,0.08045052292839903,-1.4905273452315577,0.05621301775147929
WOOL,0.09000900090009001,-1.4357710960877665,0.0621301775147929
WOOL,0.09000900090009001,-1.4357710960877665,0.0650887573964497
