commodity,value,zscore,cdf
BARLEY,5.78,-0.6652937102814108,0.18795620437956204
BARLEY,4.63,-0.7471362935687437,0.11131386861313869
BARLEY,4.05,-0.7884134225310505,0.08029197080291971
BARLEY,10.62,-0.32084318583733246,0.49635036496350365
BARLEY,4.33,-0.7684865326871783,0.10401459854014598
BARLEY,4.63,-0.7471362935687437,0.11313868613138686
BARLEY,25.24,0.7196251338677144,0.8521897810218978
BARLEY,46.28,2.2169885707072625,0.9653284671532847
BARLEY,29.55,1.0263569025358918,0.8996350364963503
BARLEY,48.59,2.3813854119192093,0.968978102189781
BARLEY,50.09,2.488136607511382,0.9726277372262774
BARLEY,8.33,-0.48381667777471665,0.3777372262773723
BARLEY,18.54,0.2428031268893414,0.7335766423357665
BARLEY,29.82,1.045572117742483,0.9051094890510949
BARLEY,25.65,0.7488037939962418,0.8576642335766423
BARLEY,23.14,0.5701734600386723,0.8138686131386861
BARLEY,18.93,0.27055843774330646,0.7390510948905109
BARLEY,18.93,0.27055843774330646,0.7408759124087592
BARLEY,19.83,0.33460915509861017,0.7554744525547445
BARLEY,8.68,-0.4589080654698763,0.39416058394160586
BARLEY,8.68,-0.4589080654698763,0.395985401459854
BARLEY,11.27,-0.27458433441405744,0.5255474452554745
BARLEY,10.68,-0.3165731380136455,0.4981751824817518
BARLEY,15.87,0.052785998735273315,0.6587591240875912
BARLEY,15.87,0.052785998735273315,0.6605839416058394
BARLEY,13.22,-0.13580778014423237,0.5948905109489051
BARLEY,12.6,-0.179931607655664,0.572992700729927
BARLEY,11.57,-0.2532340952956228,0.5401459854014599
BARLEY,10.74,-0.31230309018995855,0.5109489051094891
BARLEY,9.92,-0.3706604104470132,0.46167883211678834
BARLEY,21.36,0.44349537460262684,0.791970802919708
BARLEY,25.24,0.7196251338677144,0.8540145985401459
BARLEY,30.22,1.074039103233729,0.906934306569343
BARLEY,23.14,0.5701734600386723,0.8156934306569343
BARLEY,23.14,0.5701734600386723,0.8175182481751825
BARLEY,8.41,-0.4781232806764674,0.3795620437956204
BARLEY,8.41,-0.4781232806764674,0.3813868613138686
BARLEY,13.88,-0.0888372540836762,0.6131386861313869
BARLEY,12.83,-0.1635630909981974,0.583941605839416
BARLEY,21.36,0.44349537460262684,0.7937956204379562
BARLEY,21.36,0.44349537460262684,0.7956204379562044
BARLEY,21.36,0.44349537460262684,0.7974452554744526
BARLEY,8.03,-0.5051669168931513,0.3521897810218978
BARLEY,7.21,-0.5635242371502059,0.29014598540145986
BARLEY,7.12,-0.5699293088857362,0.2864963503649635
BARLEY,9.26,-0.4176309365075694,0.43613138686131386
BARLEY,6.04,-0.6467901697121009,0.1989051094890511
BARLEY,5.79,-0.6645820356441298,0.1897810218978102
BARLEY,5.65,-0.6745454805660659,0.18613138686131386
BARLEY,11.57,-0.2532340952956228,0.541970802919708
BARLEY,11.57,-0.2532340952956228,0.5437956204379562
BARLEY,16.33,0.08552303205020632,0.6806569343065694
BARLEY,37.49,1.5914265645371282,0.9562043795620438
BARLEY,17.92,0.19867929937791004,0.7116788321167883
BARLEY,18.92,0.2698467631060254,0.7372262773722628
BARLEY,21.42,0.4477654224263139,0.8065693430656934
BARLEY,23.14,0.5701734600386723,0.8193430656934306
BARLEY,14.61,-0.03688500556215206,0.6295620437956204
BARLEY,26.65,0.8199712577243572,0.8704379562043796
BARLEY,67.41,3.72075707928234,0.9872262773722628
BARLEY,64.71,3.5286049272164286,0.9854014598540146
BARLEY,61.7,3.3143908613948017,0.9817518248175182
BARLEY,69.42,3.8638036813758525,0.9890510948905109
BARLEY,85.21,4.987537933642794,0.9963503649635036
BARLEY,61.7,3.3143908613948017,0.9835766423357665
BARLEY,92.56,5.510618792044443,0.9981751824817519
BARLEY,80.99,4.687211236710146,0.9945255474452555
BARLEY,59.5,3.157822441192948,0.9781021897810219
BARLEY,57.45,3.0119291405503112,0.9762773722627737
BARLEY,60.46,3.2261432063719386,0.9799270072992701
BARLEY,14.88,-0.01766979035556081,0.6368613138686131
BARLEY,5.55,-0.6816622269388773,0.17335766423357665
BARLEY,5.55,-0.6816622269388773,0.17518248175182483
BARLEY,3.97,-0.7941068196292997,0.06934306569343066
BARLEY,3.97,-0.7941068196292997,0.07116788321167883
BARLEY,3.86,-0.8019352406393925,0.058394160583941604
BARLEY,3.98,-0.7933951449920186,0.07846715328467153
BARLEY,4.63,-0.7471362935687437,0.11496350364963503
BARLEY,4.63,-0.7471362935687437,0.11678832116788321
BARLEY,4.63,-0.7471362935687437,0.11861313868613138
BARLEY,9.07,-0.43115275461591124,0.4251824817518248
BARLEY,8.17,-0.4952034719712151,0.35766423357664234
BARLEY,9.29,-0.41549591259572594,0.4543795620437956
BARLEY,9.83,-0.3770654821825436,0.45985401459854014
BARLEY,9.92,-0.3706604104470132,0.4635036496350365
BARLEY,7.5,-0.5428856726690524,0.3175182481751825
BARLEY,7.39,-0.5507140936791451,0.31204379562043794
BARLEY,6.31,-0.6275749545055098,0.20985401459854014
BARLEY,7.31,-0.5564074907773944,0.2937956204379562
BARLEY,7.31,-0.5564074907773944,0.2956204379562044
BARLEY,7.31,-0.5564074907773944,0.29744525547445255
BARLEY,7.05,-0.5749110313467043,0.28284671532846717
BARLEY,6.94,-0.5827394523567969,0.24817518248175183
BARLEY,6.94,-0.5827394523567969,0.25
BARLEY,6.94,-0.5827394523567969,0.2518248175182482
BARLEY,6.94,-0.5827394523567969,0.25364963503649635
BARLEY,6.94,-0.5827394523567969,0.25547445255474455
BARLEY,6.94,-0.5827394523567969,0.2572992700729927
BARLEY,6.94,-0.5827394523567969,0.2591240875912409
BARLEY,6.97,-0.5806044284449536,0.2773722627737226
BARLEY,7.75,-0.5250938067370235,0.34306569343065696
BARLEY,9.13,-0.4268827067922243,0.42883211678832117
BARLEY,11.24,-0.2767193583259009,0.5237226277372263
BARLEY,9.12,-0.42759438142950557,0.42700729927007297
BARLEY,9.92,-0.3706604104470132,0.4653284671532847
BARLEY,10.04,-0.3621203147996394,0.47992700729927007
BARLEY,11.4,-0.26533256412940237,0.5291970802919708
BARLEY,13.73,-0.09951237364289353,0.6094890510948905
BARLEY,13.22,-0.13580778014423237,0.5967153284671532
BARLEY,23.14,0.5701734600386723,0.8211678832116789
BARLEY,25.78,0.7580555642808969,0.8594890510948905
BARLEY,26.71,0.8242413055480442,0.8722627737226277
BARLEY,27.96,0.9132006352081885,0.8868613138686131
BARLEY,30.85,1.1188746053824419,0.9124087591240876
BARLEY,4.63,-0.7471362935687437,0.12043795620437957
BARLEY,4.63,-0.7471362935687437,0.12226277372262774
BARLEY,10.68,-0.3165731380136455,0.5
BARLEY,26.11,0.7815408273111749,0.864963503649635
BARLEY,12.09,-0.21622701415700282,0.5602189781021898
BARLEY,5.34,-0.6966073943217816,0.16058394160583941
BARLEY,5.34,-0.6966073943217816,0.1624087591240876
BARLEY,4.21,-0.777026628334552,0.0948905109489051
BARLEY,4.21,-0.777026628334552,0.09671532846715329
BARLEY,4.21,-0.777026628334552,0.09854014598540146
BARLEY,3.16,-0.8517524652490732,0.025547445255474453
BARLEY,3.14,-0.8531758145236354,0.023722627737226276
BARLEY,3.09,-0.8567341877100413,0.014598540145985401
BARLEY,3.09,-0.8567341877100413,0.016423357664233577
BARLEY,3.09,-0.8567341877100413,0.01824817518248175
BARLEY,8.68,-0.4589080654698763,0.3978102189781022
BARLEY,8.68,-0.4589080654698763,0.39963503649635035
BARLEY,23.14,0.5701734600386723,0.822992700729927
BARLEY,23.14,0.5701734600386723,0.8248175182481752
BARLEY,23.14,0.5701734600386723,0.8266423357664233
BARLEY,23.14,0.5701734600386723,0.8284671532846716
BARLEY,8.17,-0.4952034719712151,0.3594890510948905
BARLEY,8.17,-0.4952034719712151,0.3613138686131387
BARLEY,8.41,-0.4781232806764674,0.38321167883211676
BARLEY,11.03,-0.29166452570880513,0.5145985401459854
BARLEY,11.55,-0.2546574445701851,0.5383211678832117
BARLEY,11.33,-0.2703142865903705,0.5273722627737226
BARLEY,12.43,-0.1920300764894436,0.5675182481751825
BARLEY,14.29,-0.059658593955149004,0.6259124087591241
BARLEY,13.52,-0.11445754102579782,0.6040145985401459
BARLEY,9.37,-0.4098025154974767,0.4562043795620438
BARLEY,13.38,-0.12442098594773389,0.5985401459854015
BARLEY,15.68,0.039264180626931426,0.6496350364963503
BARLEY,16.83,0.12110676391426402,0.6952554744525548
BARLEY,18.51,0.2406681029774981,0.7171532846715328
BARLEY,17.55,0.17234733779850728,0.7098540145985401
BARLEY,4.96,-0.7236510305384655,0.14963503649635038
BARLEY,4.96,-0.7236510305384655,0.15145985401459855
BARLEY,9.26,-0.4176309365075694,0.43795620437956206
BARLEY,9.26,-0.4176309365075694,0.4397810218978102
BARLEY,23.14,0.5701734600386723,0.8302919708029197
BARLEY,23.14,0.5701734600386723,0.8321167883211679
BARLEY,34.71,1.3935810153729673,0.9324817518248175
BARLEY,34.71,1.3935810153729673,0.9343065693430657
BARLEY,34.71,1.3935810153729673,0.9361313868613139
BARLEY,34.71,1.3935810153729673,0.9379562043795621
BARLEY,19.83,0.33460915509861017,0.7572992700729927
BARLEY,19.83,0.33460915509861017,0.7591240875912408
BARLEY,19.83,0.33460915509861017,0.7609489051094891
BARLEY,19.83,0.33460915509861017,0.7627737226277372
BARLEY,11.57,-0.2532340952956228,0.5456204379562044
BARLEY,11.57,-0.2532340952956228,0.5474452554744526
BARLEY,11.42,-0.2639092148548401,0.531021897810219
BARLEY,9.18,-0.4233243336058186,0.4324817518248175
BARLEY,8.45,-0.47527658212734286,0.3886861313868613
BARLEY,6.94,-0.5827394523567969,0.26094890510948904
BARLEY,7.71,-0.5279405052861482,0.3248175182481752
BARLEY,7.71,-0.5279405052861482,0.3266423357664234
BARLEY,3.48,-0.8289788768560763,0.043795620437956206
BARLEY,3.52,-0.8261321783069517,0.04562043795620438
BARLEY,4.63,-0.7471362935687437,0.12408759124087591
BARLEY,4.63,-0.7471362935687437,0.1259124087591241
BARLEY,7.54,-0.5400389741199279,0.32299270072992703
BARLEY,7.71,-0.5279405052861482,0.3284671532846715
BARLEY,18.51,0.2406681029774981,0.718978102189781
BARLEY,18.51,0.2406681029774981,0.7208029197080292
BARLEY,5.55,-0.6816622269388773,0.177007299270073
BARLEY,5.94,-0.6539069160849124,0.19708029197080293
BARLEY,6.31,-0.6275749545055098,0.2116788321167883
BARLEY,4.09,-0.785566723981926,0.09124087591240876
BARLEY,3.74,-0.8104753362867663,0.05474452554744526
BARLEY,3.7,-0.8133220348358909,0.04744525547445255
BARLEY,3.97,-0.7941068196292997,0.072992700729927
BARLEY,3.97,-0.7941068196292997,0.07481751824817519
BARLEY,3.23,-0.8467707427881052,0.02737226277372263
BARLEY,3.23,-0.8467707427881052,0.029197080291970802
BARLEY,4.08,-0.786278398619207,0.08576642335766424
BARLEY,4.08,-0.786278398619207,0.08759124087591241
BARLEY,3.7,-0.8133220348358909,0.04927007299270073
BARLEY,3.7,-0.8133220348358909,0.051094890510948905
BARLEY,13.88,-0.0888372540836762,0.614963503649635
BARLEY,14.58,-0.03902002947399548,0.6277372262773723
BARLEY,18.51,0.2406681029774981,0.7226277372262774
BARLEY,17.35,0.15811384505288426,0.7025547445255474
BARLEY,18.07,0.20935441893712725,0.7135036496350365
BARLEY,20.95,0.4143167144740995,0.7883211678832117
BARLEY,18.51,0.2406681029774981,0.7244525547445255
BARLEY,6.74,-0.5969729451024202,0.24087591240875914
BARLEY,6.17,-0.637538399427446,0.20255474452554745
BARLEY,23.14,0.5701734600386723,0.833941605839416
BARLEY,23.14,0.5701734600386723,0.8357664233576643
BARLEY,27.77,0.8996788170998464,0.8777372262773723
BARLEY,27.77,0.8996788170998464,0.8795620437956204
BARLEY,20.44,0.3780213079727608,0.7755474452554745
BARLEY,23.14,0.5701734600386723,0.8375912408759124
BARLEY,25.38,0.7295885787896507,0.8558394160583942
BARLEY,27.44,0.8761935540695686,0.8740875912408759
BARLEY,21.36,0.44349537460262684,0.7992700729927007
BARLEY,5.05,-0.7172459588029351,0.15693430656934307
BARLEY,5.05,-0.7172459588029351,0.15875912408759124
BARLEY,4.21,-0.777026628334552,0.10036496350364964
BARLEY,4.21,-0.777026628334552,0.10218978102189781
BARLEY,8.03,-0.5051669168931513,0.354014598540146
BARLEY,7.71,-0.5279405052861482,0.3302919708029197
BARLEY,6.94,-0.5827394523567969,0.26277372262773724
BARLEY,6.46,-0.6168998349462924,0.22627737226277372
BARLEY,6.17,-0.637538399427446,0.20437956204379562
BARLEY,11.42,-0.2639092148548401,0.5328467153284672
BARLEY,9.92,-0.3706604104470132,0.46715328467153283
BARLEY,7.43,-0.5478673951300205,0.31386861313868614
BARLEY,8.68,-0.4589080654698763,0.40145985401459855
BARLEY,8.96,-0.4389811756260039,0.4197080291970803
BARLEY,6.61,-0.6062247153870751,0.23175182481751824
BARLEY,6.61,-0.6062247153870751,0.23357664233576642
BARLEY,4.63,-0.7471362935687437,0.12773722627737227
BARLEY,4.84,-0.7321911261858394,0.1478102189781022
BARLEY,17.35,0.15811384505288426,0.7043795620437956
BARLEY,7.01,-0.577757729895829,0.2791970802919708
BARLEY,4.79,-0.7357494993722452,0.14233576642335766
BARLEY,3.86,-0.8019352406393925,0.060218978102189784
BARLEY,3.86,-0.8019352406393925,0.06204379562043796
BARLEY,5.34,-0.6966073943217816,0.16423357664233576
BARLEY,5.34,-0.6966073943217816,0.16605839416058393
BARLEY,3.72,-0.8118986855613286,0.05291970802919708
BARLEY,3.75,-0.8097636616494851,0.05656934306569343
BARLEY,5.79,-0.6645820356441298,0.19160583941605838
BARLEY,5.79,-0.6645820356441298,0.19343065693430658
BARLEY,5.55,-0.6816622269388773,0.17883211678832117
BARLEY,5.55,-0.6816622269388773,0.18065693430656934
BARLEY,4.79,-0.7357494993722452,0.14416058394160583
BARLEY,4.79,-0.7357494993722452,0.145985401459854
BARLEY,11.15,-0.28312443006143123,0.5218978102189781
BARLEY,9.99,-0.3656786879860451,0.4781021897810219
BARLEY,7.71,-0.5279405052861482,0.33211678832116787
BARLEY,7.71,-0.5279405052861482,0.33394160583941607
BARLEY,7.71,-0.5279405052861482,0.3357664233576642
BARLEY,15.43,0.02147231469490258,0.6423357664233577
BARLEY,15.43,0.02147231469490258,0.6441605839416058
BARLEY,16.33,0.08552303205020632,0.6824817518248175
BARLEY,15.89,0.05420934800983572,0.6642335766423357
BARLEY,6.94,-0.5827394523567969,0.2645985401459854
BARLEY,6.94,-0.5827394523567969,0.2664233576642336
BARLEY,8.17,-0.4952034719712151,0.36313868613138683
BARLEY,8.17,-0.4952034719712151,0.36496350364963503
BARLEY,7.31,-0.5564074907773944,0.29927007299270075
BARLEY,7.31,-0.5564074907773944,0.3010948905109489
BARLEY,4.63,-0.7471362935687437,0.12956204379562045
BARLEY,4.63,-0.7471362935687437,0.13138686131386862
BARLEY,2.89,-0.8709676804556643,0.010948905109489052
BARLEY,2.89,-0.8709676804556643,0.012773722627737226
BARLEY,3.09,-0.8567341877100413,0.020072992700729927
BARLEY,3.09,-0.8567341877100413,0.021897810218978103
BARLEY,2.14,-0.9243432782517509,0.0018248175182481751
BARLEY,2.14,-0.9243432782517509,0.0036496350364963502
BARLEY,5.34,-0.6966073943217816,0.1678832116788321
BARLEY,6.65,-0.6033780168379504,0.2354014598540146
BARLEY,9.92,-0.3706604104470132,0.46897810218978103
BARLEY,9.92,-0.3706604104470132,0.4708029197080292
BARLEY,6.31,-0.6275749545055098,0.21350364963503649
BARLEY,6.87,-0.5877211748177651,0.24635036496350365
BARLEY,8.2,-0.4930684480593717,0.3759124087591241
BARLEY,8.68,-0.4589080654698763,0.4032846715328467
BARLEY,7.71,-0.5279405052861482,0.3375912408759124
BARLEY,7.51,-0.5421739980317712,0.3193430656934307
BARLEY,4.41,-0.7627931355889289,0.10948905109489052
BARLEY,3.86,-0.8019352406393925,0.06386861313868614
BARLEY,3.91,-0.7983768674529866,0.06569343065693431
BARLEY,4.78,-0.7364611740095262,0.14051094890510948
BARLEY,6.31,-0.6275749545055098,0.21532846715328466
BARLEY,6.31,-0.6275749545055098,0.21715328467153286
BARLEY,3.47,-0.8296905514933574,0.03832116788321168
BARLEY,3.47,-0.8296905514933574,0.040145985401459854
BARLEY,12.03,-0.22049706198068977,0.5529197080291971
BARLEY,10.07,-0.35998529088779585,0.48175182481751827
BARLEY,7.71,-0.5279405052861482,0.33941605839416056
BARLEY,8.06,-0.5030318929813078,0.35583941605839414
BARLEY,8.42,-0.47741160603918625,0.38686131386861317
BARLEY,8.68,-0.4589080654698763,0.4051094890510949
BARLEY,8.68,-0.4589080654698763,0.40693430656934304
BARLEY,10.46,-0.3322299800338308,0.4927007299270073
BARLEY,10.68,-0.3165731380136455,0.5018248175182481
BARLEY,13.02,-0.15004127288985553,0.5894160583941606
BARLEY,13.55,-0.11232251711395429,0.6058394160583942
BARLEY,9.92,-0.3706604104470132,0.4726277372262774
BARLEY,9.92,-0.3706604104470132,0.4744525547445255
BARLEY,9.26,-0.4176309365075694,0.4416058394160584
BARLEY,9.16,-0.4247476828803809,0.4306569343065693
BARLEY,7.05,-0.5749110313467043,0.2846715328467153
BARLEY,9.2,-0.42190098433125633,0.4343065693430657
BARLEY,5.34,-0.6966073943217816,0.16970802919708028
BARLEY,4.96,-0.7236510305384655,0.15328467153284672
BARLEY,4.71,-0.7414428964704943,0.1386861313868613
BARLEY,4.63,-0.7471362935687437,0.1332116788321168
BARLEY,4.63,-0.7471362935687437,0.13503649635036497
BARLEY,3.93,-0.7969535181784244,0.06751824817518248
BARLEY,4.06,-0.7877017478937695,0.08394160583941605
BARLEY,3.31,-0.8410773456898559,0.03102189781021898
BARLEY,3.47,-0.8296905514933574,0.041970802919708027
BARLEY,3.39,-0.8353839485916066,0.0364963503649635
BARLEY,3.35,-0.8382306471407314,0.03467153284671533
BARLEY,3.31,-0.8410773456898559,0.032846715328467155
BARLEY,3.97,-0.7941068196292997,0.07664233576642336
BARLEY,4.08,-0.786278398619207,0.08941605839416059
BARLEY,2.24,-0.9172265318789393,0.005474452554744526
BARLEY,2.24,-0.9172265318789393,0.0072992700729927005
BARLEY,2.28,-0.9143798333298148,0.009124087591240875
BARLEY,8.68,-0.4589080654698763,0.40875912408759124
BARLEY,8.68,-0.4589080654698763,0.41058394160583944
BARLEY,12.07,-0.21765036343156507,0.5565693430656934
BARLEY,11.81,-0.23615390400087508,0.551094890510949
BARLEY,10.68,-0.3165731380136455,0.5036496350364964
BARLEY,9.71,-0.3856055778299174,0.458029197080292
BARLEY,9.04,-0.4332877785277548,0.4233576642335766
BARLEY,8.68,-0.4589080654698763,0.4124087591240876
BARLEY,5.87,-0.6588886385458804,0.19525547445255476
BARLEY,6.51,-0.6133414617598867,0.2281021897810219
BARLEY,6.51,-0.6133414617598867,0.22992700729927007
BARLEY,9.26,-0.4176309365075694,0.44343065693430656
BARLEY,8.84,-0.4475212712733778,0.41788321167883213
BARLEY,9.26,-0.4176309365075694,0.44525547445255476
BARLEY,5.61,-0.6773921791151906,0.1843065693430657
BARLEY,6.76,-0.5955495958278578,0.2427007299270073
BARLEY,6.31,-0.6275749545055098,0.21897810218978103
BARLEY,6.31,-0.6275749545055098,0.2208029197080292
BARLEY,6.67,-0.6019546675633882,0.23722627737226276
BARLEY,8.68,-0.4589080654698763,0.4142335766423358
BARLEY,15.94,0.05776772119624141,0.6697080291970803
BARLEY,8.58,-0.4660248118426878,0.39233576642335766
BARLEY,8.96,-0.4389811756260039,0.4215328467153285
BARLEY,12.62,-0.1785082583811017,0.5748175182481752
BARLEY,12.44,-0.19131840185216245,0.5693430656934306
BARLEY,12.62,-0.1785082583811017,0.5766423357664233
BARLEY,9.92,-0.3706604104470132,0.4762773722627737
BARLEY,6.22,-0.6339800262410402,0.20802919708029197
BARLEY,6.31,-0.6275749545055098,0.22262773722627738
BARLEY,7.31,-0.5564074907773944,0.3029197080291971
BARLEY,7.31,-0.5564074907773944,0.30474452554744524
BARLEY,5.55,-0.6816622269388773,0.18248175182481752
BARLEY,4.65,-0.7457129442941812,0.13686131386861314
BARLEY,4.05,-0.7884134225310505,0.08211678832116788
BARLEY,5.46,-0.6880672986744077,0.17153284671532848
BARLEY,6.13,-0.6403850979765706,0.20072992700729927
BARLEY,4.96,-0.7236510305384655,0.1551094890510949
BARLEY,7.94,-0.5115719886286816,0.35036496350364965
BARLEY,7.04,-0.5756227059839856,0.28102189781021897
BARLEY,6.86,-0.5884328494550464,0.24452554744525548
BARLEY,7.29,-0.5578308400519567,0.291970802919708
BARLEY,7.31,-0.5564074907773944,0.30656934306569344
BARLEY,10.68,-0.3165731380136455,0.5054744525547445
BARLEY,10.68,-0.3165731380136455,0.5072992700729927
BARLEY,10.54,-0.3265365829355817,0.49452554744525545
BARLEY,14.07,-0.07531543597533431,0.6204379562043796
BARLEY,14.82,-0.02193983817924777,0.635036496350365
BARLEY,15.43,0.02147231469490258,0.6459854014598541
BARLEY,15.71,0.04139920453877497,0.6532846715328468
BARLEY,16.02,0.06346111829449065,0.6715328467153284
BARLEY,14.22,-0.06464031641611698,0.6240875912408759
BARLEY,11.45,-0.2617741909429967,0.5346715328467153
BARLEY,10.69,-0.3158614633763644,0.5091240875912408
BARLEY,11.57,-0.2532340952956228,0.5492700729927007
BARLEY,11.11,-0.2859711286105559,0.5164233576642335
BARLEY,11.53,-0.25608079384474747,0.5364963503649635
BARLEY,13.44,-0.12015093812404706,0.6003649635036497
BARLEY,15.17,0.0029687741255925923,0.6405109489051095
BARLEY,16.65,0.10829662044320328,0.6897810218978102
BARLEY,15.71,0.04139920453877497,0.6551094890510949
BARLEY,16.33,0.08552303205020632,0.6843065693430657
BARLEY,16.33,0.08552303205020632,0.6861313868613139
BARLEY,19.83,0.33460915509861017,0.7645985401459854
BARLEY,19.58,0.31681728916658136,0.7536496350364964
BARLEY,19.83,0.33460915509861017,0.7664233576642335
BARLEY,17.43,0.16380724215113335,0.708029197080292
BARLEY,16.67,0.1097199697177658,0.6934306569343066
BARLEY,19.15,0.28621527976349176,0.7481751824817519
BARLEY,16.02,0.06346111829449065,0.6733576642335767
BARLEY,16.02,0.06346111829449065,0.6751824817518248
BARLEY,15.07,-0.004147972247218921,0.6386861313868614
BARLEY,16.04,0.06488446756905293,0.677007299270073
BARLEY,16.33,0.08552303205020632,0.6879562043795621
BARLEY,8.41,-0.4781232806764674,0.38503649635036497
BARLEY,8.5,-0.471718208940937,0.3905109489051095
BARLEY,8.17,-0.4952034719712151,0.36678832116788324
BARLEY,8.17,-0.4952034719712151,0.3686131386861314
BARLEY,7.51,-0.5421739980317712,0.32116788321167883
BARLEY,6.39,-0.6218815574072605,0.22445255474452555
BARLEY,6.69,-0.6005313182888258,0.23905109489051096
BARLEY,7.19,-0.5649475864247682,0.28832116788321166
BARLEY,7.93,-0.5122836632659629,0.34854014598540145
BARLEY,7.44,-0.5471557204927393,0.3156934306569343
BARLEY,6.94,-0.5827394523567969,0.26824817518248173
BARLEY,8.68,-0.4589080654698763,0.41605839416058393
BARLEY,7.71,-0.5279405052861482,0.34124087591240876
BARLEY,7.31,-0.5564074907773944,0.3083941605839416
BARLEY,7.31,-0.5564074907773944,0.3102189781021898
BARLEY,6.17,-0.637538399427446,0.2062043795620438
BARLEY,6.94,-0.5827394523567969,0.27007299270072993
BARLEY,6.94,-0.5827394523567969,0.2718978102189781
BARLEY,27.77,0.8996788170998464,0.8813868613138686
BARLEY,27.77,0.8996788170998464,0.8832116788321168
BARLEY,34.71,1.3935810153729673,0.9397810218978102
BARLEY,34.71,1.3935810153729673,0.9416058394160584
BARLEY,37.79,1.6127768036555625,0.958029197080292
BARLEY,32.88,1.2633445567505164,0.927007299270073
BARLEY,31.75,1.1829253227377456,0.916058394160584
BARLEY,24.98,0.7011215932984046,0.8485401459854015
BARLEY,26.25,0.7915042722331112,0.8667883211678832
BARLEY,24.81,0.6890231244646249,0.8467153284671532
BARLEY,30.67,1.1060644619113813,0.9105839416058394
BARLEY,32.67,1.248399389367612,0.9233576642335767
BARLEY,33.42,1.3017749871636985,0.9306569343065694
BARLEY,35.6,1.45692005809099,0.9470802919708029
BARLEY,37.02,1.557977856584914,0.9507299270072993
BARLEY,28.22,0.9317041757774983,0.8905109489051095
BARLEY,28.63,0.9608828359060256,0.8941605839416058
BARLEY,12.65,-0.17637323446925815,0.5802919708029197
BARLEY,13.7,-0.10164739755473708,0.6076642335766423
BARLEY,19.92,0.3410142268341408,0.7718978102189781
BARLEY,22.04,0.49188924993774524,0.8083941605839416
BARLEY,32.34,1.224914126337334,0.9178832116788321
BARLEY,33.26,1.2903881929671999,0.9288321167883211
BARLEY,22.61,0.5324547042627711,0.8120437956204379
BARLEY,36.61,1.5287991964563865,0.948905109489051
BARLEY,45.3,2.147244456253709,0.9635036496350365
BARLEY,55.04,2.840415552965553,0.9744525547445255
BARLEY,49.0,2.410564072047736,0.9708029197080292
BARLEY,43.84,2.043339959210661,0.9598540145985401
BARLEY,78.64,4.5199676969490765,0.9927007299270073
BARLEY,28.94,0.9829447496617416,0.8959854014598541
BARLEY,30.29,1.0790208256946971,0.9087591240875912
BARLEY,24.14,0.6413409237667876,0.843065693430657
BARLEY,21.36,0.44349537460262684,0.801094890510949
BARLEY,20.52,0.3837147050710099,0.7773722627737226
BARLEY,15.89,0.05420934800983572,0.666058394160584
BARLEY,12.07,-0.21765036343156507,0.5583941605839416
BARLEY,12.89,-0.15929304317451046,0.5857664233576643
BARLEY,16.11,0.06986619003002102,0.6788321167883211
BARLEY,9.26,-0.4176309365075694,0.4470802919708029
BARLEY,18.51,0.2406681029774981,0.7262773722627737
BARLEY,18.51,0.2406681029774981,0.7281021897810219
BARLEY,19.19,0.28906197831261654,0.75
BARLEY,19.83,0.33460915509861017,0.7682481751824818
BARLEY,21.36,0.44349537460262684,0.8029197080291971
BARLEY,21.36,0.44349537460262684,0.8047445255474452
BARLEY,29.75,1.040590395281515,0.9014598540145985
BARLEY,29.75,1.040590395281515,0.9032846715328468
BARLEY,25.93,0.7687306838401141,0.8631386861313869
BARLEY,23.14,0.5701734600386723,0.8394160583941606
BARLEY,19.9,0.3395908775595783,0.7700729927007299
BARLEY,19.37,0.3018721217836773,0.7518248175182481
BARLEY,28.19,0.929569151865655,0.8886861313868614
BARLEY,19.08,0.28123355730252364,0.7463503649635036
BARLEY,14.06,-0.07602711061261545,0.6186131386861314
BARLEY,13.44,-0.12015093812404706,0.6021897810218978
BARLEY,4.34,-0.7677748580498971,0.10583941605839416
BARLEY,4.14,-0.7820083507955201,0.09306569343065693
BARLEY,4.39,-0.7642164848634913,0.10766423357664233
BARLEY,10.41,-0.33578835322023665,0.48722627737226276
BARLEY,10.41,-0.33578835322023665,0.48905109489051096
BARLEY,6.94,-0.5827394523567969,0.2737226277372263
BARLEY,8.17,-0.4952034719712151,0.3704379562043796
BARLEY,8.17,-0.4952034719712151,0.3722627737226277
BARLEY,12.06,-0.21836203806884621,0.5547445255474452
BARLEY,15.8,0.04780427627430534,0.656934306569343
BARLEY,30.85,1.1188746053824419,0.9142335766423357
BARLEY,22.19,0.5025643694969627,0.8102189781021898
BARLEY,20.83,0.40577661882672555,0.7791970802919708
BARLEY,16.97,0.1310702088362002,0.6970802919708029
BARLEY,13.05,-0.14790624897801197,0.5912408759124088
BARLEY,10.98,-0.29522289889521086,0.5127737226277372
BARLEY,10.28,-0.3450401235048917,0.4835766423357664
BARLEY,10.44,-0.3336533293083932,0.4908759124087591
BARLEY,10.28,-0.3450401235048917,0.4854014598540146
BARLEY,11.11,-0.2859711286105559,0.5182481751824818
BARLEY,11.11,-0.2859711286105559,0.5200729927007299
BARLEY,14.79,-0.02407486209109131,0.6332116788321168
BARLEY,14.19,-0.06677534032796052,0.6222627737226277
BARLEY,13.76,-0.09737734973105011,0.6113138686131386
BARLEY,13.88,-0.0888372540836762,0.6167883211678832
BARLEY,6.94,-0.5827394523567969,0.2755474452554745
BARLEY,27.68,0.8932737453643161,0.8759124087591241
BARLEY,29.23,1.003583314142895,0.8978102189781022
BARLEY,18.93,0.27055843774330646,0.7427007299270073
BARLEY,18.93,0.27055843774330646,0.7445255474452555
BARLEY,25.15,0.713220062132184,0.8503649635036497
BARLEY,12.62,-0.1785082583811017,0.5784671532846716
BARLEY,15.43,0.02147231469490258,0.6478102189781022
BARLEY,15.7,0.0406875299014937,0.6514598540145985
BARLEY,15.87,0.052785998735273315,0.6624087591240876
BARLEY,7.75,-0.5250938067370235,0.3448905109489051
BARLEY,8.17,-0.4952034719712151,0.3740875912408759
BARLEY,7.92,-0.5129953379032439,0.3467153284671533
BARLEY,9.26,-0.4176309365075694,0.4489051094890511
BARLEY,9.26,-0.4176309365075694,0.45072992700729925
BARLEY,9.26,-0.4176309365075694,0.45255474452554745
BARLEY,12.34,-0.19843514822497396,0.5620437956204379
BARLEY,12.34,-0.19843514822497396,0.5638686131386861
BARLEY,15.9,0.05492102264711685,0.6678832116788321
BARLEY,14.67,-0.0326149577384651,0.6313868613138686
BARLEY,12.82,-0.16427476563547855,0.5821167883211679
BARLEY,37.02,1.557977856584914,0.9525547445255474
BARLEY,37.02,1.557977856584914,0.9543795620437956
BARLEY,34.71,1.3935810153729673,0.9434306569343066
BARLEY,34.71,1.3935810153729673,0.9452554744525548
BARLEY,32.35,1.225625800974615,0.9197080291970803
BARLEY,32.43,1.2313191980728642,0.9215328467153284
BARLEY,32.84,1.2604978582013917,0.9251824817518248
BARLEY,20.83,0.40577661882672555,0.781021897810219
BARLEY,24.24,0.6484576701395991,0.8448905109489051
BARLEY,23.14,0.5701734600386723,0.8412408759124088
BARLEY,17.35,0.15811384505288426,0.7062043795620438
BARLEY,16.66,0.10900829508048454,0.6916058394160584
BARLEY,13.07,-0.1464828997034497,0.593065693430657
BARLEY,12.92,-0.15715801926266704,0.5875912408759124
BARLEY,12.34,-0.19843514822497396,0.5656934306569343
BARLEY,12.48,-0.18847170330303778,0.5711678832116789
BARLEY,27.84,0.9046605395608146,0.885036496350365
BARLEY,28.61,0.9594594866314634,0.8923357664233577
BARLEY,149.13,9.53656221514393,1.0
BARLEY,69.42,3.8638036813758525,0.9908759124087592
BARLEY,46.28,2.2169885707072625,0.9671532846715328
BARLEY,45.26,2.1443977577045845,0.9616788321167883
BARLEY,26.56,0.8135661859888268,0.8686131386861314
BARLEY,20.04,0.34955432248151447,0.7737226277372263
BARLEY,20.83,0.40577661882672555,0.7828467153284672
BARLEY,18.11,0.2122011174862518,0.7153284671532847
BARLEY,18.62,0.24849652398759076,0.7354014598540146
BARLEY,21.07,0.4228568101214734,0.7901459854014599
BARLEY,20.83,0.40577661882672555,0.7846715328467153
BARLEY,20.83,0.40577661882672555,0.7864963503649635
BARLEY,17.26,0.15170877331735386,0.698905109489051
BARLEY,17.26,0.15170877331735386,0.7007299270072993
BARLEY,18.51,0.2406681029774981,0.7299270072992701
BARLEY,18.51,0.2406681029774981,0.7317518248175182
BARLEY,25.84,0.7623256121045838,0.8613138686131386
DATES,3.47,-0.7244811728895614,0.23809523809523808
DATES,2.24,-0.8688111882820393,0.05555555555555555
DATES,2.78,-0.8054467912804638,0.1388888888888889
DATES,3.47,-0.7244811728895614,0.2400793650793651
DATES,2.31,-0.8605972849670203,0.06547619047619048
DATES,4.63,-0.5883650608121027,0.30158730158730157
DATES,3.09,-0.7690709337425221,0.18452380952380953
DATES,17.35,0.9042185130027905,0.8908730158730159
DATES,17.35,0.9042185130027905,0.8928571428571429
DATES,9.26,-0.04507402726155592,0.5853174603174603
DATES,9.26,-0.04507402726155592,0.5873015873015873
DATES,13.88,0.49704359152970257,0.7936507936507936
DATES,9.26,-0.04507402726155592,0.5892857142857143
DATES,9.26,-0.04507402726155592,0.5912698412698413
DATES,6.94,-0.31730625141647345,0.44246031746031744
DATES,14.61,0.5827028689577584,0.8293650793650794
DATES,9.58,-0.007524754964325872,0.6309523809523809
DATES,8.98,-0.07792964052163211,0.5793650793650794
DATES,7.79,-0.21756599687695627,0.5238095238095238
DATES,7.31,-0.27388990532280133,0.4781746031746032
DATES,9.26,-0.04507402726155592,0.5932539682539683
DATES,11.9,0.2647074691905918,0.7361111111111112
DATES,13.88,0.49704359152970257,0.7956349206349206
DATES,12.62,0.3491933318593592,0.748015873015873
DATES,12.62,0.3491933318593592,0.75
DATES,13.88,0.49704359152970257,0.7976190476190477
DATES,13.88,0.49704359152970257,0.7996031746031746
DATES,9.92,0.032371346851481006,0.6408730158730159
DATES,9.92,0.032371346851481006,0.6428571428571429
DATES,13.69,0.4747487111032221,0.7896825396825397
DATES,13.22,0.41959821741666564,0.7757936507936508
DATES,12.62,0.3491933318593592,0.751984126984127
DATES,13.52,0.4548006601953186,0.7857142857142857
DATES,10.68,0.12155086855740227,0.6726190476190477
DATES,10.68,0.12155086855740227,0.6746031746031746
DATES,10.68,0.12155086855740227,0.6765873015873016
DATES,10.32,0.07930793722301857,0.6646825396825397
DATES,13.88,0.49704359152970257,0.8015873015873016
DATES,13.88,0.49704359152970257,0.8035714285714286
DATES,13.18,0.41490455837951173,0.7738095238095238
DATES,13.22,0.41959821741666564,0.7777777777777778
DATES,5.56,-0.479237488198278,0.376984126984127
DATES,5.71,-0.46163626680895137,0.38095238095238093
DATES,6.08,-0.41821992071527914,0.39285714285714285
DATES,2.78,-0.8054467912804638,0.14087301587301587
DATES,2.78,-0.8054467912804638,0.14285714285714285
DATES,3.35,-0.7385621500010228,0.23015873015873015
DATES,3.35,-0.7385621500010228,0.23214285714285715
DATES,3.16,-0.7608570304275031,0.2003968253968254
DATES,3.16,-0.7608570304275031,0.20238095238095238
DATES,3.23,-0.7526431271124839,0.20833333333333334
DATES,3.23,-0.7526431271124839,0.21031746031746032
DATES,4.96,-0.5496423737555842,0.3333333333333333
DATES,4.63,-0.5883650608121027,0.30357142857142855
DATES,4.63,-0.5883650608121027,0.3055555555555556
DATES,13.22,0.41959821741666564,0.7797619047619048
DATES,14.31,0.5475004261791053,0.8273809523809523
DATES,15.64,0.7035645891644676,0.8412698412698413
DATES,9.8,0.018290369740019838,0.6388888888888888
DATES,19.83,1.195225373306323,0.9246031746031746
DATES,21.9,1.4381222284790296,0.9424603174603174
DATES,19.83,1.195225373306323,0.9265873015873016
DATES,21.36,1.374757831477454,0.9384920634920635
DATES,21.36,1.374757831477454,0.9404761904761905
DATES,20.32,1.2527226965114566,0.9325396825396826
DATES,32.34,2.663167237176159,0.9702380952380952
DATES,29.84,2.3698135473540494,0.9662698412698413
DATES,35.27,3.0069777616476716,0.9761904761904762
DATES,40.53,3.62419392503339,0.9821428571428571
DATES,42.72,3.8811717573175573,0.9841269841269841
DATES,34.71,2.941266535127519,0.9742063492063492
DATES,36.96,3.205284855967417,0.9781746031746031
DATES,32.04,2.6279647943975055,0.9682539682539683
DATES,37.73,3.295637792432627,0.9801587301587301
DATES,59.81,5.886537580941498,1.0
DATES,54.58,5.2728416618336444,0.9940476190476191
DATES,49.0,4.618076226150697,0.9920634920634921
DATES,13.88,0.49704359152970257,0.8055555555555556
DATES,13.88,0.49704359152970257,0.8075396825396826
DATES,11.57,0.2259847821340733,0.6924603174603174
DATES,6.61,-0.35602893847299194,0.4226190476190476
DATES,6.62,-0.3548555237137035,0.4365079365079365
DATES,6.94,-0.31730625141647345,0.4444444444444444
DATES,10.33,0.08048135198230698,0.6666666666666666
DATES,10.68,0.12155086855740227,0.6785714285714286
DATES,9.26,-0.04507402726155592,0.5952380952380952
DATES,9.26,-0.04507402726155592,0.5972222222222222
DATES,8.17,-0.17297623602399564,0.5337301587301587
DATES,7.81,-0.21521916735837945,0.5277777777777778
DATES,7.03,-0.3067455185828775,0.47023809523809523
DATES,6.8,-0.3337340580465117,0.44047619047619047
DATES,6.61,-0.35602893847299194,0.4246031746031746
DATES,6.17,-0.40765918788168326,0.3968253968253968
DATES,6.17,-0.40765918788168326,0.39880952380952384
DATES,6.25,-0.3982718698073757,0.4166666666666667
DATES,6.31,-0.39123138125164514,0.41865079365079366
DATES,10.28,0.0746142781858647,0.6567460317460317
DATES,10.28,0.0746142781858647,0.6587301587301587
DATES,7.31,-0.27388990532280133,0.4801587301587302
DATES,7.36,-0.2680228315263591,0.49007936507936506
DATES,8.31,-0.15654842939395744,0.5396825396825397
DATES,9.26,-0.04507402726155592,0.5992063492063492
DATES,9.26,-0.04507402726155592,0.6011904761904762
DATES,9.26,-0.04507402726155592,0.6031746031746031
DATES,9.26,-0.04507402726155592,0.6051587301587301
DATES,8.68,-0.11313208330028533,0.5575396825396826
DATES,7.71,-0.22695331495126378,0.49603174603174605
DATES,7.71,-0.22695331495126378,0.498015873015873
DATES,11.57,0.2259847821340733,0.6944444444444444
DATES,11.57,0.2259847821340733,0.6964285714285714
DATES,11.57,0.2259847821340733,0.6984126984126984
DATES,11.57,0.2259847821340733,0.7003968253968254
DATES,8.41,-0.1448142818010731,0.5436507936507936
DATES,8.57,-0.1260396456524581,0.5496031746031746
DATES,9.58,-0.007524754964325872,0.6329365079365079
DATES,6.94,-0.31730625141647345,0.44642857142857145
DATES,7.15,-0.29266454147141624,0.4722222222222222
DATES,7.71,-0.22695331495126378,0.5
DATES,6.94,-0.31730625141647345,0.44841269841269843
DATES,6.94,-0.31730625141647345,0.4503968253968254
DATES,12.73,0.36210089421153213,0.7619047619047619
DATES,11.57,0.2259847821340733,0.7023809523809523
DATES,11.57,0.2259847821340733,0.7043650793650794
DATES,9.26,-0.04507402726155592,0.6071428571428571
DATES,9.26,-0.04507402726155592,0.6091269841269841
DATES,11.57,0.2259847821340733,0.7063492063492064
DATES,11.57,0.2259847821340733,0.7083333333333334
DATES,18.51,1.0403346250802494,0.9107142857142857
DATES,10.28,0.0746142781858647,0.6607142857142857
DATES,10.28,0.0746142781858647,0.6626984126984127
DATES,5.55,-0.4804109029575664,0.3611111111111111
DATES,5.55,-0.4804109029575664,0.3630952380952381
DATES,7.31,-0.27388990532280133,0.48214285714285715
DATES,7.31,-0.27388990532280133,0.48412698412698413
DATES,15.87,0.7305531286281015,0.8432539682539683
DATES,9.42,-0.026299391112940895,0.626984126984127
DATES,6.72,-0.34312137612081917,0.4384920634920635
DATES,16.33,0.7845302075553695,0.8591269841269841
DATES,16.33,0.7845302075553695,0.8611111111111112
DATES,16.33,0.7845302075553695,0.8630952380952381
DATES,17.28,0.8960046096877715,0.8869047619047619
DATES,18.51,1.0403346250802494,0.9126984126984127
DATES,18.51,1.0403346250802494,0.9146825396825397
DATES,18.51,1.0403346250802494,0.9166666666666666
DATES,13.88,0.49704359152970257,0.8095238095238095
DATES,12.88,0.37970211560085876,0.7678571428571429
DATES,11.57,0.2259847821340733,0.7103174603174603
DATES,13.88,0.49704359152970257,0.8115079365079365
DATES,13.88,0.49704359152970257,0.8134920634920635
DATES,13.88,0.49704359152970257,0.8154761904761905
DATES,7.71,-0.22695331495126378,0.501984126984127
DATES,7.71,-0.22695331495126378,0.503968253968254
DATES,6.94,-0.31730625141647345,0.4523809523809524
DATES,7.3,-0.2750633200820898,0.47619047619047616
DATES,7.93,-0.20113819024691817,0.5297619047619048
DATES,6.94,-0.31730625141647345,0.45436507936507936
DATES,6.94,-0.31730625141647345,0.45634920634920634
DATES,6.17,-0.40765918788168326,0.4007936507936508
DATES,6.17,-0.40765918788168326,0.4027777777777778
DATES,7.31,-0.27388990532280133,0.4861111111111111
DATES,6.61,-0.35602893847299194,0.42658730158730157
DATES,6.61,-0.35602893847299194,0.42857142857142855
DATES,6.94,-0.31730625141647345,0.4583333333333333
DATES,6.94,-0.31730625141647345,0.4603174603174603
DATES,6.17,-0.40765918788168326,0.40476190476190477
DATES,6.17,-0.40765918788168326,0.40674603174603174
DATES,9.26,-0.04507402726155592,0.6111111111111112
DATES,9.26,-0.04507402726155592,0.6130952380952381
DATES,9.92,0.032371346851481006,0.6448412698412699
DATES,22.61,1.5214346763885087,0.9444444444444444
DATES,12.04,0.28113527582062975,0.7400793650793651
DATES,11.57,0.2259847821340733,0.7123015873015873
DATES,11.57,0.2259847821340733,0.7142857142857143
DATES,12.15,0.29404283817280275,0.7420634920634921
DATES,11.57,0.2259847821340733,0.7162698412698413
DATES,11.57,0.2259847821340733,0.7182539682539683
DATES,13.22,0.41959821741666564,0.7817460317460317
DATES,13.22,0.41959821741666564,0.7837301587301587
DATES,23.14,1.5836256586307962,0.9464285714285714
DATES,23.14,1.5836256586307962,0.9484126984126984
DATES,23.14,1.5836256586307962,0.9503968253968254
DATES,7.71,-0.22695331495126378,0.5059523809523809
DATES,7.71,-0.22695331495126378,0.5079365079365079
DATES,7.71,-0.22695331495126378,0.5099206349206349
DATES,7.71,-0.22695331495126378,0.5119047619047619
DATES,8.68,-0.11313208330028533,0.5595238095238095
DATES,8.68,-0.11313208330028533,0.5615079365079365
DATES,8.68,-0.11313208330028533,0.5634920634920635
DATES,8.68,-0.11313208330028533,0.5654761904761905
DATES,8.68,-0.11313208330028533,0.5674603174603174
DATES,6.94,-0.31730625141647345,0.4623015873015873
DATES,6.94,-0.31730625141647345,0.4642857142857143
DATES,8.17,-0.17297623602399564,0.5357142857142857
DATES,8.17,-0.17297623602399564,0.5376984126984127
DATES,7.71,-0.22695331495126378,0.5138888888888888
DATES,7.71,-0.22695331495126378,0.5158730158730159
DATES,5.34,-0.5050526129026236,0.3492063492063492
DATES,5.34,-0.5050526129026236,0.35119047619047616
DATES,6.61,-0.35602893847299194,0.4305555555555556
DATES,7.68,-0.23047355922912913,0.49404761904761907
DATES,5.34,-0.5050526129026236,0.3531746031746032
DATES,5.34,-0.5050526129026236,0.3551587301587302
DATES,2.31,-0.8605972849670203,0.06746031746031746
DATES,2.31,-0.8605972849670203,0.06944444444444445
DATES,3.71,-0.6963192186666389,0.25396825396825395
DATES,4.18,-0.6411687249800824,0.28174603174603174
DATES,3.43,-0.7291748319267153,0.23412698412698413
DATES,3.43,-0.7291748319267153,0.2361111111111111
DATES,3.09,-0.7690709337425221,0.1865079365079365
DATES,3.09,-0.7690709337425221,0.1884920634920635
DATES,3.09,-0.7690709337425221,0.19047619047619047
DATES,3.09,-0.7690709337425221,0.19246031746031747
DATES,2.78,-0.8054467912804638,0.14484126984126985
DATES,4.21,-0.637648480702217,0.2837301587301587
DATES,4.21,-0.637648480702217,0.2857142857142857
DATES,4.08,-0.6529028725729668,0.2757936507936508
DATES,4.08,-0.6529028725729668,0.2777777777777778
DATES,4.63,-0.5883650608121027,0.30753968253968256
DATES,4.63,-0.5883650608121027,0.30952380952380953
DATES,8.68,-0.11313208330028533,0.5694444444444444
DATES,8.68,-0.11313208330028533,0.5714285714285714
DATES,6.04,-0.42291357975243293,0.3888888888888889
DATES,5.79,-0.4522489487346439,0.38293650793650796
DATES,4.63,-0.5883650608121027,0.3115079365079365
DATES,4.63,-0.5883650608121027,0.3134920634920635
DATES,5.55,-0.4804109029575664,0.36507936507936506
DATES,5.55,-0.4804109029575664,0.36706349206349204
DATES,5.55,-0.4804109029575664,0.36904761904761907
DATES,5.55,-0.4804109029575664,0.37103174603174605
DATES,5.55,-0.4804109029575664,0.373015873015873
DATES,1.46,-0.9603375395065374,0.005952380952380952
DATES,1.46,-0.9603375395065374,0.007936507936507936
DATES,2.31,-0.8605972849670203,0.07142857142857142
DATES,2.31,-0.8605972849670203,0.07341269841269842
DATES,2.49,-0.8394758192998284,0.09523809523809523
DATES,5.14,-0.5285209080883924,0.3412698412698413
DATES,5.14,-0.5285209080883924,0.34325396825396826
DATES,5.55,-0.4804109029575664,0.375
DATES,7.36,-0.2680228315263591,0.49206349206349204
DATES,7.71,-0.22695331495126378,0.5178571428571429
DATES,3.86,-0.6787179972773125,0.25793650793650796
DATES,3.86,-0.6787179972773125,0.25992063492063494
DATES,2.57,-0.8300885012255209,0.1130952380952381
DATES,2.48,-0.8406492340591168,0.09126984126984126
DATES,2.31,-0.8605972849670203,0.07539682539682539
DATES,2.26,-0.8664643587634625,0.057539682539682536
DATES,2.52,-0.8359555750219632,0.09722222222222222
DATES,2.52,-0.8359555750219632,0.0992063492063492
DATES,2.1,-0.8852389949120776,0.04563492063492063
DATES,2.1,-0.8852389949120776,0.047619047619047616
DATES,5.06,-0.5379082261626998,0.3392857142857143
DATES,5.6,-0.47454382916112425,0.37896825396825395
DATES,5.79,-0.4522489487346439,0.38492063492063494
DATES,5.79,-0.4522489487346439,0.3869047619047619
DATES,4.91,-0.5555094475520264,0.33134920634920634
DATES,4.96,-0.5496423737555842,0.3353174603174603
DATES,4.63,-0.5883650608121027,0.31547619047619047
DATES,2.78,-0.8054467912804638,0.14682539682539683
DATES,2.73,-0.8113138650769058,0.1349206349206349
DATES,2.52,-0.8359555750219632,0.10119047619047619
DATES,3.86,-0.6787179972773125,0.2619047619047619
DATES,3.86,-0.6787179972773125,0.2638888888888889
DATES,3.76,-0.6904521448701968,0.25595238095238093
DATES,3.31,-0.7432558090381765,0.21428571428571427
DATES,3.09,-0.7690709337425221,0.19444444444444445
DATES,1.71,-0.9310021705243265,0.00992063492063492
DATES,1.72,-0.9298287557650382,0.011904761904761904
DATES,1.76,-0.9251350967278844,0.017857142857142856
DATES,1.96,-0.9016668015421156,0.03373015873015873
DATES,1.9,-0.9087072900978462,0.025793650793650792
DATES,2.12,-0.8828921653935006,0.0496031746031746
DATES,2.26,-0.8664643587634625,0.05952380952380952
DATES,2.31,-0.8605972849670203,0.07738095238095238
DATES,2.31,-0.8605972849670203,0.07936507936507936
DATES,2.52,-0.8359555750219632,0.10317460317460317
DATES,2.3,-0.8617706997263087,0.061507936507936505
DATES,2.2,-0.8735048473191931,0.051587301587301584
DATES,1.95,-0.902840216301404,0.031746031746031744
DATES,1.98,-0.8993199720235386,0.03968253968253968
DATES,1.24,-0.9861526642108831,0.001984126984126984
DATES,1.24,-0.9861526642108831,0.003968253968253968
DATES,1.98,-0.8993199720235386,0.041666666666666664
DATES,3.97,-0.6658104349251395,0.26785714285714285
DATES,5.14,-0.5285209080883924,0.34523809523809523
DATES,5.47,-0.4897982210318739,0.35912698412698413
DATES,2.67,-0.8183543536326365,0.125
DATES,2.7,-0.8148341093547712,0.13095238095238096
DATES,2.88,-0.7937126436875793,0.16666666666666666
DATES,2.8,-0.8030999617618868,0.15674603174603174
DATES,2.75,-0.808967035558329,0.13690476190476192
DATES,2.83,-0.7995797174840215,0.15873015873015872
DATES,11.57,0.2259847821340733,0.7202380952380952
DATES,11.57,0.2259847821340733,0.7222222222222222
DATES,8.68,-0.11313208330028533,0.5734126984126984
DATES,8.4,-0.1459876965603615,0.5416666666666666
DATES,6.94,-0.31730625141647345,0.4662698412698413
DATES,4.27,-0.6306079921464864,0.2896825396825397
DATES,1.74,-0.9274819262464612,0.013888888888888888
DATES,1.74,-0.9274819262464612,0.015873015873015872
DATES,2.3,-0.8617706997263087,0.06349206349206349
DATES,2.31,-0.8605972849670203,0.08134920634920635
DATES,2.31,-0.8605972849670203,0.08333333333333333
DATES,9.26,-0.04507402726155592,0.6150793650793651
DATES,9.26,-0.04507402726155592,0.6170634920634921
DATES,3.31,-0.7432558090381765,0.21626984126984128
DATES,2.86,-0.7960594732061562,0.1626984126984127
DATES,2.66,-0.819527768391925,0.12301587301587301
DATES,2.78,-0.8054467912804638,0.1488095238095238
DATES,3.47,-0.7244811728895614,0.24206349206349206
DATES,1.78,-0.9227882672093075,0.01984126984126984
DATES,1.97,-0.9004933867828272,0.03571428571428571
DATES,1.93,-0.905187045819981,0.027777777777777776
DATES,1.93,-0.905187045819981,0.02976190476190476
DATES,1.86,-0.9134009491349999,0.023809523809523808
DATES,1.85,-0.9145743638942885,0.021825396825396824
DATES,2.89,-0.7925392289282909,0.17261904761904762
DATES,3.31,-0.7432558090381765,0.21825396825396826
DATES,3.31,-0.7432558090381765,0.22023809523809523
DATES,2.89,-0.7925392289282909,0.1746031746031746
DATES,2.85,-0.7972328879654447,0.16071428571428573
DATES,2.88,-0.7937126436875793,0.16865079365079366
DATES,2.86,-0.7960594732061562,0.16468253968253968
DATES,2.48,-0.8406492340591168,0.09325396825396826
DATES,2.54,-0.8336087455033863,0.1111111111111111
DATES,2.64,-0.8218745979105018,0.11904761904761904
DATES,2.62,-0.8242214274290787,0.11706349206349206
DATES,2.69,-0.8160075241140597,0.12698412698412698
DATES,2.78,-0.8054467912804638,0.15079365079365079
DATES,2.52,-0.8359555750219632,0.10515873015873016
DATES,4.03,-0.6587699463694089,0.2718253968253968
DATES,3.97,-0.6658104349251395,0.2698412698412698
DATES,4.35,-0.621220674072179,0.2916666666666667
DATES,4.22,-0.6364750659429287,0.2876984126984127
DATES,5.14,-0.5285209080883924,0.3472222222222222
DATES,2.89,-0.7925392289282909,0.1765873015873016
DATES,2.88,-0.7937126436875793,0.17063492063492064
DATES,2.78,-0.8054467912804638,0.1527777777777778
DATES,3.31,-0.7432558090381765,0.2222222222222222
DATES,2.78,-0.8054467912804638,0.15476190476190477
DATES,2.03,-0.8934528982270966,0.04365079365079365
DATES,1.97,-0.9004933867828272,0.037698412698412696
DATES,2.22,-0.8711580178006162,0.05357142857142857
DATES,2.38,-0.8523833816520012,0.08928571428571429
DATES,2.65,-0.8207011831512133,0.12103174603174603
DATES,3.22,-0.7538165418717724,0.20634920634920634
DATES,3.23,-0.7526431271124839,0.2123015873015873
DATES,3.47,-0.7244811728895614,0.24404761904761904
DATES,3.07,-0.771417763261099,0.18253968253968253
DATES,2.69,-0.8160075241140597,0.12896825396825398
DATES,3.09,-0.7690709337425221,0.19642857142857142
DATES,3.0,-0.779631666576118,0.18055555555555555
DATES,2.89,-0.7925392289282909,0.17857142857142858
DATES,2.52,-0.8359555750219632,0.10714285714285714
DATES,2.52,-0.8359555750219632,0.10912698412698413
DATES,2.31,-0.8605972849670203,0.08531746031746032
DATES,2.31,-0.8605972849670203,0.0873015873015873
DATES,4.14,-0.6458623840172362,0.27976190476190477
DATES,3.94,-0.6693306792030049,0.26587301587301587
DATES,3.61,-0.7080533662595234,0.251984126984127
DATES,2.6,-0.8265682569476557,0.11507936507936507
DATES,2.7,-0.8148341093547712,0.13293650793650794
DATES,3.31,-0.7432558090381765,0.22420634920634921
DATES,3.31,-0.7432558090381765,0.2261904761904762
DATES,3.47,-0.7244811728895614,0.24603174603174602
DATES,3.47,-0.7244811728895614,0.24801587301587302
DATES,3.47,-0.7244811728895614,0.25
DATES,3.14,-0.7632038599460799,0.1984126984126984
DATES,3.16,-0.7608570304275031,0.20436507936507936
DATES,9.11,-0.06267524865088253,0.5833333333333334
DATES,10.89,0.14619257850245956,0.6805555555555556
DATES,13.67,0.47240188158464524,0.7876984126984127
DATES,46.28,4.298907411624242,0.9880952380952381
DATES,46.28,4.298907411624242,0.9900793650793651
DATES,12.84,0.3750084565637049,0.7658730158730159
DATES,25.24,1.8300427580813678,0.9583333333333334
DATES,55.53,5.384316063966047,0.996031746031746
DATES,55.53,5.384316063966047,0.998015873015873
DATES,13.88,0.49704359152970257,0.8174603174603174
DATES,11.39,0.20486331646688147,0.6884920634920635
DATES,11.48,0.2154240493004774,0.6904761904761905
DATES,11.81,0.25414673635699586,0.7341269841269841
DATES,11.94,0.2694011282277454,0.7380952380952381
DATES,11.57,0.2259847821340733,0.7242063492063492
DATES,11.57,0.2259847821340733,0.7261904761904762
DATES,7.76,-0.22108624115482162,0.5218253968253969
DATES,10.11,0.05466622727796127,0.6547619047619048
DATES,8.67,-0.11430549805957374,0.5535714285714286
DATES,6.61,-0.35602893847299194,0.43253968253968256
DATES,6.61,-0.35602893847299194,0.43452380952380953
DATES,4.63,-0.5883650608121027,0.31746031746031744
DATES,4.48,-0.6059662822014292,0.29563492063492064
DATES,4.61,-0.5907118903306795,0.2996031746031746
DATES,4.85,-0.562549936107757,0.32142857142857145
DATES,5.37,-0.5015323686247583,0.35714285714285715
DATES,7.71,-0.22695331495126378,0.5198412698412699
DATES,7.21,-0.2856240529156857,0.4742063492063492
DATES,7.32,-0.2727164905635128,0.4880952380952381
DATES,7.8,-0.21639258211766785,0.5257936507936508
DATES,11.15,0.17670136224395894,0.6865079365079365
DATES,9.64,-0.00048426640859518494,0.6349206349206349
DATES,12.64,0.3515401613779362,0.7599206349206349
DATES,11.11,0.17200770320680506,0.6825396825396826
DATES,16.02,0.7481543500174281,0.8452380952380952
DATES,16.02,0.7481543500174281,0.8472222222222222
DATES,16.57,0.8126921617782923,0.8690476190476191
DATES,17.05,0.8690160702241374,0.8849206349206349
DATES,8.41,-0.1448142818010731,0.5456349206349206
DATES,6.04,-0.42291357975243293,0.39087301587301587
DATES,6.09,-0.41704650595599074,0.3948412698412698
DATES,6.31,-0.39123138125164514,0.42063492063492064
DATES,6.24,-0.3994452845666641,0.4126984126984127
DATES,6.24,-0.3994452845666641,0.4146825396825397
DATES,4.07,-0.6540762873322552,0.27380952380952384
DATES,3.33,-0.7409089795195996,0.22817460317460317
DATES,4.35,-0.621220674072179,0.29365079365079366
DATES,7.02,-0.3079189333421661,0.46825396825396826
DATES,9.26,-0.04507402726155592,0.6190476190476191
DATES,6.17,-0.40765918788168326,0.4087301587301587
DATES,6.17,-0.40765918788168326,0.4107142857142857
DATES,9.92,0.032371346851481006,0.6468253968253969
DATES,9.92,0.032371346851481006,0.6488095238095238
DATES,9.43,-0.025125976353652484,0.628968253968254
DATES,9.77,0.014770125462154391,0.6369047619047619
DATES,8.74,-0.10609159474455464,0.5773809523809523
DATES,8.41,-0.1448142818010731,0.5476190476190477
DATES,12.74,0.3632743089708205,0.7638888888888888
DATES,13.88,0.49704359152970257,0.8194444444444444
DATES,13.76,0.4829626144182412,0.7916666666666666
DATES,13.88,0.49704359152970257,0.8214285714285714
DATES,4.87,-0.5602031065891802,0.32341269841269843
DATES,4.87,-0.5602031065891802,0.3253968253968254
DATES,4.98,-0.5472955442370073,0.3373015873015873
DATES,4.87,-0.5602031065891802,0.3273809523809524
DATES,4.77,-0.5719372541820646,0.3194444444444444
DATES,4.59,-0.5930587198492564,0.2976190476190476
DATES,4.87,-0.5602031065891802,0.32936507936507936
DATES,9.26,-0.04507402726155592,0.621031746031746
DATES,13.02,0.3961299222308967,0.7698412698412699
DATES,12.62,0.3491933318593592,0.753968253968254
DATES,12.62,0.3491933318593592,0.7559523809523809
DATES,10.1,0.053492812518672855,0.6527777777777778
DATES,8.58,-0.12486623089316967,0.5515873015873016
DATES,9.01,-0.07440939624376687,0.5813492063492064
DATES,8.68,-0.11313208330028533,0.5753968253968254
DATES,8.67,-0.11430549805957374,0.5555555555555556
DATES,7.94,-0.19996477548762967,0.5317460317460317
DATES,10.41,0.08986867005661449,0.6686507936507936
DATES,10.41,0.08986867005661449,0.6706349206349206
DATES,14.25,0.5404599376233746,0.8253968253968254
DATES,13.02,0.3961299222308967,0.7718253968253969
DATES,11.57,0.2259847821340733,0.7281746031746031
DATES,12.62,0.3491933318593592,0.7579365079365079
DATES,10.02,0.04410549444436534,0.6507936507936508
DATES,11.11,0.17200770320680506,0.6845238095238095
DATES,11.57,0.2259847821340733,0.7301587301587301
DATES,11.57,0.2259847821340733,0.7321428571428571
DATES,17.35,0.9042185130027905,0.8948412698412699
DATES,16.53,0.8079985027411386,0.8670634920634921
DATES,9.26,-0.04507402726155592,0.623015873015873
DATES,9.26,-0.04507402726155592,0.625
DATES,13.91,0.5005638358075678,0.8234126984126984
DATES,14.82,0.6073445789028157,0.8353174603174603
DATES,19.51,1.1576761010090932,0.9226190476190477
DATES,20.29,1.2492024522335912,0.9305555555555556
DATES,20.28,1.2480290374743028,0.9285714285714286
DATES,20.83,1.3125668492351665,0.9365079365079365
DATES,16.18,0.7669289861660431,0.8492063492063492
DATES,16.18,0.7669289861660431,0.8511904761904762
DATES,17.29,0.8971780244470597,0.8888888888888888
DATES,18.11,0.9933980347087117,0.9067460317460317
DATES,24.9,1.790146656265561,0.9543650793650794
DATES,28.48,2.210229140090822,0.9642857142857143
DATES,32.35,2.6643406519354476,0.9722222222222222
DATES,27.77,2.126916692181343,0.9623015873015873
DATES,14.74,0.5979572608285081,0.8313492063492064
DATES,14.74,0.5979572608285081,0.8333333333333334
DATES,17.87,0.9652360804857893,0.8988095238095238
DATES,16.6,0.8162124060561577,0.871031746031746
DATES,17.91,0.9699297395229429,0.9007936507936508
DATES,18.09,0.9910512051901348,0.9047619047619048
DATES,24.32,1.7220886002268316,0.9523809523809523
DATES,25.02,1.8042276333770224,0.9563492063492064
DATES,25.24,1.8300427580813678,0.9603174603174603
DATES,43.84,4.012594210357863,0.9861111111111112
DATES,17.0,0.863148996427695,0.8809523809523809
DATES,15.6,0.6988709301273137,0.8392857142857143
DATES,16.18,0.7669289861660431,0.8531746031746031
DATES,18.51,1.0403346250802494,0.9186507936507936
DATES,18.51,1.0403346250802494,0.9206349206349206
DATES,16.66,0.8232528946118882,0.873015873015873
DATES,16.66,0.8232528946118882,0.875
DATES,16.83,0.8432009455197914,0.878968253968254
DATES,16.75,0.8338136274454842,0.876984126984127
DATES,16.5,0.8044782584632733,0.8650793650793651
DATES,16.2,0.76927581568462,0.8571428571428571
DATES,16.18,0.7669289861660431,0.8551587301587301
DATES,18.01,0.9816638871158275,0.9027777777777778
DATES,14.91,0.6179053117364116,0.8373015873015873
DATES,17.35,0.9042185130027905,0.8968253968253969
DATES,18.26,1.0109992560980385,0.9087301587301587
DATES,17.0,0.863148996427695,0.8829365079365079
DATES,12.34,0.316337718599283,0.7440476190476191
DATES,12.34,0.316337718599283,0.746031746031746
DATES,20.48,1.2714973326600716,0.9345238095238095
CUSCUTA,5.79,1.1219693869497613,0.9272727272727272
CUSCUTA,5.79,1.1219693869497613,0.9303030303030303
CUSCUTA,19.83,6.917185176933746,0.996969696969697
CUSCUTA,19.83,6.917185176933746,1.0
CUSCUTA,12.62,3.9411519970345625,0.9848484848484849
CUSCUTA,12.62,3.9411519970345625,0.9878787878787879
CUSCUTA,3.47,0.16435538176722267,0.696969696969697
CUSCUTA,2.78,-0.12045223184310154,0.5242424242424243
CUSCUTA,2.78,-0.12045223184310154,0.5272727272727272
CUSCUTA,4.63,0.6431623843584919,0.8090909090909091
CUSCUTA,4.63,0.6431623843584919,0.8121212121212121
CUSCUTA,7.71,1.9144775291697937,0.9666666666666667
CUSCUTA,7.71,1.9144775291697937,0.9696969696969697
CUSCUTA,2.78,-0.12045223184310154,0.5303030303030303
CUSCUTA,2.57,-0.20713280989841754,0.5181818181818182
CUSCUTA,2.7,-0.15347340443560273,0.5212121212121212
CUSCUTA,3.09,0.00750481195284117,0.5696969696969697
CUSCUTA,1.16,-0.7891309768412536,0.03636363636363636
CUSCUTA,1.09,-0.8180245028596922,0.030303030303030304
CUSCUTA,1.16,-0.7891309768412536,0.03939393939393939
CUSCUTA,0.78,-0.945981546655635,0.0030303030303030303
CUSCUTA,0.85,-0.9170880206371962,0.006060606060606061
CUSCUTA,0.85,-0.9170880206371962,0.00909090909090909
CUSCUTA,1.16,-0.7891309768412536,0.04242424242424243
CUSCUTA,1.49,-0.6529186398971856,0.16666666666666666
CUSCUTA,1.16,-0.7891309768412536,0.045454545454545456
CUSCUTA,2.31,-0.3144516208240468,0.42727272727272725
CUSCUTA,2.31,-0.3144516208240468,0.4303030303030303
CUSCUTA,1.54,-0.6322804070268722,0.1787878787878788
CUSCUTA,1.54,-0.6322804070268722,0.18181818181818182
CUSCUTA,4.11,0.4285247625072334,0.7818181818181819
CUSCUTA,6.31,1.33660700880102,0.9424242424242424
CUSCUTA,4.81,0.7174600226916199,0.9181818181818182
CUSCUTA,4.63,0.6431623843584919,0.8151515151515152
CUSCUTA,4.63,0.6431623843584919,0.8181818181818182
CUSCUTA,4.63,0.6431623843584919,0.8212121212121212
CUSCUTA,6.94,1.5966487429669682,0.9454545454545454
CUSCUTA,6.94,1.5966487429669682,0.9484848484848485
CUSCUTA,4.63,0.6431623843584919,0.8242424242424242
CUSCUTA,4.63,0.6431623843584919,0.8272727272727273
CUSCUTA,17.35,5.893528826566206,0.990909090909091
CUSCUTA,17.35,5.893528826566206,0.9939393939393939
CUSCUTA,3.47,0.16435538176722267,0.7
CUSCUTA,3.47,0.16435538176722267,0.703030303030303
CUSCUTA,3.47,0.16435538176722267,0.706060606060606
CUSCUTA,3.65,0.23865302010035055,0.7242424242424242
CUSCUTA,3.7,0.259291252970664,0.7333333333333333
CUSCUTA,3.75,0.27992948584097727,0.7515151515151515
CUSCUTA,2.31,-0.3144516208240468,0.43333333333333335
CUSCUTA,2.31,-0.3144516208240468,0.43636363636363634
CUSCUTA,4.63,0.6431623843584919,0.8303030303030303
CUSCUTA,4.63,0.6431623843584919,0.8333333333333334
CUSCUTA,3.09,0.00750481195284117,0.5727272727272728
CUSCUTA,3.09,0.00750481195284117,0.5757575757575758
CUSCUTA,6.19,1.2870752499122682,0.9393939393939394
CUSCUTA,6.94,1.5966487429669682,0.9515151515151515
CUSCUTA,4.63,0.6431623843584919,0.8363636363636363
CUSCUTA,4.22,0.47392887482192253,0.8
CUSCUTA,3.09,0.00750481195284117,0.5787878787878787
CUSCUTA,2.83,-0.09981399897278809,0.5424242424242425
CUSCUTA,2.31,-0.3144516208240468,0.4393939393939394
CUSCUTA,6.94,1.5966487429669682,0.9545454545454546
CUSCUTA,6.94,1.5966487429669682,0.9575757575757575
CUSCUTA,6.94,1.5966487429669682,0.9606060606060606
CUSCUTA,6.94,1.5966487429669682,0.9636363636363636
CUSCUTA,3.09,0.00750481195284117,0.5818181818181818
CUSCUTA,3.09,0.00750481195284117,0.5848484848484848
CUSCUTA,3.69,0.25516360639660124,0.7272727272727273
CUSCUTA,3.69,0.25516360639660124,0.7303030303030303
CUSCUTA,4.17,0.4532906419516093,0.7848484848484848
CUSCUTA,4.17,0.4532906419516093,0.7878787878787878
CUSCUTA,7.71,1.9144775291697937,0.9727272727272728
CUSCUTA,7.71,1.9144775291697937,0.9757575757575757
CUSCUTA,3.7,0.259291252970664,0.7363636363636363
CUSCUTA,3.7,0.259291252970664,0.7393939393939394
CUSCUTA,3.7,0.259291252970664,0.7424242424242424
CUSCUTA,4.63,0.6431623843584919,0.8393939393939394
CUSCUTA,4.63,0.6431623843584919,0.8424242424242424
CUSCUTA,4.63,0.6431623843584919,0.8454545454545455
CUSCUTA,3.09,0.00750481195284117,0.5878787878787879
CUSCUTA,3.09,0.00750481195284117,0.5909090909090909
CUSCUTA,3.09,0.00750481195284117,0.593939393939394
CUSCUTA,4.63,0.6431623843584919,0.8484848484848485
CUSCUTA,4.63,0.6431623843584919,0.8515151515151516
CUSCUTA,7.71,1.9144775291697937,0.9787878787878788
CUSCUTA,7.71,1.9144775291697937,0.9818181818181818
CUSCUTA,3.09,0.00750481195284117,0.5969696969696969
CUSCUTA,3.09,0.00750481195284117,0.6
CUSCUTA,2.78,-0.12045223184310154,0.5333333333333333
CUSCUTA,2.31,-0.3144516208240468,0.44242424242424244
CUSCUTA,2.06,-0.4176427851756135,0.4
CUSCUTA,1.88,-0.49194042350874156,0.36363636363636365
CUSCUTA,1.85,-0.5043233632309295,0.3151515151515151
CUSCUTA,1.85,-0.5043233632309295,0.3181818181818182
CUSCUTA,1.85,-0.5043233632309295,0.3212121212121212
CUSCUTA,1.54,-0.6322804070268722,0.18484848484848485
CUSCUTA,1.54,-0.6322804070268722,0.18787878787878787
CUSCUTA,1.54,-0.6322804070268722,0.19090909090909092
CUSCUTA,1.54,-0.6322804070268722,0.19393939393939394
CUSCUTA,2.1,-0.4011321988793628,0.4121212121212121
CUSCUTA,2.1,-0.4011321988793628,0.41515151515151516
CUSCUTA,2.89,-0.07504811952841206,0.5454545454545454
CUSCUTA,2.9,-0.07092047295434949,0.5484848484848485
CUSCUTA,3.09,0.00750481195284117,0.603030303030303
CUSCUTA,3.47,0.16435538176722267,0.7090909090909091
CUSCUTA,3.43,0.14784479547097198,0.6909090909090909
CUSCUTA,3.1,0.011632458526903932,0.6696969696969697
CUSCUTA,3.09,0.00750481195284117,0.6060606060606061
CUSCUTA,3.09,0.00750481195284117,0.6090909090909091
CUSCUTA,3.09,0.00750481195284117,0.6121212121212121
CUSCUTA,3.46,0.16022773519315991,0.693939393939394
CUSCUTA,3.97,0.37073771047035603,0.7787878787878788
CUSCUTA,4.63,0.6431623843584919,0.8545454545454545
CUSCUTA,4.63,0.6431623843584919,0.8575757575757575
CUSCUTA,4.63,0.6431623843584919,0.8606060606060606
CUSCUTA,4.63,0.6431623843584919,0.8636363636363636
CUSCUTA,3.09,0.00750481195284117,0.6151515151515151
CUSCUTA,3.09,0.00750481195284117,0.6181818181818182
CUSCUTA,4.63,0.6431623843584919,0.8666666666666667
CUSCUTA,4.63,0.6431623843584919,0.8696969696969697
CUSCUTA,2.31,-0.3144516208240468,0.44545454545454544
CUSCUTA,2.31,-0.3144516208240468,0.4484848484848485
CUSCUTA,1.88,-0.49194042350874156,0.36666666666666664
CUSCUTA,1.88,-0.49194042350874156,0.3696969696969697
CUSCUTA,1.98,-0.45066395776811485,0.38484848484848483
CUSCUTA,1.98,-0.45066395776811485,0.3878787878787879
CUSCUTA,2.04,-0.4258980783237388,0.396969696969697
CUSCUTA,2.08,-0.40938749202748814,0.4090909090909091
CUSCUTA,2.1,-0.4011321988793628,0.41818181818181815
CUSCUTA,2.1,-0.4011321988793628,0.4212121212121212
CUSCUTA,1.54,-0.6322804070268722,0.19696969696969696
CUSCUTA,1.54,-0.6322804070268722,0.2
CUSCUTA,1.54,-0.6322804070268722,0.20303030303030303
CUSCUTA,1.54,-0.6322804070268722,0.20606060606060606
CUSCUTA,3.09,0.00750481195284117,0.6212121212121212
CUSCUTA,3.03,-0.017261067491534856,0.5606060606060606
CUSCUTA,3.02,-0.021388714065597437,0.5575757575757576
CUSCUTA,3.39,0.1313342091747213,0.6848484848484848
CUSCUTA,3.39,0.1313342091747213,0.6878787878787879
CUSCUTA,1.85,-0.5043233632309295,0.3242424242424242
CUSCUTA,1.85,-0.5043233632309295,0.32727272727272727
CUSCUTA,1.96,-0.4589192509162402,0.3787878787878788
CUSCUTA,1.96,-0.4589192509162402,0.38181818181818183
CUSCUTA,2.31,-0.3144516208240468,0.45151515151515154
CUSCUTA,2.31,-0.3144516208240468,0.45454545454545453
CUSCUTA,2.31,-0.3144516208240468,0.4575757575757576
CUSCUTA,2.31,-0.3144516208240468,0.46060606060606063
CUSCUTA,2.31,-0.3144516208240468,0.4636363636363636
CUSCUTA,2.31,-0.3144516208240468,0.4666666666666667
CUSCUTA,2.31,-0.3144516208240468,0.4696969696969697
CUSCUTA,1.54,-0.6322804070268722,0.20909090909090908
CUSCUTA,1.85,-0.5043233632309295,0.3303030303030303
CUSCUTA,1.85,-0.5043233632309295,0.3333333333333333
CUSCUTA,1.85,-0.5043233632309295,0.33636363636363636
CUSCUTA,1.85,-0.5043233632309295,0.3393939393939394
CUSCUTA,1.85,-0.5043233632309295,0.3424242424242424
CUSCUTA,0.93,-0.8840668480446948,0.01818181818181818
CUSCUTA,0.93,-0.8840668480446948,0.021212121212121213
CUSCUTA,0.93,-0.8840668480446948,0.024242424242424242
CUSCUTA,0.93,-0.8840668480446948,0.02727272727272727
CUSCUTA,1.85,-0.5043233632309295,0.34545454545454546
CUSCUTA,2.31,-0.3144516208240468,0.4727272727272727
CUSCUTA,2.31,-0.3144516208240468,0.47575757575757577
CUSCUTA,1.54,-0.6322804070268722,0.21212121212121213
CUSCUTA,1.54,-0.6322804070268722,0.21515151515151515
CUSCUTA,3.31,0.09831303658221993,0.6818181818181818
CUSCUTA,3.22,0.06116421741565598,0.6757575757575758
CUSCUTA,3.09,0.00750481195284117,0.6242424242424243
CUSCUTA,3.47,0.16435538176722267,0.7121212121212122
CUSCUTA,3.47,0.16435538176722267,0.7151515151515152
CUSCUTA,2.06,-0.4176427851756135,0.403030303030303
CUSCUTA,2.06,-0.4176427851756135,0.40606060606060607
CUSCUTA,1.92,-0.4754298372124909,0.37272727272727274
CUSCUTA,1.92,-0.4754298372124909,0.37575757575757573
CUSCUTA,1.41,-0.6859398124896869,0.1484848484848485
CUSCUTA,1.41,-0.6859398124896869,0.15151515151515152
CUSCUTA,1.85,-0.5043233632309295,0.3484848484848485
CUSCUTA,1.85,-0.5043233632309295,0.3515151515151515
CUSCUTA,1.54,-0.6322804070268722,0.21818181818181817
CUSCUTA,1.54,-0.6322804070268722,0.22121212121212122
CUSCUTA,1.54,-0.6322804070268722,0.22424242424242424
CUSCUTA,1.16,-0.7891309768412536,0.048484848484848485
CUSCUTA,1.16,-0.7891309768412536,0.051515151515151514
CUSCUTA,1.38,-0.6983227522118749,0.1393939393939394
CUSCUTA,1.66,-0.5827486481381202,0.3090909090909091
CUSCUTA,1.52,-0.6405357001749975,0.17575757575757575
CUSCUTA,1.85,-0.5043233632309295,0.35454545454545455
CUSCUTA,1.32,-0.7230886316562508,0.11515151515151516
CUSCUTA,1.32,-0.7230886316562508,0.11818181818181818
CUSCUTA,1.54,-0.6322804070268722,0.22727272727272727
CUSCUTA,1.54,-0.6322804070268722,0.23030303030303031
CUSCUTA,1.54,-0.6322804070268722,0.23333333333333334
CUSCUTA,1.73,-0.5538551221196816,0.31212121212121213
CUSCUTA,2.11,-0.39700455230530024,0.42424242424242425
CUSCUTA,1.54,-0.6322804070268722,0.23636363636363636
CUSCUTA,1.16,-0.7891309768412536,0.05454545454545454
CUSCUTA,1.16,-0.7891309768412536,0.05757575757575758
CUSCUTA,1.54,-0.6322804070268722,0.23939393939393938
CUSCUTA,1.54,-0.6322804070268722,0.24242424242424243
CUSCUTA,1.54,-0.6322804070268722,0.24545454545454545
CUSCUTA,1.38,-0.6983227522118749,0.14242424242424243
CUSCUTA,1.38,-0.6983227522118749,0.14545454545454545
CUSCUTA,1.16,-0.7891309768412536,0.06060606060606061
CUSCUTA,1.42,-0.6818121659156242,0.15757575757575756
CUSCUTA,1.42,-0.6818121659156242,0.1606060606060606
CUSCUTA,1.16,-0.7891309768412536,0.06363636363636363
CUSCUTA,1.16,-0.7891309768412536,0.06666666666666667
CUSCUTA,3.09,0.00750481195284117,0.6272727272727273
CUSCUTA,3.09,0.00750481195284117,0.6303030303030303
CUSCUTA,1.54,-0.6322804070268722,0.24848484848484848
CUSCUTA,1.54,-0.6322804070268722,0.2515151515151515
CUSCUTA,1.54,-0.6322804070268722,0.2545454545454545
CUSCUTA,3.26,0.07767480371190648,0.6787878787878788
CUSCUTA,3.86,0.32533359815566654,0.7545454545454545
CUSCUTA,2.31,-0.3144516208240468,0.47878787878787876
CUSCUTA,2.31,-0.3144516208240468,0.4818181818181818
CUSCUTA,1.16,-0.7891309768412536,0.0696969696969697
CUSCUTA,1.16,-0.7891309768412536,0.07272727272727272
CUSCUTA,3.09,0.00750481195284117,0.6333333333333333
CUSCUTA,3.09,0.00750481195284117,0.6363636363636364
CUSCUTA,1.61,-0.6033868810084335,0.296969696969697
CUSCUTA,1.61,-0.6033868810084335,0.3
CUSCUTA,1.61,-0.6033868810084335,0.30303030303030304
CUSCUTA,1.1,-0.8138968562856296,0.03333333333333333
CUSCUTA,1.16,-0.7891309768412536,0.07575757575757576
CUSCUTA,1.16,-0.7891309768412536,0.07878787878787878
CUSCUTA,1.54,-0.6322804070268722,0.25757575757575757
CUSCUTA,1.54,-0.6322804070268722,0.2606060606060606
CUSCUTA,1.54,-0.6322804070268722,0.2636363636363636
CUSCUTA,1.65,-0.5868762947121829,0.30606060606060603
CUSCUTA,1.41,-0.6859398124896869,0.15454545454545454
CUSCUTA,1.16,-0.7891309768412536,0.08181818181818182
CUSCUTA,1.16,-0.7891309768412536,0.08484848484848485
CUSCUTA,1.16,-0.7891309768412536,0.08787878787878788
CUSCUTA,1.54,-0.6322804070268722,0.26666666666666666
CUSCUTA,1.54,-0.6322804070268722,0.2696969696969697
CUSCUTA,1.5,-0.6487909933231228,0.17272727272727273
CUSCUTA,1.32,-0.7230886316562508,0.12121212121212122
CUSCUTA,2.01,-0.43828101804592695,0.39090909090909093
CUSCUTA,2.01,-0.43828101804592695,0.3939393939393939
CUSCUTA,1.45,-0.6694292261934363,0.16363636363636364
CUSCUTA,1.16,-0.7891309768412536,0.09090909090909091
CUSCUTA,1.16,-0.7891309768412536,0.09393939393939393
CUSCUTA,1.16,-0.7891309768412536,0.09696969696969697
CUSCUTA,1.54,-0.6322804070268722,0.2727272727272727
CUSCUTA,1.54,-0.6322804070268722,0.27575757575757576
CUSCUTA,1.49,-0.6529186398971856,0.1696969696969697
CUSCUTA,1.54,-0.6322804070268722,0.2787878787878788
CUSCUTA,1.54,-0.6322804070268722,0.2818181818181818
CUSCUTA,1.32,-0.7230886316562508,0.12424242424242424
CUSCUTA,1.32,-0.7230886316562508,0.12727272727272726
CUSCUTA,0.91,-0.8923221411928202,0.015151515151515152
CUSCUTA,0.86,-0.9129603740631337,0.012121212121212121
CUSCUTA,1.54,-0.6322804070268722,0.28484848484848485
CUSCUTA,1.54,-0.6322804070268722,0.2878787878787879
CUSCUTA,1.16,-0.7891309768412536,0.1
CUSCUTA,1.16,-0.7891309768412536,0.10303030303030303
CUSCUTA,3.74,0.2758018392669147,0.7484848484848485
CUSCUTA,3.07,-0.000750481195284172,0.5666666666666667
CUSCUTA,2.95,-0.05028224008403604,0.5515151515151515
CUSCUTA,1.34,-0.7148333385081255,0.13333333333333333
CUSCUTA,1.34,-0.7148333385081255,0.13636363636363635
CUSCUTA,1.32,-0.7230886316562508,0.1303030303030303
CUSCUTA,1.24,-0.7561098042487522,0.11212121212121212
CUSCUTA,1.54,-0.6322804070268722,0.2909090909090909
CUSCUTA,1.54,-0.6322804070268722,0.29393939393939394
CUSCUTA,2.78,-0.12045223184310154,0.5363636363636364
CUSCUTA,2.78,-0.12045223184310154,0.5393939393939394
CUSCUTA,1.16,-0.7891309768412536,0.10606060606060606
CUSCUTA,1.16,-0.7891309768412536,0.10909090909090909
CUSCUTA,4.63,0.6431623843584919,0.8727272727272727
CUSCUTA,4.63,0.6431623843584919,0.8757575757575757
CUSCUTA,3.17,0.040525984545342536,0.6727272727272727
CUSCUTA,3.86,0.32533359815566654,0.7575757575757576
CUSCUTA,1.85,-0.5043233632309295,0.3575757575757576
CUSCUTA,1.85,-0.5043233632309295,0.3606060606060606
CUSCUTA,2.31,-0.3144516208240468,0.48484848484848486
CUSCUTA,2.31,-0.3144516208240468,0.48787878787878786
CUSCUTA,2.31,-0.3144516208240468,0.4909090909090909
CUSCUTA,2.31,-0.3144516208240468,0.49393939393939396
CUSCUTA,3.09,0.00750481195284117,0.6393939393939394
CUSCUTA,3.09,0.00750481195284117,0.6424242424242425
CUSCUTA,2.31,-0.3144516208240468,0.49696969696969695
CUSCUTA,2.31,-0.3144516208240468,0.5
CUSCUTA,2.31,-0.3144516208240468,0.503030303030303
CUSCUTA,2.31,-0.3144516208240468,0.5060606060606061
CUSCUTA,2.31,-0.3144516208240468,0.509090909090909
CUSCUTA,3.56,0.20150420093378663,0.7181818181818181
CUSCUTA,3.56,0.20150420093378663,0.7212121212121212
CUSCUTA,3.7,0.259291252970664,0.7454545454545455
CUSCUTA,4.35,0.5275882802847371,0.803030303030303
CUSCUTA,4.63,0.6431623843584919,0.8787878787878788
CUSCUTA,3.09,0.00750481195284117,0.6454545454545455
CUSCUTA,3.09,0.00750481195284117,0.6484848484848484
CUSCUTA,3.86,0.32533359815566654,0.7606060606060606
CUSCUTA,3.86,0.32533359815566654,0.7636363636363637
CUSCUTA,4.21,0.46980122824785997,0.7909090909090909
CUSCUTA,4.21,0.46980122824785997,0.793939393939394
CUSCUTA,3.86,0.32533359815566654,0.7666666666666667
CUSCUTA,3.86,0.32533359815566654,0.7696969696969697
CUSCUTA,5.79,1.1219693869497613,0.9333333333333333
CUSCUTA,5.79,1.1219693869497613,0.9363636363636364
CUSCUTA,2.31,-0.3144516208240468,0.5121212121212121
CUSCUTA,2.31,-0.3144516208240468,0.5151515151515151
CUSCUTA,3.86,0.32533359815566654,0.7727272727272727
CUSCUTA,3.86,0.32533359815566654,0.7757575757575758
CUSCUTA,4.21,0.46980122824785997,0.796969696969697
CUSCUTA,4.45,0.5688647460253641,0.806060606060606
CUSCUTA,4.63,0.6431623843584919,0.8818181818181818
CUSCUTA,4.63,0.6431623843584919,0.8848484848484849
CUSCUTA,4.63,0.6431623843584919,0.8878787878787879
CUSCUTA,4.63,0.6431623843584919,0.8909090909090909
CUSCUTA,4.63,0.6431623843584919,0.8939393939393939
CUSCUTA,3.09,0.00750481195284117,0.6515151515151515
CUSCUTA,3.09,0.00750481195284117,0.6545454545454545
CUSCUTA,3.09,0.00750481195284117,0.6575757575757576
CUSCUTA,4.63,0.6431623843584919,0.896969696969697
CUSCUTA,4.63,0.6431623843584919,0.9
CUSCUTA,2.95,-0.05028224008403604,0.5545454545454546
CUSCUTA,3.06,-0.004878127769346752,0.5636363636363636
CUSCUTA,3.09,0.00750481195284117,0.6606060606060606
CUSCUTA,4.63,0.6431623843584919,0.9030303030303031
CUSCUTA,4.63,0.6431623843584919,0.906060606060606
CUSCUTA,4.63,0.6431623843584919,0.9090909090909091
CUSCUTA,4.63,0.6431623843584919,0.9121212121212121
CUSCUTA,4.63,0.6431623843584919,0.9151515151515152
CUSCUTA,3.09,0.00750481195284117,0.6636363636363637
CUSCUTA,3.09,0.00750481195284117,0.6666666666666666
CUSCUTA,4.85,0.7339706089878706,0.9212121212121213
CUSCUTA,4.85,0.7339706089878706,0.9242424242424242
CRESS,39.67,0.3008476432155828,0.7409470752089137
CRESS,39.67,0.3008476432155828,0.7437325905292479
CRESS,69.42,1.3582672346305957,0.8969359331476323
CRESS,69.42,1.3582672346305957,0.8997214484679665
CRESS,138.83,3.8253426578277745,0.9832869080779945
CRESS,138.83,3.8253426578277745,0.9860724233983287
CRESS,39.67,0.3008476432155828,0.7465181058495822
CRESS,39.67,0.3008476432155828,0.7493036211699164
CRESS,34.71,0.12455180545361763,0.6518105849582173
CRESS,39.67,0.3008476432155828,0.7520891364902507
CRESS,39.67,0.3008476432155828,0.754874651810585
CRESS,34.71,0.12455180545361763,0.6545961002785515
CRESS,34.71,0.12455180545361763,0.6573816155988857
CRESS,19.83,-0.404335707832278,0.4568245125348189
CRESS,18.52,-0.4508977133702164,0.44846796657381616
CRESS,17.35,-0.4924836267132605,0.40668523676880225
CRESS,14.0,-0.6115544042339427,0.37047353760445684
CRESS,9.26,-0.7800306685467885,0.06963788300835655
CRESS,9.26,-0.7800306685467885,0.07242339832869081
CRESS,11.57,-0.6979251473310345,0.16991643454038996
CRESS,10.07,-0.7512404208477579,0.12534818941504178
CRESS,13.88,-0.6158196261152805,0.28690807799442897
CRESS,13.88,-0.6158196261152805,0.28969359331476324
CRESS,34.71,0.12455180545361763,0.6601671309192201
CRESS,34.71,0.12455180545361763,0.6629526462395543
CRESS,46.28,0.5357902818459437,0.8133704735376045
CRESS,46.28,0.5357902818459437,0.8161559888579387
CRESS,83.3,1.8516112322386757,0.9275766016713092
CRESS,83.3,1.8516112322386757,0.9303621169916435
CRESS,34.71,0.12455180545361763,0.6657381615598886
CRESS,34.71,0.12455180545361763,0.6685236768802229
CRESS,87.93,2.016177709826962,0.9415041782729805
CRESS,69.42,1.3582672346305957,0.9025069637883009
CRESS,69.42,1.3582672346305957,0.9052924791086351
CRESS,69.42,1.3582672346305957,0.9080779944289693
CRESS,69.42,1.3582672346305957,0.9108635097493036
CRESS,67.92,1.3049519611138725,0.8941504178272981
CRESS,46.28,0.5357902818459437,0.8189415041782729
CRESS,55.53,0.8645678018657377,0.8690807799442897
CRESS,55.53,0.8645678018657377,0.871866295264624
CRESS,27.77,-0.12212019335042242,0.5905292479108635
CRESS,27.77,-0.12212019335042242,0.5933147632311978
CRESS,27.77,-0.12212019335042242,0.596100278551532
CRESS,26.42,-0.17010393951547334,0.584958217270195
CRESS,13.88,-0.6158196261152805,0.2924791086350975
CRESS,23.14,-0.2866866709387084,0.5153203342618384
CRESS,23.14,-0.2866866709387084,0.5181058495821727
CRESS,12.62,-0.6606044558693283,0.2590529247910863
CRESS,17.53,-0.4860857938912537,0.4456824512534819
CRESS,23.14,-0.2866866709387084,0.520891364902507
CRESS,39.67,0.3008476432155828,0.7576601671309192
CRESS,39.67,0.3008476432155828,0.7604456824512534
CRESS,23.14,-0.2866866709387084,0.5236768802228412
CRESS,23.14,-0.2866866709387084,0.5264623955431755
CRESS,23.14,-0.2866866709387084,0.5292479108635098
CRESS,23.14,-0.2866866709387084,0.532033426183844
CRESS,30.85,-0.012646165062750419,0.6350974930362117
CRESS,34.58,0.11993114841550151,0.649025069637883
CRESS,19.83,-0.404335707832278,0.4596100278551532
CRESS,19.83,-0.404335707832278,0.4623955431754875
CRESS,11.57,-0.6979251473310345,0.17270194986072424
CRESS,12.09,-0.6794425191785705,0.2562674094707521
CRESS,13.88,-0.6158196261152805,0.29526462395543174
CRESS,13.55,-0.6275489862889597,0.28133704735376047
CRESS,12.62,-0.6606044558693283,0.2618384401114206
CRESS,12.62,-0.6606044558693283,0.2646239554317549
CRESS,55.53,0.8645678018657377,0.8746518105849582
CRESS,94.72,2.2575181812793295,0.9526462395543176
CRESS,104.13,2.591982663807574,0.9554317548746518
CRESS,104.13,2.591982663807574,0.958217270194986
CRESS,104.13,2.591982663807574,0.9610027855153204
CRESS,104.13,2.591982663807574,0.9637883008356546
CRESS,15.43,-0.5607271768146664,0.3732590529247911
CRESS,15.43,-0.5607271768146664,0.37604456824512533
CRESS,34.71,0.12455180545361763,0.6713091922005571
CRESS,34.71,0.12455180545361763,0.6740947075208914
CRESS,25.24,-0.21204528801529582,0.5682451253481894
CRESS,25.24,-0.21204528801529582,0.5710306406685237
CRESS,26.03,-0.18396591062982143,0.5793871866295265
CRESS,26.03,-0.18396591062982143,0.5821727019498607
CRESS,34.71,0.12455180545361763,0.6768802228412256
CRESS,34.71,0.12455180545361763,0.6796657381615598
CRESS,19.83,-0.404335707832278,0.46518105849582175
CRESS,19.83,-0.404335707832278,0.467966573816156
CRESS,46.28,0.5357902818459437,0.8217270194986073
CRESS,46.28,0.5357902818459437,0.8245125348189415
CRESS,46.28,0.5357902818459437,0.8272980501392758
CRESS,46.28,0.5357902818459437,0.83008356545961
CRESS,46.28,0.5357902818459437,0.8328690807799443
CRESS,50.29,0.678319779713984,0.8579387186629527
CRESS,55.53,0.8645678018657377,0.8774373259052924
CRESS,39.67,0.3008476432155828,0.7632311977715878
CRESS,39.67,0.3008476432155828,0.766016713091922
CRESS,39.67,0.3008476432155828,0.7688022284122563
CRESS,17.35,-0.4924836267132605,0.40947075208913647
CRESS,17.35,-0.4924836267132605,0.41225626740947074
CRESS,13.88,-0.6158196261152805,0.298050139275766
CRESS,12.79,-0.6545620582040995,0.27298050139275765
CRESS,9.26,-0.7800306685467885,0.07520891364902507
CRESS,9.26,-0.7800306685467885,0.07799442896935933
CRESS,10.68,-0.7295588762842904,0.1532033426183844
CRESS,13.88,-0.6158196261152805,0.3008356545961003
CRESS,13.88,-0.6158196261152805,0.30362116991643456
CRESS,13.88,-0.6158196261152805,0.3064066852367688
CRESS,13.88,-0.6158196261152805,0.30919220055710306
CRESS,13.88,-0.6158196261152805,0.31197771587743733
CRESS,13.88,-0.6158196261152805,0.3147632311977716
CRESS,8.17,-0.8187731006356074,0.03064066852367688
CRESS,8.17,-0.8187731006356074,0.033426183844011144
CRESS,8.68,-0.8006459076399215,0.04178272980501393
CRESS,8.68,-0.8006459076399215,0.04456824512534819
CRESS,11.57,-0.6979251473310345,0.17548746518105848
CRESS,11.57,-0.6979251473310345,0.17827298050139276
CRESS,8.68,-0.8006459076399215,0.04735376044568245
CRESS,39.67,0.3008476432155828,0.7715877437325905
CRESS,34.71,0.12455180545361763,0.6824512534818942
CRESS,34.71,0.12455180545361763,0.6852367688022284
CRESS,13.88,-0.6158196261152805,0.31754874651810583
CRESS,13.88,-0.6158196261152805,0.3203342618384401
CRESS,15.43,-0.5607271768146664,0.3788300835654596
CRESS,79.33,1.710503474997748,0.9220055710306406
CRESS,79.33,1.710503474997748,0.924791086350975
CRESS,25.24,-0.21204528801529582,0.5738161559888579
CRESS,25.24,-0.21204528801529582,0.5766016713091922
CRESS,27.77,-0.12212019335042242,0.5988857938718662
CRESS,27.77,-0.12212019335042242,0.6016713091922006
CRESS,27.77,-0.12212019335042242,0.6044568245125348
CRESS,19.83,-0.404335707832278,0.47075208913649025
CRESS,10.68,-0.7295588762842904,0.15598885793871867
CRESS,10.68,-0.7295588762842904,0.15877437325905291
CRESS,11.57,-0.6979251473310345,0.181058495821727
CRESS,11.57,-0.6979251473310345,0.18384401114206128
CRESS,17.35,-0.4924836267132605,0.415041782729805
CRESS,23.14,-0.2866866709387084,0.5348189415041783
CRESS,18.66,-0.4459216211753222,0.45125348189415043
CRESS,11.57,-0.6979251473310345,0.18662952646239556
CRESS,19.83,-0.404335707832278,0.4735376044568245
CRESS,19.83,-0.404335707832278,0.4763231197771588
CRESS,11.57,-0.6979251473310345,0.1894150417827298
CRESS,11.57,-0.6979251473310345,0.19220055710306408
CRESS,11.57,-0.6979251473310345,0.19498607242339833
CRESS,11.57,-0.6979251473310345,0.1977715877437326
CRESS,11.57,-0.6979251473310345,0.20055710306406685
CRESS,11.57,-0.6979251473310345,0.20334261838440112
CRESS,11.57,-0.6979251473310345,0.20612813370473537
CRESS,13.22,-0.6392783464626388,0.2757660167130919
CRESS,13.22,-0.6392783464626388,0.2785515320334262
CRESS,19.83,-0.404335707832278,0.479108635097493
CRESS,19.83,-0.404335707832278,0.4818941504178273
CRESS,9.92,-0.7565719481994301,0.10306406685236769
CRESS,9.92,-0.7565719481994301,0.10584958217270195
CRESS,9.26,-0.7800306685467885,0.0807799442896936
CRESS,9.26,-0.7800306685467885,0.08356545961002786
CRESS,8.68,-0.8006459076399215,0.05013927576601671
CRESS,8.68,-0.8006459076399215,0.052924791086350974
CRESS,8.17,-0.8187731006356074,0.036211699164345405
CRESS,11.0,-0.7181849512673893,0.16434540389972144
CRESS,11.57,-0.6979251473310345,0.20891364902506965
CRESS,7.71,-0.8351231178474026,0.011142061281337047
CRESS,8.61,-0.8031339537373686,0.03899721448467967
CRESS,8.68,-0.8006459076399215,0.055710306406685235
CRESS,23.14,-0.2866866709387084,0.5376044568245125
CRESS,23.14,-0.2866866709387084,0.5403899721448467
CRESS,34.71,0.12455180545361763,0.6880222841225627
CRESS,34.71,0.12455180545361763,0.6908077994428969
CRESS,34.71,0.12455180545361763,0.6935933147632312
CRESS,34.71,0.12455180545361763,0.6963788300835655
CRESS,34.71,0.12455180545361763,0.6991643454038997
CRESS,13.88,-0.6158196261152805,0.3231197771587744
CRESS,13.88,-0.6158196261152805,0.32590529247910865
CRESS,15.43,-0.5607271768146664,0.3816155988857939
CRESS,15.43,-0.5607271768146664,0.38440111420612816
CRESS,11.57,-0.6979251473310345,0.2116991643454039
CRESS,11.37,-0.7050338504665977,0.1671309192200557
CRESS,10.68,-0.7295588762842904,0.1615598885793872
CRESS,13.88,-0.6158196261152805,0.3286908077994429
CRESS,13.88,-0.6158196261152805,0.33147632311977715
CRESS,15.43,-0.5607271768146664,0.3871866295264624
CRESS,15.43,-0.5607271768146664,0.38997214484679665
CRESS,6.94,-0.8624916249193205,0.002785515320334262
CRESS,6.94,-0.8624916249193205,0.005571030640668524
CRESS,7.71,-0.8351231178474026,0.013927576601671309
CRESS,7.71,-0.8351231178474026,0.016713091922005572
CRESS,13.88,-0.6158196261152805,0.3342618384401114
CRESS,13.88,-0.6158196261152805,0.3370473537604457
CRESS,13.88,-0.6158196261152805,0.3398328690807799
CRESS,17.35,-0.4924836267132605,0.4178272980501393
CRESS,17.35,-0.4924836267132605,0.4206128133704735
CRESS,11.57,-0.6979251473310345,0.21448467966573817
CRESS,13.69,-0.6225728940940656,0.2841225626740947
CRESS,17.35,-0.4924836267132605,0.4233983286908078
CRESS,11.57,-0.6979251473310345,0.21727019498607242
CRESS,11.57,-0.6979251473310345,0.2200557103064067
CRESS,11.57,-0.6979251473310345,0.22284122562674094
CRESS,11.57,-0.6979251473310345,0.22562674094707522
CRESS,11.57,-0.6979251473310345,0.22841225626740946
CRESS,11.57,-0.6979251473310345,0.23119777158774374
CRESS,13.88,-0.6158196261152805,0.3426183844011142
CRESS,13.88,-0.6158196261152805,0.34540389972144847
CRESS,13.88,-0.6158196261152805,0.34818941504178275
CRESS,13.88,-0.6158196261152805,0.35097493036211697
CRESS,15.43,-0.5607271768146664,0.39275766016713093
CRESS,15.43,-0.5607271768146664,0.3955431754874652
CRESS,6.94,-0.8624916249193205,0.008356545961002786
CRESS,11.57,-0.6979251473310345,0.233983286908078
CRESS,13.88,-0.6158196261152805,0.35376044568245124
CRESS,13.88,-0.6158196261152805,0.3565459610027855
CRESS,11.57,-0.6979251473310345,0.23676880222841226
CRESS,11.57,-0.6979251473310345,0.2395543175487465
CRESS,11.57,-0.6979251473310345,0.24233983286908078
CRESS,7.71,-0.8351231178474026,0.019498607242339833
CRESS,7.71,-0.8351231178474026,0.022284122562674095
CRESS,9.26,-0.7800306685467885,0.08635097493036212
CRESS,9.65,-0.7661686974324404,0.10027855153203342
CRESS,9.92,-0.7565719481994301,0.10863509749303621
CRESS,8.68,-0.8006459076399215,0.0584958217270195
CRESS,8.68,-0.8006459076399215,0.06128133704735376
CRESS,9.92,-0.7565719481994301,0.11142061281337047
CRESS,9.92,-0.7565719481994301,0.11420612813370473
CRESS,9.26,-0.7800306685467885,0.08913649025069638
CRESS,9.26,-0.7800306685467885,0.09192200557103064
CRESS,8.97,-0.790338288093355,0.06685236768802229
CRESS,8.03,-0.8237491928305015,0.027855153203342618
CRESS,7.71,-0.8351231178474026,0.025069637883008356
CRESS,8.68,-0.8006459076399215,0.06406685236768803
CRESS,9.3,-0.7786089279196758,0.0947075208913649
CRESS,9.92,-0.7565719481994301,0.116991643454039
CRESS,9.92,-0.7565719481994301,0.11977715877437325
CRESS,9.92,-0.7565719481994301,0.12256267409470752
CRESS,13.88,-0.6158196261152805,0.3593314763231198
CRESS,13.88,-0.6158196261152805,0.362116991643454
CRESS,19.83,-0.404335707832278,0.48467966573816157
CRESS,20.83,-0.36879219215446246,0.4986072423398329
CRESS,37.02,0.20665732666937167,0.724233983286908
CRESS,37.02,0.20665732666937167,0.7270194986072424
CRESS,19.83,-0.404335707832278,0.48746518105849584
CRESS,19.83,-0.404335707832278,0.49025069637883006
CRESS,17.35,-0.4924836267132605,0.42618384401114207
CRESS,17.35,-0.4924836267132605,0.42896935933147634
CRESS,27.77,-0.12212019335042242,0.6072423398328691
CRESS,27.77,-0.12212019335042242,0.6100278551532033
CRESS,27.77,-0.12212019335042242,0.6128133704735376
CRESS,11.57,-0.6979251473310345,0.24512534818941503
CRESS,11.57,-0.6979251473310345,0.2479108635097493
CRESS,17.35,-0.4924836267132605,0.43175487465181056
CRESS,17.35,-0.4924836267132605,0.43454038997214484
CRESS,12.62,-0.6606044558693283,0.26740947075208915
CRESS,12.62,-0.6606044558693283,0.27019498607242337
CRESS,27.77,-0.12212019335042242,0.6155988857938719
CRESS,27.77,-0.12212019335042242,0.6183844011142061
CRESS,23.9,-0.2596735990235687,0.5654596100278552
CRESS,23.14,-0.2866866709387084,0.5431754874651811
CRESS,16.02,-0.5397565025647553,0.3983286908077994
CRESS,16.02,-0.5397565025647553,0.4011142061281337
CRESS,16.33,-0.5287380127046325,0.403899721448468
CRESS,21.36,-0.34995412884522015,0.5097493036211699
CRESS,21.36,-0.34995412884522015,0.5125348189415042
CRESS,20.83,-0.36879219215446246,0.5013927576601671
CRESS,20.83,-0.36879219215446246,0.5041782729805014
CRESS,20.83,-0.36879219215446246,0.5069637883008357
CRESS,23.14,-0.2866866709387084,0.5459610027855153
CRESS,27.75,-0.12283106366397871,0.5877437325905293
CRESS,42.19,0.3904173027236779,0.7966573816155988
CRESS,32.67,0.05204303347087391,0.6434540389972145
CRESS,41.65,0.37122380425765755,0.7799442896935933
CRESS,41.65,0.37122380425765755,0.7827298050139275
CRESS,46.28,0.5357902818459437,0.8356545961002786
CRESS,43.14,0.42418364261760283,0.8050139275766016
CRESS,44.89,0.48638479505378,0.807799442896936
CRESS,46.28,0.5357902818459437,0.8384401114206128
CRESS,46.28,0.5357902818459437,0.841225626740947
CRESS,46.28,0.5357902818459437,0.8440111420612814
CRESS,18.84,-0.43952378835331535,0.45403899721448465
CRESS,10.41,-0.7391556255173005,0.13649025069637882
CRESS,83.3,1.8516112322386757,0.9331476323119777
CRESS,119.0,3.1205147419366916,0.9805013927576601
CRESS,115.47,2.9950461315940027,0.9777158774373259
CRESS,76.03,1.5932098732609568,0.9192200557103064
CRESS,59.5,1.0056755591066653,0.8913649025069638
CRESS,56.94,0.9146841589714575,0.8885793871866295
CRESS,45.23,0.4984695903842372,0.8105849582172702
CRESS,41.65,0.37122380425765755,0.7855153203342619
CRESS,41.65,0.37122380425765755,0.7883008356545961
CRESS,41.65,0.37122380425765755,0.7910863509749304
CRESS,32.67,0.05204303347087391,0.6462395543175488
CRESS,31.85,0.02289735061506514,0.6406685236768802
CRESS,30.85,-0.012646165062750419,0.637883008356546
CRESS,13.88,-0.6158196261152805,0.3649025069637883
CRESS,10.48,-0.7366675794198535,0.14763231197771587
CRESS,10.48,-0.7366675794198535,0.15041782729805014
CRESS,10.28,-0.7437762825554165,0.12813370473537605
CRESS,10.28,-0.7437762825554165,0.1309192200557103
CRESS,10.28,-0.7437762825554165,0.13370473537604458
CRESS,10.41,-0.7391556255173005,0.1392757660167131
CRESS,10.41,-0.7391556255173005,0.14206128133704735
CRESS,10.41,-0.7391556255173005,0.14484679665738162
CRESS,27.77,-0.12212019335042242,0.6211699164345403
CRESS,83.3,1.8516112322386757,0.935933147632312
CRESS,83.3,1.8516112322386757,0.9387186629526463
CRESS,69.42,1.3582672346305957,0.9136490250696379
CRESS,69.42,1.3582672346305957,0.9164345403899722
CRESS,39.67,0.3008476432155828,0.7743732590529248
CRESS,39.67,0.3008476432155828,0.7771587743732591
CRESS,55.53,0.8645678018657377,0.8802228412256268
CRESS,30.02,-0.042147283075337404,0.6295264623955432
CRESS,30.02,-0.042147283075337404,0.6323119777158774
CRESS,52.06,0.7412318024637177,0.8635097493036211
CRESS,52.06,0.7412318024637177,0.8662952646239555
CRESS,41.65,0.37122380425765755,0.7938718662952646
CRESS,35.45,0.15085400705520122,0.7186629526462396
CRESS,35.45,0.15085400705520122,0.7214484679665738
CRESS,13.88,-0.6158196261152805,0.36768802228412256
CRESS,11.79,-0.6901055738819151,0.25348189415041783
CRESS,11.57,-0.6979251473310345,0.25069637883008355
CRESS,17.35,-0.4924836267132605,0.4373259052924791
CRESS,20.32,-0.38691938515014834,0.49303621169916434
CRESS,20.32,-0.38691938515014834,0.4958217270194986
CRESS,23.14,-0.2866866709387084,0.5487465181058496
CRESS,23.14,-0.2866866709387084,0.5515320334261838
CRESS,17.35,-0.4924836267132605,0.4401114206128134
CRESS,17.35,-0.4924836267132605,0.4428969359331476
CRESS,23.14,-0.2866866709387084,0.5543175487465181
CRESS,23.14,-0.2866866709387084,0.5571030640668524
CRESS,23.14,-0.2866866709387084,0.5598885793871866
CRESS,23.14,-0.2866866709387084,0.5626740947075209
CRESS,49.0,0.6324686444896019,0.8495821727019499
CRESS,49.0,0.6324686444896019,0.8523676880222841
CRESS,51.26,0.7127969899214651,0.8607242339832869
CRESS,42.49,0.40108035742702275,0.7994428969359332
CRESS,27.77,-0.12212019335042242,0.6239554317548747
CRESS,27.77,-0.12212019335042242,0.6267409470752089
CRESS,34.71,0.12455180545361763,0.7019498607242339
CRESS,42.81,0.41245428244392374,0.8022284122562674
CRESS,38.07,0.2439780181310779,0.7381615598885793
CRESS,34.71,0.12455180545361763,0.7047353760445683
CRESS,92.56,2.180744187415248,0.9442896935933147
CRESS,92.56,2.180744187415248,0.947075208913649
CRESS,9.58,-0.7686567435298876,0.09749303621169916
CRESS,46.28,0.5357902818459437,0.8467966573816156
CRESS,49.71,0.657704540620851,0.8551532033426184
CRESS,37.02,0.20665732666937167,0.7298050139275766
CRESS,37.02,0.20665732666937167,0.7325905292479109
CRESS,37.02,0.20665732666937167,0.7353760445682451
CRESS,34.71,0.12455180545361763,0.7075208913649025
CRESS,34.71,0.12455180545361763,0.7103064066852368
CRESS,34.71,0.12455180545361763,0.713091922005571
CRESS,34.71,0.12455180545361763,0.7158774373259053
CRESS,55.53,0.8645678018657377,0.883008356545961
CRESS,55.53,0.8645678018657377,0.8857938718662952
CRESS,111.07,2.838654662611614,0.9693593314763231
CRESS,111.07,2.838654662611614,0.9721448467966574
CRESS,138.83,3.8253426578277745,0.9888579387186629
CRESS,138.83,3.8253426578277745,0.9916434540389972
CRESS,92.56,2.180744187415248,0.9498607242339833
CRESS,109.87,2.7960024437982356,0.9665738161559888
CRESS,111.07,2.838654662611614,0.9749303621169917
CRESS,143.88,4.004837412000742,0.9944289693593314
CRESS,158.67,4.5305260088756345,0.9972144846796658
CRESS,158.67,4.5305260088756345,1.0
SESAME,138.83,1.7882936832551186,0.9285714285714286
SESAME,138.83,1.7882936832551186,0.9311224489795918
SESAME,104.13,1.013713762107253,0.8520408163265306
SESAME,104.13,1.013713762107253,0.8545918367346939
SESAME,111.07,1.168629746336826,0.8903061224489796
SESAME,111.07,1.168629746336826,0.8928571428571429
SESAME,55.53,-0.0711445712583448,0.6301020408163265
SESAME,55.53,-0.0711445712583448,0.6326530612244898
SESAME,55.53,-0.0711445712583448,0.6352040816326531
SESAME,55.53,-0.0711445712583448,0.6377551020408163
SESAME,55.53,-0.0711445712583448,0.6403061224489796
SESAME,46.28,-0.2776248096046777,0.5178571428571429
SESAME,46.28,-0.2776248096046777,0.5204081632653061
SESAME,37.02,-0.48432826983030397,0.413265306122449
SESAME,37.02,-0.48432826983030397,0.41581632653061223
SESAME,11.57,-1.0524279526318363,0.002551020408163265
SESAME,83.3,0.5487425875392405,0.7678571428571429
SESAME,83.3,0.5487425875392405,0.7704081632653061
SESAME,79.33,0.4601235014597874,0.7576530612244898
SESAME,39.67,-0.4251744718175708,0.4489795918367347
SESAME,39.67,-0.4251744718175708,0.45153061224489793
SESAME,46.28,-0.2776248096046777,0.5229591836734694
SESAME,46.28,-0.2776248096046777,0.5255102040816326
SESAME,23.14,-0.79416023828945,0.10714285714285714
SESAME,23.14,-0.79416023828945,0.1096938775510204
SESAME,27.61,-0.6943800582453303,0.20153061224489796
SESAME,19.83,-0.8680466803355433,0.05102040816326531
SESAME,19.83,-0.8680466803355433,0.05357142857142857
SESAME,27.77,-0.690808508176637,0.20408163265306123
SESAME,23.14,-0.79416023828945,0.11224489795918367
SESAME,23.14,-0.79416023828945,0.11479591836734694
SESAME,23.14,-0.79416023828945,0.11734693877551021
SESAME,23.14,-0.79416023828945,0.11989795918367346
SESAME,238.0,4.001985060207101,0.9872448979591837
SESAME,238.0,4.001985060207101,0.9897959183673469
SESAME,138.83,1.7882936832551186,0.9336734693877551
SESAME,138.83,1.7882936832551186,0.9362244897959183
SESAME,138.83,1.7882936832551186,0.9387755102040817
SESAME,138.83,1.7882936832551186,0.9413265306122449
SESAME,138.83,1.7882936832551186,0.9438775510204082
SESAME,138.83,1.7882936832551186,0.9464285714285714
SESAME,138.83,1.7882936832551186,0.9489795918367347
SESAME,138.83,1.7882936832551186,0.951530612244898
SESAME,138.83,1.7882936832551186,0.9540816326530612
SESAME,69.42,0.23891061908009462,0.7040816326530612
SESAME,69.42,0.23891061908009462,0.7066326530612245
SESAME,46.28,-0.2776248096046777,0.5280612244897959
SESAME,46.28,-0.2776248096046777,0.5306122448979592
SESAME,104.13,1.013713762107253,0.8571428571428571
SESAME,104.13,1.013713762107253,0.8596938775510204
SESAME,19.83,-0.8680466803355433,0.05612244897959184
SESAME,19.83,-0.8680466803355433,0.058673469387755105
SESAME,19.83,-0.8680466803355433,0.061224489795918366
SESAME,19.83,-0.8680466803355433,0.06377551020408163
SESAME,69.42,0.23891061908009462,0.7091836734693877
SESAME,69.42,0.23891061908009462,0.7117346938775511
SESAME,46.28,-0.2776248096046777,0.5331632653061225
SESAME,44.12,-0.32584073553203774,0.5127551020408163
SESAME,41.65,-0.3809765397174909,0.5
SESAME,30.85,-0.6220561693542904,0.25255102040816324
SESAME,30.85,-0.6220561693542904,0.25510204081632654
SESAME,34.71,-0.5358925239470639,0.336734693877551
SESAME,34.71,-0.5358925239470639,0.3392857142857143
SESAME,34.71,-0.5358925239470639,0.34183673469387754
SESAME,27.77,-0.690808508176637,0.2066326530612245
SESAME,34.48,-0.5410266271708106,0.33418367346938777
SESAME,69.42,0.23891061908009462,0.7142857142857143
SESAME,55.53,-0.0711445712583448,0.6428571428571429
SESAME,50.83,-0.1760588545262113,0.5969387755102041
SESAME,32.92,-0.5758492403405705,0.3112244897959184
SESAME,26.53,-0.7184880212090102,0.1989795918367347
SESAME,23.14,-0.79416023828945,0.12244897959183673
SESAME,39.67,-0.4251744718175708,0.45408163265306123
SESAME,39.67,-0.4251744718175708,0.45663265306122447
SESAME,55.53,-0.0711445712583448,0.6454081632653061
SESAME,55.53,-0.0711445712583448,0.6479591836734694
SESAME,55.53,-0.0711445712583448,0.6505102040816326
SESAME,39.67,-0.4251744718175708,0.45918367346938777
SESAME,39.67,-0.4251744718175708,0.461734693877551
SESAME,55.53,-0.0711445712583448,0.6530612244897959
SESAME,55.53,-0.0711445712583448,0.6556122448979592
SESAME,19.83,-0.8680466803355433,0.0663265306122449
SESAME,19.83,-0.8680466803355433,0.06887755102040816
SESAME,19.83,-0.8680466803355433,0.07142857142857142
SESAME,19.83,-0.8680466803355433,0.07397959183673469
SESAME,23.14,-0.79416023828945,0.125
SESAME,23.14,-0.79416023828945,0.12755102040816327
SESAME,46.28,-0.2776248096046777,0.5357142857142857
SESAME,46.28,-0.2776248096046777,0.5382653061224489
SESAME,46.28,-0.2776248096046777,0.5408163265306123
SESAME,46.28,-0.2776248096046777,0.5433673469387755
SESAME,46.28,-0.2776248096046777,0.5459183673469388
SESAME,34.71,-0.5358925239470639,0.34438775510204084
SESAME,34.71,-0.5358925239470639,0.3469387755102041
SESAME,30.85,-0.6220561693542904,0.2576530612244898
SESAME,30.85,-0.6220561693542904,0.2602040816326531
SESAME,61.7,0.06658332826564164,0.6836734693877551
SESAME,61.7,0.06658332826564164,0.6862244897959183
SESAME,12.62,-1.0289896553060363,0.007653061224489796
SESAME,12.62,-1.0289896553060363,0.01020408163265306
SESAME,11.57,-1.0524279526318363,0.00510204081632653
SESAME,27.77,-0.690808508176637,0.20918367346938777
SESAME,27.77,-0.690808508176637,0.21173469387755103
SESAME,27.77,-0.690808508176637,0.21428571428571427
SESAME,27.77,-0.690808508176637,0.21683673469387754
SESAME,27.77,-0.690808508176637,0.2193877551020408
SESAME,27.77,-0.690808508176637,0.22193877551020408
SESAME,27.77,-0.690808508176637,0.22448979591836735
SESAME,23.14,-0.79416023828945,0.13010204081632654
SESAME,23.14,-0.79416023828945,0.1326530612244898
SESAME,19.83,-0.8680466803355433,0.07653061224489796
SESAME,23.14,-0.79416023828945,0.13520408163265307
SESAME,23.14,-0.79416023828945,0.1377551020408163
SESAME,23.14,-0.79416023828945,0.14030612244897958
SESAME,27.77,-0.690808508176637,0.22704081632653061
SESAME,30.85,-0.6220561693542904,0.2627551020408163
SESAME,30.85,-0.6220561693542904,0.2653061224489796
SESAME,104.13,1.013713762107253,0.8622448979591837
SESAME,104.13,1.013713762107253,0.8647959183673469
SESAME,92.56,0.755446047764867,0.8137755102040817
SESAME,50.49,-0.18364839842218456,0.5739795918367347
SESAME,50.79,-0.17695174204338462,0.5943877551020408
SESAME,52.76,-0.13297703182259807,0.625
SESAME,55.53,-0.0711445712583448,0.6581632653061225
SESAME,69.42,0.23891061908009462,0.7168367346938775
SESAME,69.42,0.23891061908009462,0.7193877551020408
SESAME,104.13,1.013713762107253,0.8673469387755102
SESAME,92.94,0.7639284791780135,0.8316326530612245
SESAME,92.56,0.755446047764867,0.8163265306122449
SESAME,138.83,1.7882936832551186,0.9566326530612245
SESAME,23.14,-0.79416023828945,0.14285714285714285
SESAME,23.14,-0.79416023828945,0.14540816326530612
SESAME,31.05,-0.6175917317684237,0.29081632653061223
SESAME,34.71,-0.5358925239470639,0.3494897959183674
SESAME,34.71,-0.5358925239470639,0.3520408163265306
SESAME,34.71,-0.5358925239470639,0.35459183673469385
SESAME,61.7,0.06658332826564164,0.6887755102040817
SESAME,37.02,-0.48432826983030397,0.41836734693877553
SESAME,37.02,-0.48432826983030397,0.42091836734693877
SESAME,39.67,-0.4251744718175708,0.4642857142857143
SESAME,39.67,-0.4251744718175708,0.46683673469387754
SESAME,34.71,-0.5358925239470639,0.35714285714285715
SESAME,34.71,-0.5358925239470639,0.3596938775510204
SESAME,18.51,-0.8975119684022631,0.03571428571428571
SESAME,18.51,-0.8975119684022631,0.03826530612244898
SESAME,30.85,-0.6220561693542904,0.26785714285714285
SESAME,30.85,-0.6220561693542904,0.27040816326530615
SESAME,30.85,-0.6220561693542904,0.2729591836734694
SESAME,30.85,-0.6220561693542904,0.2755102040816326
SESAME,34.71,-0.5358925239470639,0.3622448979591837
SESAME,34.71,-0.5358925239470639,0.3647959183673469
SESAME,39.67,-0.4251744718175708,0.46938775510204084
SESAME,39.67,-0.4251744718175708,0.4719387755102041
SESAME,23.14,-0.79416023828945,0.14795918367346939
SESAME,23.14,-0.79416023828945,0.15051020408163265
SESAME,23.14,-0.79416023828945,0.15306122448979592
SESAME,25.24,-0.7472836436378503,0.17857142857142858
SESAME,25.24,-0.7472836436378503,0.18112244897959184
SESAME,25.24,-0.7472836436378503,0.1836734693877551
SESAME,25.24,-0.7472836436378503,0.18622448979591838
SESAME,25.24,-0.7472836436378503,0.18877551020408162
SESAME,27.77,-0.690808508176637,0.22959183673469388
SESAME,27.77,-0.690808508176637,0.23214285714285715
SESAME,50.49,-0.18364839842218456,0.576530612244898
SESAME,50.49,-0.18364839842218456,0.5790816326530612
SESAME,50.49,-0.18364839842218456,0.5816326530612245
SESAME,50.49,-0.18364839842218456,0.5841836734693877
SESAME,52.06,-0.1486025633731313,0.6045918367346939
SESAME,52.06,-0.1486025633731313,0.6071428571428571
SESAME,39.67,-0.4251744718175708,0.4744897959183674
SESAME,46.06,-0.28253569094913106,0.5153061224489796
SESAME,27.77,-0.690808508176637,0.23469387755102042
SESAME,25.24,-0.7472836436378503,0.1913265306122449
SESAME,25.92,-0.7321045558459035,0.19642857142857142
SESAME,27.77,-0.690808508176637,0.2372448979591837
SESAME,12.62,-1.0289896553060363,0.012755102040816327
SESAME,12.62,-1.0289896553060363,0.015306122448979591
SESAME,34.71,-0.5358925239470639,0.3673469387755102
SESAME,34.71,-0.5358925239470639,0.36989795918367346
SESAME,30.85,-0.6220561693542904,0.2780612244897959
SESAME,30.85,-0.6220561693542904,0.28061224489795916
SESAME,34.71,-0.5358925239470639,0.37244897959183676
SESAME,34.71,-0.5358925239470639,0.375
SESAME,33.32,-0.5669203651688371,0.3137755102040816
SESAME,33.32,-0.5669203651688371,0.3163265306122449
SESAME,39.67,-0.4251744718175708,0.4770408163265306
SESAME,39.67,-0.4251744718175708,0.47959183673469385
SESAME,39.67,-0.4251744718175708,0.48214285714285715
SESAME,50.49,-0.18364839842218456,0.5867346938775511
SESAME,50.49,-0.18364839842218456,0.5892857142857143
SESAME,34.71,-0.5358925239470639,0.37755102040816324
SESAME,35.12,-0.5267404268960373,0.40816326530612246
SESAME,37.02,-0.48432826983030397,0.42346938775510207
SESAME,46.28,-0.2776248096046777,0.548469387755102
SESAME,46.28,-0.2776248096046777,0.5510204081632653
SESAME,27.77,-0.690808508176637,0.23979591836734693
SESAME,27.77,-0.690808508176637,0.2423469387755102
SESAME,39.67,-0.4251744718175708,0.4846938775510204
SESAME,23.14,-0.79416023828945,0.1556122448979592
SESAME,23.14,-0.79416023828945,0.15816326530612246
SESAME,23.14,-0.79416023828945,0.16071428571428573
SESAME,21.36,-0.8338937328036634,0.09693877551020408
SESAME,21.36,-0.8338937328036634,0.09948979591836735
SESAME,29.75,-0.646610576076557,0.25
SESAME,30.85,-0.6220561693542904,0.28316326530612246
SESAME,30.85,-0.6220561693542904,0.2857142857142857
SESAME,31.76,-0.6017429783385971,0.29591836734693877
SESAME,33.32,-0.5669203651688371,0.31887755102040816
SESAME,27.77,-0.690808508176637,0.24489795918367346
SESAME,27.77,-0.690808508176637,0.24744897959183673
SESAME,34.71,-0.5358925239470639,0.38010204081632654
SESAME,37.68,-0.4695956257969441,0.4336734693877551
SESAME,31.99,-0.5966088751148505,0.29846938775510207
SESAME,32.69,-0.5809833435643172,0.3086734693877551
SESAME,34.71,-0.5358925239470639,0.3826530612244898
SESAME,23.14,-0.79416023828945,0.16326530612244897
SESAME,20.6,-0.8508585956299566,0.08928571428571429
SESAME,19.83,-0.8680466803355433,0.07908163265306123
SESAME,34.71,-0.5358925239470639,0.3852040816326531
SESAME,34.71,-0.5358925239470639,0.3877551020408163
SESAME,16.33,-0.9461743380882098,0.02295918367346939
SESAME,16.33,-0.9461743380882098,0.025510204081632654
SESAME,16.33,-0.9461743380882098,0.02806122448979592
SESAME,15.43,-0.9662643072246098,0.017857142857142856
SESAME,15.43,-0.9662643072246098,0.02040816326530612
SESAME,17.35,-0.9234057064002898,0.030612244897959183
SESAME,17.99,-0.9091195061255166,0.03316326530612245
SESAME,19.15,-0.88322576812749,0.04591836734693878
SESAME,18.51,-0.8975119684022631,0.04081632653061224
SESAME,19.17,-0.8827793243689032,0.04846938775510204
SESAME,19.83,-0.8680466803355433,0.08163265306122448
SESAME,20.86,-0.84505482676833,0.09438775510204081
SESAME,21.36,-0.8338937328036634,0.10204081632653061
SESAME,20.85,-0.8452780486476233,0.09183673469387756
SESAME,19.83,-0.8680466803355433,0.08418367346938775
SESAME,19.83,-0.8680466803355433,0.08673469387755102
SESAME,21.36,-0.8338937328036634,0.10459183673469388
SESAME,24.47,-0.7644717283434368,0.17346938775510204
SESAME,18.93,-0.8881366494719433,0.04336734693877551
SESAME,37.02,-0.48432826983030397,0.4260204081632653
SESAME,37.02,-0.48432826983030397,0.42857142857142855
SESAME,55.53,-0.0711445712583448,0.6607142857142857
SESAME,56.91,-0.04033995191586496,0.6785714285714286
SESAME,23.14,-0.79416023828945,0.16581632653061223
SESAME,23.14,-0.79416023828945,0.1683673469387755
SESAME,23.14,-0.79416023828945,0.17091836734693877
SESAME,24.66,-0.7602305126368636,0.1760204081632653
SESAME,32.04,-0.5954927657183838,0.3010204081632653
SESAME,32.04,-0.5954927657183838,0.30357142857142855
SESAME,25.24,-0.7472836436378503,0.19387755102040816
SESAME,43.96,-0.329412285600731,0.5102040816326531
SESAME,51.89,-0.152397335321118,0.6020408163265306
SESAME,55.53,-0.0711445712583448,0.6632653061224489
SESAME,39.67,-0.4251744718175708,0.4872448979591837
SESAME,34.71,-0.5358925239470639,0.3903061224489796
SESAME,34.71,-0.5358925239470639,0.39285714285714285
SESAME,33.32,-0.5669203651688371,0.32142857142857145
SESAME,33.32,-0.5669203651688371,0.3239795918367347
SESAME,32.04,-0.5954927657183838,0.30612244897959184
SESAME,31.5,-0.6075467472002238,0.29336734693877553
SESAME,30.85,-0.6220561693542904,0.288265306122449
SESAME,52.56,-0.13744146940846463,0.6224489795918368
SESAME,55.53,-0.0711445712583448,0.6658163265306123
SESAME,52.44,-0.14012013195998474,0.6198979591836735
SESAME,53.9,-0.10752973758315812,0.6275510204081632
SESAME,55.53,-0.0711445712583448,0.6683673469387755
SESAME,52.06,-0.1486025633731313,0.6096938775510204
SESAME,59.5,0.017474514821108338,0.6811224489795918
SESAME,64.97,0.1395768827945614,0.6964285714285714
SESAME,73.84,0.3375746897277478,0.7397959183673469
SESAME,87.68,0.6465137706697206,0.7933673469387755
SESAME,41.65,-0.3809765397174909,0.5025510204081632
SESAME,96.15,0.8355827024311735,0.8392857142857143
SESAME,92.56,0.755446047764867,0.8188775510204082
SESAME,104.13,1.013713762107253,0.8698979591836735
SESAME,104.13,1.013713762107253,0.8724489795918368
SESAME,55.53,-0.0711445712583448,0.6709183673469388
SESAME,55.53,-0.0711445712583448,0.673469387755102
SESAME,49.0,-0.21690845843689122,0.5637755102040817
SESAME,49.0,-0.21690845843689122,0.5663265306122449
SESAME,83.3,0.5487425875392405,0.7729591836734694
SESAME,83.3,0.5487425875392405,0.7755102040816326
SESAME,55.53,-0.0711445712583448,0.6760204081632653
SESAME,52.06,-0.1486025633731313,0.6122448979591837
SESAME,52.06,-0.1486025633731313,0.6147959183673469
SESAME,34.71,-0.5358925239470639,0.39540816326530615
SESAME,36.2,-0.5026324639323573,0.4107142857142857
SESAME,38.74,-0.44593410659185073,0.4362244897959184
SESAME,89.36,0.6840150463910004,0.8112244897959183
SESAME,65.45,0.1502915330006415,0.6989795918367347
SESAME,39.67,-0.4251744718175708,0.4897959183673469
SESAME,41.65,-0.3809765397174909,0.5051020408163265
SESAME,39.92,-0.41959392483523744,0.49744897959183676
SESAME,39.67,-0.4251744718175708,0.4923469387755102
SESAME,34.71,-0.5358925239470639,0.3979591836734694
SESAME,34.26,-0.5459375085152639,0.33163265306122447
SESAME,34.71,-0.5358925239470639,0.4005102040816326
SESAME,39.67,-0.4251744718175708,0.49489795918367346
SESAME,47.14,-0.2584277279854511,0.5612244897959183
SESAME,114.9,1.2541237261061728,0.9132653061224489
SESAME,39.2,-0.4356659001443574,0.4387755102040816
SESAME,39.2,-0.4356659001443574,0.4413265306122449
SESAME,277.67,4.8875062553637525,1.0
SESAME,213.07,3.4454929151288214,0.9795918367346939
SESAME,238.0,4.001985060207101,0.9923469387755102
SESAME,262.31,4.544637448769193,0.9974489795918368
SESAME,238.0,4.001985060207101,0.9948979591836735
SESAME,222.13,3.6477319377685813,0.9821428571428571
SESAME,222.13,3.6477319377685813,0.9846938775510204
SESAME,208.25,3.337899969309435,0.9744897959183674
SESAME,152.72,2.0983488735935576,0.9642857142857143
SESAME,92.56,0.755446047764867,0.8214285714285714
SESAME,120.74,1.384485303613479,0.9209183673469388
SESAME,208.25,3.337899969309435,0.9770408163265306
SESAME,85.13,0.5895921914499205,0.7882653061224489
SESAME,93.45,0.7753127950219736,0.8341836734693877
SESAME,111.12,1.169745855733293,0.9056122448979592
SESAME,125.58,1.4925246931914522,0.923469387755102
SESAME,107.6,1.0911717542220394,0.8826530612244898
SESAME,82.17,0.5235185151790941,0.7653061224489796
SESAME,76.81,0.40387158787786764,0.75
SESAME,74.04,0.3420391273136145,0.7423469387755102
SESAME,77.49,0.41905067566981413,0.7525510204081632
SESAME,138.83,1.7882936832551186,0.9591836734693877
SESAME,112.8,1.2072471314545727,0.9081632653061225
SESAME,98.0,0.87687875010044,0.8418367346938775
SESAME,83.3,0.5487425875392405,0.7780612244897959
SESAME,83.3,0.5487425875392405,0.7806122448979592
SESAME,81.03,0.4980712209396541,0.7627551020408163
SESAME,78.85,0.4494088512537074,0.7551020408163265
SESAME,109.0,1.1224228173231061,0.8877551020408163
SESAME,92.56,0.755446047764867,0.8239795918367347
SESAME,49.0,-0.21690845843689122,0.5688775510204082
SESAME,49.0,-0.21690845843689122,0.5714285714285714
SESAME,46.28,-0.2776248096046777,0.5535714285714286
SESAME,52.35,-0.14212912887362467,0.6173469387755102
SESAME,51.26,-0.16646031371659803,0.5994897959183674
SESAME,34.71,-0.5358925239470639,0.4030612244897959
SESAME,34.71,-0.5358925239470639,0.40561224489795916
SESAME,46.28,-0.2776248096046777,0.5561224489795918
SESAME,46.28,-0.2776248096046777,0.5586734693877551
SESAME,33.32,-0.5669203651688371,0.32653061224489793
SESAME,33.32,-0.5669203651688371,0.32908163265306123
SESAME,37.02,-0.48432826983030397,0.43112244897959184
SESAME,39.2,-0.4356659001443574,0.44387755102040816
SESAME,39.2,-0.4356659001443574,0.44642857142857145
SESAME,50.49,-0.18364839842218456,0.5918367346938775
SESAME,116.73,1.2949733300168527,0.9158163265306123
SESAME,107.92,1.0983148543594263,0.8852040816326531
SESAME,88.74,0.6701752898748137,0.8086734693877551
SESAME,83.3,0.5487425875392405,0.7831632653061225
SESAME,103.32,0.995632789884493,0.8469387755102041
SESAME,94.63,0.8016529767785867,0.8367346938775511
SESAME,87.68,0.6465137706697206,0.7959183673469388
SESAME,87.68,0.6465137706697206,0.798469387755102
SESAME,87.68,0.6465137706697206,0.8010204081632653
SESAME,69.42,0.23891061908009462,0.7219387755102041
SESAME,69.42,0.23891061908009462,0.7244897959183674
SESAME,43.84,-0.33209094815225093,0.5076530612244898
SESAME,62.87,0.09270028814296147,0.6913265306122449
SESAME,63.37,0.10386138210762812,0.6938775510204082
SESAME,72.85,0.31547572367770765,0.7346938775510204
SESAME,69.42,0.23891061908009462,0.7270408163265306
SESAME,69.42,0.23891061908009462,0.7295918367346939
SESAME,66.41,0.1717208334128013,0.701530612244898
SESAME,74.04,0.3420391273136145,0.7448979591836735
SESAME,74.04,0.3420391273136145,0.7474489795918368
SESAME,92.56,0.755446047764867,0.826530612244898
SESAME,73.26,0.32462782072873453,0.7372448979591837
SESAME,70.3,0.2585541444579078,0.7321428571428571
SESAME,86.02,0.609458938707027,0.7908163265306123
SESAME,79.33,0.4601235014597874,0.7602040816326531
SESAME,111.07,1.168629746336826,0.8954081632653061
SESAME,111.07,1.168629746336826,0.8979591836734694
SESAME,154.54,2.138975255624944,0.9668367346938775
SESAME,162.73,2.3217939747661838,0.9693877551020408
SESAME,166.6,2.4081808420527038,0.9719387755102041
SESAME,87.68,0.6465137706697206,0.8035714285714286
SESAME,87.68,0.6465137706697206,0.8061224489795918
SESAME,92.56,0.755446047764867,0.8290816326530612
SESAME,103.98,1.0103654339178532,0.8494897959183674
SESAME,111.07,1.168629746336826,0.9005102040816326
SESAME,111.07,1.168629746336826,0.9030612244897959
SESAME,98.0,0.87687875010044,0.8443877551020408
SESAME,83.3,0.5487425875392405,0.7857142857142857
SESAME,119.0,1.345644696616439,0.9183673469387755
SESAME,114.59,1.2472038478480794,0.9107142857142857
SESAME,105.48,1.043848715811853,0.875
SESAME,107.48,1.0884930916705198,0.8775510204081632
SESAME,107.48,1.0884930916705198,0.8801020408163265
SESAME,138.83,1.7882936832551186,0.9617346938775511
SESAME,137.6,1.7608373921020382,0.9260204081632653
WOOL,4.17,-0.007234911978631728,0.6094674556213018
WOOL,3.79,-0.13349199004051368,0.6035502958579881
WOOL,4.17,-0.007234911978631728,0.6124260355029586
WOOL,4.17,-0.007234911978631728,0.6153846153846154
WOOL,4.17,-0.007234911978631728,0.6183431952662722
WOOL,4.17,-0.007234911978631728,0.621301775147929
WOOL,4.17,-0.007234911978631728,0.6242603550295858
WOOL,4.17,-0.007234911978631728,0.6272189349112426
WOOL,4.17,-0.007234911978631728,0.6301775147928994
WOOL,4.17,-0.007234911978631728,0.6331360946745562
WOOL,4.17,-0.007234911978631728,0.636094674556213
WOOL,4.17,-0.007234911978631728,0.6390532544378699
WOOL,2.78,-0.4690700133102527,0.38461538461538464
WOOL,2.78,-0.4690700133102527,0.3875739644970414
WOOL,2.78,-0.4690700133102527,0.3905325443786982
WOOL,2.78,-0.4690700133102527,0.39349112426035504
WOOL,1.67,-0.8378735834383816,0.04142011834319527
WOOL,1.67,-0.8378735834383816,0.04437869822485207
WOOL,1.67,-0.8378735834383816,0.047337278106508875
WOOL,1.67,-0.8378735834383816,0.05029585798816568
WOOL,1.04,-1.0471945286462385,0.0029585798816568047
WOOL,1.04,-1.0471945286462385,0.005917159763313609
WOOL,1.39,-0.9309051146418736,0.008875739644970414
WOOL,1.39,-0.9309051146418736,0.011834319526627219
WOOL,1.39,-0.9309051146418736,0.014792899408284023
WOOL,1.67,-0.8378735834383816,0.05325443786982249
WOOL,1.67,-0.8378735834383816,0.05621301775147929
WOOL,4.17,-0.007234911978631728,0.6420118343195266
WOOL,4.17,-0.007234911978631728,0.6449704142011834
WOOL,4.17,-0.007234911978631728,0.6479289940828402
WOOL,8.33,1.374947837330392,0.8372781065088757
WOOL,8.33,1.374947837330392,0.8402366863905325
WOOL,8.33,1.374947837330392,0.8431952662721893
WOOL,8.33,1.374947837330392,0.8461538461538461
WOOL,8.33,1.374947837330392,0.849112426035503
WOOL,8.33,1.374947837330392,0.8520710059171598
WOOL,8.33,1.374947837330392,0.8550295857988166
WOOL,8.33,1.374947837330392,0.8579881656804734
WOOL,6.54,0.7802105485652112,0.8284023668639053
WOOL,8.33,1.374947837330392,0.8609467455621301
WOOL,8.33,1.374947837330392,0.863905325443787
WOOL,5.55,0.45127763466715015,0.772189349112426
WOOL,5.55,0.45127763466715015,0.7751479289940828
WOOL,3.58,-0.20326563844313264,0.5857988165680473
WOOL,3.58,-0.20326563844313264,0.5887573964497042
WOOL,5.55,0.45127763466715015,0.7781065088757396
WOOL,5.55,0.45127763466715015,0.7810650887573964
WOOL,5.55,0.45127763466715015,0.7840236686390533
WOOL,5.55,0.45127763466715015,0.7869822485207101
WOOL,4.17,-0.007234911978631728,0.650887573964497
WOOL,4.17,-0.007234911978631728,0.6538461538461539
WOOL,4.17,-0.007234911978631728,0.6568047337278107
WOOL,3.33,-0.28632950558910764,0.4881656804733728
WOOL,3.33,-0.28632950558910764,0.4911242603550296
WOOL,2.78,-0.4690700133102527,0.39644970414201186
WOOL,2.78,-0.4690700133102527,0.3994082840236686
WOOL,2.08,-0.7016488413189825,0.15680473372781065
WOOL,2.08,-0.7016488413189825,0.15976331360946747
WOOL,2.78,-0.4690700133102527,0.40236686390532544
WOOL,2.78,-0.4690700133102527,0.40532544378698226
WOOL,2.78,-0.4690700133102527,0.40828402366863903
WOOL,2.78,-0.4690700133102527,0.41124260355029585
WOOL,2.78,-0.4690700133102527,0.41420118343195267
WOOL,2.78,-0.4690700133102527,0.4171597633136095
WOOL,1.67,-0.8378735834383816,0.05917159763313609
WOOL,1.67,-0.8378735834383816,0.0621301775147929
WOOL,1.67,-0.8378735834383816,0.0650887573964497
WOOL,2.08,-0.7016488413189825,0.16272189349112426
WOOL,2.08,-0.7016488413189825,0.16568047337278108
WOOL,2.78,-0.4690700133102527,0.42011834319526625
WOOL,2.78,-0.4690700133102527,0.4230769230769231
WOOL,2.38,-0.6019722007438126,0.3165680473372781
WOOL,2.38,-0.6019722007438126,0.31952662721893493
WOOL,2.38,-0.6019722007438126,0.3224852071005917
WOOL,2.38,-0.6019722007438126,0.3254437869822485
WOOL,2.08,-0.7016488413189825,0.16863905325443787
WOOL,2.08,-0.7016488413189825,0.17159763313609466
WOOL,2.38,-0.6019722007438126,0.32840236686390534
WOOL,2.38,-0.6019722007438126,0.33136094674556216
WOOL,16.66,4.142635890634279,0.9970414201183432
WOOL,16.66,4.142635890634279,1.0
WOOL,8.33,1.374947837330392,0.8668639053254438
WOOL,8.33,1.374947837330392,0.8698224852071006
WOOL,2.08,-0.7016488413189825,0.17455621301775148
WOOL,2.08,-0.7016488413189825,0.17751479289940827
WOOL,2.08,-0.7016488413189825,0.1804733727810651
WOOL,2.08,-0.7016488413189825,0.1834319526627219
WOOL,2.21,-0.6584556304030756,0.3106508875739645
WOOL,2.38,-0.6019722007438126,0.3343195266272189
WOOL,2.78,-0.4690700133102527,0.4260355029585799
WOOL,2.78,-0.4690700133102527,0.4289940828402367
WOOL,2.78,-0.4690700133102527,0.4319526627218935
WOOL,2.78,-0.4690700133102527,0.4349112426035503
WOOL,3.33,-0.28632950558910764,0.4940828402366864
WOOL,2.78,-0.4690700133102527,0.4378698224852071
WOOL,2.78,-0.4690700133102527,0.4408284023668639
WOOL,2.78,-0.4690700133102527,0.4437869822485207
WOOL,2.78,-0.4690700133102527,0.4467455621301775
WOOL,1.67,-0.8378735834383816,0.06804733727810651
WOOL,1.67,-0.8378735834383816,0.07100591715976332
WOOL,1.67,-0.8378735834383816,0.07396449704142012
WOOL,1.67,-0.8378735834383816,0.07692307692307693
WOOL,1.67,-0.8378735834383816,0.07988165680473373
WOOL,2.08,-0.7016488413189825,0.1863905325443787
WOOL,2.08,-0.7016488413189825,0.1893491124260355
WOOL,1.67,-0.8378735834383816,0.08284023668639054
WOOL,1.67,-0.8378735834383816,0.08579881656804733
WOOL,2.38,-0.6019722007438126,0.33727810650887574
WOOL,2.38,-0.6019722007438126,0.34023668639053256
WOOL,2.08,-0.7016488413189825,0.19230769230769232
WOOL,2.08,-0.7016488413189825,0.1952662721893491
WOOL,2.78,-0.4690700133102527,0.44970414201183434
WOOL,2.78,-0.4690700133102527,0.4526627218934911
WOOL,2.78,-0.4690700133102527,0.4556213017751479
WOOL,2.78,-0.4690700133102527,0.45857988165680474
WOOL,3.33,-0.28632950558910764,0.4970414201183432
WOOL,3.33,-0.28632950558910764,0.5
WOOL,2.38,-0.6019722007438126,0.3431952662721893
WOOL,2.38,-0.6019722007438126,0.34615384615384615
WOOL,2.38,-0.6019722007438126,0.34911242603550297
WOOL,2.38,-0.6019722007438126,0.3520710059171598
WOOL,2.38,-0.6019722007438126,0.35502958579881655
WOOL,1.67,-0.8378735834383816,0.08875739644970414
WOOL,1.67,-0.8378735834383816,0.09171597633136094
WOOL,1.67,-0.8378735834383816,0.09467455621301775
WOOL,2.08,-0.7016488413189825,0.19822485207100593
WOOL,2.08,-0.7016488413189825,0.20118343195266272
WOOL,2.08,-0.7016488413189825,0.20414201183431951
WOOL,2.08,-0.7016488413189825,0.20710059171597633
WOOL,2.08,-0.7016488413189825,0.21005917159763313
WOOL,2.38,-0.6019722007438126,0.35798816568047337
WOOL,2.38,-0.6019722007438126,0.3609467455621302
WOOL,2.08,-0.7016488413189825,0.21301775147928995
WOOL,2.08,-0.7016488413189825,0.21597633136094674
WOOL,2.38,-0.6019722007438126,0.363905325443787
WOOL,2.38,-0.6019722007438126,0.3668639053254438
WOOL,2.38,-0.6019722007438126,0.3698224852071006
WOOL,2.38,-0.6019722007438126,0.3727810650887574
WOOL,2.08,-0.7016488413189825,0.21893491124260356
WOOL,2.08,-0.7016488413189825,0.22189349112426035
WOOL,2.08,-0.7016488413189825,0.22485207100591717
WOOL,2.08,-0.7016488413189825,0.22781065088757396
WOOL,2.08,-0.7016488413189825,0.23076923076923078
WOOL,2.08,-0.7016488413189825,0.23372781065088757
WOOL,2.08,-0.7016488413189825,0.23668639053254437
WOOL,2.08,-0.7016488413189825,0.23964497041420119
WOOL,2.08,-0.7016488413189825,0.24260355029585798
WOOL,2.08,-0.7016488413189825,0.2455621301775148
WOOL,2.08,-0.7016488413189825,0.2485207100591716
WOOL,2.08,-0.7016488413189825,0.2514792899408284
WOOL,2.08,-0.7016488413189825,0.25443786982248523
WOOL,2.08,-0.7016488413189825,0.257396449704142
WOOL,2.08,-0.7016488413189825,0.2603550295857988
WOOL,2.08,-0.7016488413189825,0.26331360946745563
WOOL,2.78,-0.4690700133102527,0.46153846153846156
WOOL,2.78,-0.4690700133102527,0.46449704142011833
WOOL,2.78,-0.4690700133102527,0.46745562130177515
WOOL,1.67,-0.8378735834383816,0.09763313609467456
WOOL,1.67,-0.8378735834383816,0.10059171597633136
WOOL,1.67,-0.8378735834383816,0.10355029585798817
WOOL,1.67,-0.8378735834383816,0.10650887573964497
WOOL,2.08,-0.7016488413189825,0.26627218934911245
WOOL,2.08,-0.7016488413189825,0.2692307692307692
WOOL,2.08,-0.7016488413189825,0.27218934911242604
WOOL,2.08,-0.7016488413189825,0.27514792899408286
WOOL,2.08,-0.7016488413189825,0.2781065088757396
WOOL,2.08,-0.7016488413189825,0.28106508875739644
WOOL,2.38,-0.6019722007438126,0.3757396449704142
WOOL,2.23,-0.6518105210313976,0.3136094674556213
WOOL,2.08,-0.7016488413189825,0.28402366863905326
WOOL,3.33,-0.28632950558910764,0.5029585798816568
WOOL,3.33,-0.28632950558910764,0.5059171597633136
WOOL,3.33,-0.28632950558910764,0.5088757396449705
WOOL,3.33,-0.28632950558910764,0.5118343195266272
WOOL,3.33,-0.28632950558910764,0.514792899408284
WOOL,2.78,-0.4690700133102527,0.47041420118343197
WOOL,2.78,-0.4690700133102527,0.47337278106508873
WOOL,2.38,-0.6019722007438126,0.378698224852071
WOOL,2.38,-0.6019722007438126,0.3816568047337278
WOOL,2.08,-0.7016488413189825,0.2869822485207101
WOOL,2.08,-0.7016488413189825,0.28994082840236685
WOOL,2.08,-0.7016488413189825,0.29289940828402367
WOOL,1.85,-0.7780675990932796,0.13609467455621302
WOOL,1.85,-0.7780675990932796,0.1390532544378698
WOOL,2.08,-0.7016488413189825,0.2958579881656805
WOOL,1.79,-0.7980029272083136,0.13313609467455623
WOOL,1.67,-0.8378735834383816,0.10946745562130178
WOOL,1.85,-0.7780675990932796,0.14201183431952663
WOOL,1.85,-0.7780675990932796,0.14497041420118342
WOOL,1.85,-0.7780675990932796,0.14792899408284024
WOOL,1.85,-0.7780675990932796,0.15088757396449703
WOOL,1.85,-0.7780675990932796,0.15384615384615385
WOOL,1.51,-0.8910344584118056,0.029585798816568046
WOOL,1.51,-0.8910344584118056,0.03254437869822485
WOOL,1.54,-0.8810667943542886,0.03550295857988166
WOOL,1.67,-0.8378735834383816,0.11242603550295859
WOOL,1.67,-0.8378735834383816,0.11538461538461539
WOOL,1.67,-0.8378735834383816,0.11834319526627218
WOOL,1.58,-0.8677765756109326,0.038461538461538464
WOOL,1.39,-0.9309051146418736,0.01775147928994083
WOOL,1.39,-0.9309051146418736,0.020710059171597635
WOOL,1.39,-0.9309051146418736,0.023668639053254437
WOOL,1.39,-0.9309051146418736,0.026627218934911243
WOOL,1.67,-0.8378735834383816,0.12130177514792899
WOOL,1.67,-0.8378735834383816,0.1242603550295858
WOOL,2.08,-0.7016488413189825,0.2988165680473373
WOOL,2.08,-0.7016488413189825,0.30177514792899407
WOOL,2.08,-0.7016488413189825,0.3047337278106509
WOOL,1.67,-0.8378735834383816,0.12721893491124261
WOOL,1.67,-0.8378735834383816,0.1301775147928994
WOOL,2.78,-0.4690700133102527,0.47633136094674555
WOOL,2.78,-0.4690700133102527,0.47928994082840237
WOOL,3.33,-0.28632950558910764,0.5177514792899408
WOOL,3.33,-0.28632950558910764,0.5207100591715976
WOOL,3.7,-0.16339498221306462,0.591715976331361
WOOL,3.7,-0.16339498221306462,0.5946745562130178
WOOL,4.17,-0.007234911978631728,0.6597633136094675
WOOL,4.17,-0.007234911978631728,0.6627218934911243
WOOL,3.33,-0.28632950558910764,0.5236686390532544
WOOL,3.33,-0.28632950558910764,0.5266272189349113
WOOL,3.33,-0.28632950558910764,0.5295857988165681
WOOL,3.33,-0.28632950558910764,0.5325443786982249
WOOL,3.33,-0.28632950558910764,0.5355029585798816
WOOL,3.33,-0.28632950558910764,0.5384615384615384
WOOL,3.33,-0.28632950558910764,0.5414201183431953
WOOL,3.33,-0.28632950558910764,0.5443786982248521
WOOL,3.7,-0.16339498221306462,0.5976331360946746
WOOL,3.7,-0.16339498221306462,0.6005917159763313
WOOL,3.33,-0.28632950558910764,0.5473372781065089
WOOL,3.33,-0.28632950558910764,0.5502958579881657
WOOL,3.33,-0.28632950558910764,0.5532544378698225
WOOL,3.33,-0.28632950558910764,0.5562130177514792
WOOL,3.33,-0.28632950558910764,0.5591715976331361
WOOL,3.33,-0.28632950558910764,0.5621301775147929
WOOL,3.33,-0.28632950558910764,0.5650887573964497
WOOL,3.33,-0.28632950558910764,0.5680473372781065
WOOL,3.33,-0.28632950558910764,0.5710059171597633
WOOL,3.33,-0.28632950558910764,0.5739644970414202
WOOL,3.28,-0.30294227901830273,0.48520710059171596
WOOL,2.83,-0.4524572398810576,0.4822485207100592
WOOL,3.33,-0.28632950558910764,0.5769230769230769
WOOL,4.76,0.18879581448586918,0.742603550295858
WOOL,4.21,0.006055306764724282,0.7396449704142012
WOOL,3.91,-0.09362133381044564,0.606508875739645
WOOL,4.17,-0.007234911978631728,0.665680473372781
WOOL,4.17,-0.007234911978631728,0.6686390532544378
WOOL,4.17,-0.007234911978631728,0.6715976331360947
WOOL,4.17,-0.007234911978631728,0.6745562130177515
WOOL,4.17,-0.007234911978631728,0.6775147928994083
WOOL,4.17,-0.007234911978631728,0.6804733727810651
WOOL,4.17,-0.007234911978631728,0.6834319526627219
WOOL,4.17,-0.007234911978631728,0.6863905325443787
WOOL,4.17,-0.007234911978631728,0.6893491124260355
WOOL,4.17,-0.007234911978631728,0.6923076923076923
WOOL,4.99,0.2652145722601663,0.7603550295857988
WOOL,4.99,0.2652145722601663,0.7633136094674556
WOOL,4.76,0.18879581448586918,0.7455621301775148
WOOL,4.76,0.18879581448586918,0.7485207100591716
WOOL,4.76,0.18879581448586918,0.7514792899408284
WOOL,4.76,0.18879581448586918,0.7544378698224852
WOOL,8.33,1.374947837330392,0.8727810650887574
WOOL,8.33,1.374947837330392,0.8757396449704142
WOOL,4.17,-0.007234911978631728,0.6952662721893491
WOOL,4.17,-0.007234911978631728,0.6982248520710059
WOOL,3.33,-0.28632950558910764,0.5798816568047337
WOOL,3.33,-0.28632950558910764,0.5828402366863905
WOOL,2.08,-0.7016488413189825,0.3076923076923077
WOOL,8.33,1.374947837330392,0.878698224852071
WOOL,11.77,2.517906649259008,0.9437869822485208
WOOL,12.43,2.737195258524382,0.9467455621301775
WOOL,5.55,0.45127763466715015,0.7899408284023669
WOOL,5.55,0.45127763466715015,0.7928994082840237
WOOL,8.33,1.374947837330392,0.8816568047337278
WOOL,8.33,1.374947837330392,0.8846153846153846
WOOL,8.33,1.374947837330392,0.8875739644970414
WOOL,9.92,1.903234032378793,0.9319526627218935
WOOL,10.65,2.14578052444504,0.9349112426035503
WOOL,8.33,1.374947837330392,0.8905325443786982
WOOL,8.33,1.374947837330392,0.893491124260355
WOOL,8.33,1.374947837330392,0.8964497041420119
WOOL,5.55,0.45127763466715015,0.7958579881656804
WOOL,4.17,-0.007234911978631728,0.7011834319526628
WOOL,4.17,-0.007234911978631728,0.7041420118343196
WOOL,4.17,-0.007234911978631728,0.7071005917159763
WOOL,4.17,-0.007234911978631728,0.7100591715976331
WOOL,5.55,0.45127763466715015,0.7988165680473372
WOOL,5.02,0.2751822363176831,0.7662721893491125
WOOL,4.17,-0.007234911978631728,0.7130177514792899
WOOL,4.17,-0.007234911978631728,0.7159763313609467
WOOL,4.17,-0.007234911978631728,0.7189349112426036
WOOL,4.17,-0.007234911978631728,0.7218934911242604
WOOL,4.17,-0.007234911978631728,0.7248520710059172
WOOL,4.17,-0.007234911978631728,0.727810650887574
WOOL,4.17,-0.007234911978631728,0.7307692307692307
WOOL,4.17,-0.007234911978631728,0.7337278106508875
WOOL,4.17,-0.007234911978631728,0.7366863905325444
WOOL,4.76,0.18879581448586918,0.757396449704142
WOOL,5.31,0.3715363222070141,0.7692307692307693
WOOL,5.55,0.45127763466715015,0.8017751479289941
WOOL,8.33,1.374947837330392,0.8994082840236687
WOOL,6.66,0.8200812047952792,0.8313609467455622
WOOL,6.66,0.8200812047952792,0.834319526627219
WOOL,5.55,0.45127763466715015,0.8047337278106509
WOOL,5.55,0.45127763466715015,0.8076923076923077
WOOL,5.55,0.45127763466715015,0.8106508875739645
WOOL,8.33,1.374947837330392,0.9023668639053254
WOOL,8.33,1.374947837330392,0.9053254437869822
WOOL,5.55,0.45127763466715015,0.8136094674556213
WOOL,5.55,0.45127763466715015,0.8165680473372781
WOOL,5.55,0.45127763466715015,0.8195266272189349
WOOL,5.55,0.45127763466715015,0.8224852071005917
WOOL,5.55,0.45127763466715015,0.8254437869822485
WOOL,8.33,1.374947837330392,0.908284023668639
WOOL,8.33,1.374947837330392,0.9112426035502958
WOOL,8.33,1.374947837330392,0.9142011834319527
WOOL,8.33,1.374947837330392,0.9171597633136095
WOOL,8.33,1.374947837330392,0.9201183431952663
WOOL,8.33,1.374947837330392,0.9230769230769231
WOOL,12.43,2.737195258524382,0.9497041420118343
WOOL,12.43,2.737195258524382,0.9526627218934911
WOOL,12.43,2.737195258524382,0.9556213017751479
WOOL,12.43,2.737195258524382,0.9585798816568047
WOOL,12.43,2.737195258524382,0.9615384615384616
WOOL,12.43,2.737195258524382,0.9644970414201184
WOOL,8.33,1.374947837330392,0.9260355029585798
WOOL,8.33,1.374947837330392,0.9289940828402367
WOOL,12.43,2.737195258524382,0.9674556213017751
WOOL,12.43,2.737195258524382,0.9704142011834319
WOOL,12.43,2.737195258524382,0.9733727810650887
WOOL,12.43,2.737195258524382,0.9763313609467456
WOOL,12.43,2.737195258524382,0.9792899408284024
WOOL,12.43,2.737195258524382,0.9822485207100592
WOOL,12.43,2.737195258524382,0.985207100591716
WOOL,12.43,2.737195258524382,0.9881656804733728
WOOL,12.43,2.737195258524382,0.9911242603550295
WOOL,12.43,2.737195258524382,0.9940828402366864
WOOL,11.11,2.2986180399936336,0.9378698224852071
WOOL,11.11,2.2986180399936336,0.9408284023668639
