commodity,value,zscore,cdf
BARLEY,27.0,-0.9121009770772547,0.10822510822510822
BARLEY,27.0,-0.9121009770772547,0.10966810966810966
BARLEY,30.0,-0.8622769747823092,0.13564213564213565
BARLEY,32.0,-0.8290609732523457,0.17604617604617603
BARLEY,32.0,-0.8290609732523457,0.1774891774891775
BARLEY,36.0,-0.7626289701924186,0.21356421356421357
BARLEY,44.0,-0.6297649640725642,0.3203463203463203
BARLEY,42.0,-0.6629809656025278,0.29004329004329005
BARLEY,96.0,0.2338510757064887,0.6652236652236653
BARLEY,96.0,0.2338510757064887,0.6666666666666666
BARLEY,72.0,-0.1647409426530742,0.5353535353535354
BARLEY,78.0,-0.06509293806318349,0.5800865800865801
BARLEY,52.5,-0.4885969575702191,0.4069264069264069
BARLEY,52.5,-0.4885969575702191,0.4083694083694084
BARLEY,63.0,-0.3142129495379103,0.494949494949495
BARLEY,63.0,-0.3142129495379103,0.4963924963924964
BARLEY,72.0,-0.1647409426530742,0.5367965367965368
BARLEY,72.0,-0.1647409426530742,0.5382395382395382
BARLEY,72.0,-0.1647409426530742,0.5396825396825397
BARLEY,84.0,0.034555066526707236,0.6046176046176046
BARLEY,39.0,-0.7128049678974732,0.2510822510822511
BARLEY,33.0,-0.8124529724873639,0.18614718614718614
BARLEY,33.0,-0.8124529724873639,0.18759018759018758
BARLEY,28.5,-0.887188975929782,0.12698412698412698
BARLEY,24.0,-0.9619249793722,0.07792207792207792
BARLEY,36.0,-0.7626289701924186,0.215007215007215
BARLEY,99.0,0.28367507800143404,0.6897546897546898
BARLEY,60.0,-0.36403695183285567,0.4603174603174603
BARLEY,60.0,-0.36403695183285567,0.46176046176046176
BARLEY,66.0,-0.26438894724296497,0.5093795093795094
BARLEY,39.0,-0.7128049678974732,0.25252525252525254
BARLEY,39.0,-0.7128049678974732,0.25396825396825395
BARLEY,102.0,0.3334990802963794,0.7012987012987013
BARLEY,102.0,0.3334990802963794,0.7027417027417028
BARLEY,108.0,0.43314708488627013,0.7272727272727273
BARLEY,114.0,0.5327950894761608,0.7561327561327561
BARLEY,114.0,0.5327950894761608,0.7575757575757576
BARLEY,120.0,0.6324430940660516,0.7821067821067821
BARLEY,117.0,0.5826190917711063,0.7777777777777778
BARLEY,120.0,0.6324430940660516,0.7835497835497836
BARLEY,69.0,-0.2145649449480196,0.5281385281385281
BARLEY,138.0,0.9313871078357238,0.862914862914863
BARLEY,144.0,1.0310351124256145,0.8658008658008658
BARLEY,150.0,1.1306831170155052,0.8744588744588745
BARLEY,72.0,-0.1647409426530742,0.5411255411255411
BARLEY,51.0,-0.5135089587176918,0.37662337662337664
BARLEY,9.0,-1.2110449908469267,0.007215007215007215
BARLEY,26.0,-0.9287089778422365,0.10245310245310245
BARLEY,36.0,-0.7626289701924186,0.21645021645021645
BARLEY,48.0,-0.5633329610126371,0.35064935064935066
BARLEY,48.0,-0.5633329610126371,0.35209235209235207
BARLEY,46.0,-0.5965489625426007,0.3463203463203463
BARLEY,44.0,-0.6297649640725642,0.3217893217893218
BARLEY,43.5,-0.6380689644550551,0.31601731601731603
BARLEY,45.0,-0.6131569633075825,0.32611832611832614
BARLEY,43.5,-0.6380689644550551,0.31746031746031744
BARLEY,39.0,-0.7128049678974732,0.2554112554112554
BARLEY,37.0,-0.7460209694274368,0.24386724386724387
BARLEY,36.0,-0.7626289701924186,0.2178932178932179
BARLEY,60.0,-0.36403695183285567,0.46320346320346323
BARLEY,54.0,-0.4636849564227464,0.41414141414141414
BARLEY,30.0,-0.8622769747823092,0.1370851370851371
BARLEY,12.0,-1.1612209885519815,0.01443001443001443
BARLEY,13.0,-1.1446129877869997,0.021645021645021644
BARLEY,12.0,-1.1612209885519815,0.015873015873015872
BARLEY,13.5,-1.1363089874045087,0.024531024531024532
BARLEY,13.5,-1.1363089874045087,0.025974025974025976
BARLEY,12.0,-1.1612209885519815,0.017316017316017316
BARLEY,12.0,-1.1612209885519815,0.01875901875901876
BARLEY,7.5,-1.2359569919943996,0.005772005772005772
BARLEY,13.5,-1.1363089874045087,0.027417027417027416
BARLEY,13.5,-1.1363089874045087,0.02886002886002886
BARLEY,9.0,-1.2110449908469267,0.008658008658008658
BARLEY,9.0,-1.2110449908469267,0.010101010101010102
BARLEY,14.0,-1.128004987022018,0.030303030303030304
BARLEY,14.5,-1.119700986639527,0.031746031746031744
BARLEY,13.0,-1.1446129877869997,0.023088023088023088
BARLEY,56.0,-0.4304689548927828,0.4458874458874459
BARLEY,150.0,1.1306831170155052,0.8759018759018758
BARLEY,210.0,2.1271631629144125,0.950937950937951
BARLEY,210.0,2.1271631629144125,0.9523809523809523
BARLEY,216.0,2.226811167504303,0.9581529581529582
BARLEY,216.0,2.226811167504303,0.9595959595959596
BARLEY,202.0,1.9942991567945583,0.9437229437229437
BARLEY,180.0,1.6289231399649589,0.9090909090909091
BARLEY,180.0,1.6289231399649589,0.9105339105339105
BARLEY,180.0,1.6289231399649589,0.911976911976912
BARLEY,90.0,0.13420307111659796,0.6277056277056277
BARLEY,102.0,0.3334990802963794,0.7041847041847041
BARLEY,90.0,0.13420307111659796,0.6291486291486291
BARLEY,90.0,0.13420307111659796,0.6305916305916306
BARLEY,88.0,0.10098706958663438,0.6262626262626263
BARLEY,84.0,0.034555066526707236,0.6060606060606061
BARLEY,111.0,0.4829710871812155,0.7546897546897547
BARLEY,132.0,0.831739103245833,0.8398268398268398
BARLEY,114.0,0.5327950894761608,0.759018759018759
BARLEY,114.0,0.5327950894761608,0.7604617604617605
BARLEY,114.0,0.5327950894761608,0.7619047619047619
BARLEY,120.0,0.6324430940660516,0.784992784992785
BARLEY,120.0,0.6324430940660516,0.7864357864357865
BARLEY,120.0,0.6324430940660516,0.7878787878787878
BARLEY,120.0,0.6324430940660516,0.7893217893217893
BARLEY,120.0,0.6324430940660516,0.7907647907647908
BARLEY,120.0,0.6324430940660516,0.7922077922077922
BARLEY,120.0,0.6324430940660516,0.7936507936507936
BARLEY,120.0,0.6324430940660516,0.7950937950937951
BARLEY,120.0,0.6324430940660516,0.7965367965367965
BARLEY,120.0,0.6324430940660516,0.797979797979798
BARLEY,108.0,0.43314708488627013,0.7287157287157288
BARLEY,93.0,0.1840270734115433,0.6594516594516594
BARLEY,72.0,-0.1647409426530742,0.5425685425685426
BARLEY,92.0,0.16741907264656153,0.658008658008658
BARLEY,84.0,0.034555066526707236,0.6075036075036075
BARLEY,84.0,0.034555066526707236,0.6089466089466089
BARLEY,78.0,-0.06509293806318349,0.5815295815295816
BARLEY,60.0,-0.36403695183285567,0.46464646464646464
BARLEY,63.0,-0.3142129495379103,0.49783549783549785
BARLEY,36.0,-0.7626289701924186,0.21933621933621933
BARLEY,30.0,-0.8622769747823092,0.13852813852813853
BARLEY,33.0,-0.8124529724873639,0.18903318903318903
BARLEY,27.0,-0.9121009770772547,0.1111111111111111
BARLEY,180.0,1.6289231399649589,0.9134199134199135
BARLEY,78.0,-0.06509293806318349,0.5829725829725829
BARLEY,30.0,-0.8622769747823092,0.13997113997113997
BARLEY,72.0,-0.1647409426530742,0.5440115440115441
BARLEY,156.0,1.230331121605396,0.8845598845598845
BARLEY,198.0,1.927867153734631,0.9365079365079365
BARLEY,198.0,1.927867153734631,0.937950937950938
BARLEY,264.0,3.023995204223429,0.987012987012987
BARLEY,270.0,3.12364320881332,0.9884559884559885
BARLEY,270.0,3.12364320881332,0.98989898989899
BARLEY,96.0,0.2338510757064887,0.6681096681096681
BARLEY,36.0,-0.7626289701924186,0.22077922077922077
BARLEY,36.0,-0.7626289701924186,0.2222222222222222
BARLEY,102.0,0.3334990802963794,0.7056277056277056
BARLEY,99.0,0.28367507800143404,0.6911976911976911
BARLEY,78.0,-0.06509293806318349,0.5844155844155844
BARLEY,72.0,-0.1647409426530742,0.5454545454545454
BARLEY,72.0,-0.1647409426530742,0.5468975468975469
BARLEY,73.5,-0.13982894150560155,0.56998556998557
BARLEY,79.0,-0.048484937298201705,0.5945165945165946
BARLEY,72.0,-0.1647409426530742,0.5483405483405484
BARLEY,67.0,-0.24778094647798315,0.5223665223665224
BARLEY,54.0,-0.4636849564227464,0.4155844155844156
BARLEY,62.0,-0.3308209503028921,0.4906204906204906
BARLEY,60.0,-0.36403695183285567,0.4660894660894661
BARLEY,60.0,-0.36403695183285567,0.4675324675324675
BARLEY,66.0,-0.26438894724296497,0.5108225108225108
BARLEY,90.0,0.13420307111659796,0.6320346320346321
BARLEY,66.0,-0.26438894724296497,0.5122655122655123
BARLEY,60.0,-0.36403695183285567,0.468975468975469
BARLEY,60.0,-0.36403695183285567,0.4704184704184704
BARLEY,51.0,-0.5135089587176918,0.37806637806637805
BARLEY,54.0,-0.4636849564227464,0.417027417027417
BARLEY,54.0,-0.4636849564227464,0.4184704184704185
BARLEY,49.0,-0.5467249602476554,0.3708513708513709
BARLEY,48.0,-0.5633329610126371,0.35353535353535354
BARLEY,45.0,-0.6131569633075825,0.32756132756132755
BARLEY,48.0,-0.5633329610126371,0.354978354978355
BARLEY,168.0,1.4296271307851773,0.8932178932178932
BARLEY,90.0,0.13420307111659796,0.6334776334776335
BARLEY,36.0,-0.7626289701924186,0.22366522366522368
BARLEY,24.0,-0.9619249793722,0.07936507936507936
BARLEY,24.0,-0.9619249793722,0.08080808080808081
BARLEY,42.0,-0.6629809656025278,0.29148629148629146
BARLEY,42.0,-0.6629809656025278,0.29292929292929293
BARLEY,42.0,-0.6629809656025278,0.2943722943722944
BARLEY,72.0,-0.1647409426530742,0.5497835497835498
BARLEY,72.0,-0.1647409426530742,0.5512265512265512
BARLEY,72.0,-0.1647409426530742,0.5526695526695526
BARLEY,90.0,0.13420307111659796,0.6349206349206349
BARLEY,96.0,0.2338510757064887,0.6695526695526696
BARLEY,120.0,0.6324430940660516,0.7994227994227994
BARLEY,108.0,0.43314708488627013,0.7301587301587301
BARLEY,240.0,2.625403185863866,0.9754689754689755
BARLEY,240.0,2.625403185863866,0.976911976911977
BARLEY,237.0,2.575579183568921,0.974025974025974
BARLEY,180.0,1.6289231399649589,0.9148629148629148
BARLEY,180.0,1.6289231399649589,0.9163059163059163
BARLEY,114.0,0.5327950894761608,0.7633477633477633
BARLEY,108.0,0.43314708488627013,0.7316017316017316
BARLEY,108.0,0.43314708488627013,0.733044733044733
BARLEY,45.0,-0.6131569633075825,0.329004329004329
BARLEY,150.0,1.1306831170155052,0.8773448773448773
BARLEY,132.0,0.831739103245833,0.8412698412698413
BARLEY,198.0,1.927867153734631,0.9393939393939394
BARLEY,216.0,2.226811167504303,0.961038961038961
BARLEY,225.0,2.376283174389139,0.9682539682539683
BARLEY,210.0,2.1271631629144125,0.9538239538239538
BARLEY,258.0,2.924347199633538,0.9855699855699855
BARLEY,204.0,2.0275151583245217,0.9451659451659452
BARLEY,225.0,2.376283174389139,0.9696969696969697
BARLEY,60.0,-0.36403695183285567,0.47186147186147187
BARLEY,45.0,-0.6131569633075825,0.33044733044733043
BARLEY,36.0,-0.7626289701924186,0.22510822510822512
BARLEY,39.0,-0.7128049678974732,0.25685425685425683
BARLEY,45.0,-0.6131569633075825,0.3318903318903319
BARLEY,48.0,-0.5633329610126371,0.3564213564213564
BARLEY,45.0,-0.6131569633075825,0.3333333333333333
BARLEY,45.0,-0.6131569633075825,0.3347763347763348
BARLEY,36.0,-0.7626289701924186,0.22655122655122656
BARLEY,45.0,-0.6131569633075825,0.3362193362193362
BARLEY,120.0,0.6324430940660516,0.8008658008658008
BARLEY,120.0,0.6324430940660516,0.8023088023088023
BARLEY,135.0,0.8815631055407784,0.8571428571428571
BARLEY,36.0,-0.7626289701924186,0.227994227994228
BARLEY,36.0,-0.7626289701924186,0.22943722943722944
BARLEY,30.0,-0.8622769747823092,0.1414141414141414
BARLEY,48.0,-0.5633329610126371,0.3578643578643579
BARLEY,39.0,-0.7128049678974732,0.2582972582972583
BARLEY,36.0,-0.7626289701924186,0.23088023088023088
BARLEY,30.0,-0.8622769747823092,0.14285714285714285
BARLEY,33.0,-0.8124529724873639,0.19047619047619047
BARLEY,36.0,-0.7626289701924186,0.23232323232323232
BARLEY,33.0,-0.8124529724873639,0.1919191919191919
BARLEY,27.0,-0.9121009770772547,0.11255411255411256
BARLEY,39.0,-0.7128049678974732,0.2597402597402597
BARLEY,165.0,1.3798031284902321,0.8917748917748918
BARLEY,198.0,1.927867153734631,0.9408369408369408
BARLEY,102.0,0.3334990802963794,0.7070707070707071
BARLEY,102.0,0.3334990802963794,0.7085137085137085
BARLEY,108.0,0.43314708488627013,0.7344877344877345
BARLEY,120.0,0.6324430940660516,0.8037518037518038
BARLEY,120.0,0.6324430940660516,0.8051948051948052
BARLEY,132.0,0.831739103245833,0.8427128427128427
BARLEY,135.0,0.8815631055407784,0.8585858585858586
BARLEY,72.0,-0.1647409426530742,0.5541125541125541
BARLEY,84.0,0.034555066526707236,0.6103896103896104
BARLEY,114.0,0.5327950894761608,0.7647907647907648
BARLEY,114.0,0.5327950894761608,0.7662337662337663
BARLEY,108.0,0.43314708488627013,0.7359307359307359
BARLEY,96.0,0.2338510757064887,0.670995670995671
BARLEY,93.0,0.1840270734115433,0.6608946608946609
BARLEY,90.0,0.13420307111659796,0.6363636363636364
BARLEY,126.0,0.7320910986559424,0.8297258297258298
BARLEY,180.0,1.6289231399649589,0.9177489177489178
BARLEY,174.0,1.5292751353750682,0.9033189033189033
BARLEY,168.0,1.4296271307851773,0.8946608946608947
BARLEY,48.0,-0.5633329610126371,0.3593073593073593
BARLEY,90.0,0.13420307111659796,0.6378066378066378
BARLEY,168.0,1.4296271307851773,0.8961038961038961
BARLEY,144.0,1.0310351124256145,0.8672438672438673
BARLEY,174.0,1.5292751353750682,0.9047619047619048
BARLEY,216.0,2.226811167504303,0.9624819624819625
BARLEY,156.0,1.230331121605396,0.886002886002886
BARLEY,225.0,2.376283174389139,0.9711399711399712
BARLEY,225.0,2.376283174389139,0.9725829725829725
BARLEY,222.0,2.326459172094194,0.9668109668109668
BARLEY,144.0,1.0310351124256145,0.8686868686868687
BARLEY,150.0,1.1306831170155052,0.8787878787878788
BARLEY,174.0,1.5292751353750682,0.9062049062049062
BARLEY,72.0,-0.1647409426530742,0.5555555555555556
BARLEY,78.0,-0.06509293806318349,0.5858585858585859
BARLEY,84.0,0.034555066526707236,0.6118326118326118
BARLEY,108.0,0.43314708488627013,0.7373737373737373
BARLEY,108.0,0.43314708488627013,0.7388167388167388
BARLEY,54.0,-0.4636849564227464,0.4199134199134199
BARLEY,51.0,-0.5135089587176918,0.3795093795093795
BARLEY,55.0,-0.4470769556577646,0.443001443001443
BARLEY,120.0,0.6324430940660516,0.8066378066378066
BARLEY,120.0,0.6324430940660516,0.8080808080808081
BARLEY,102.0,0.3334990802963794,0.70995670995671
BARLEY,114.0,0.5327950894761608,0.7676767676767676
BARLEY,180.0,1.6289231399649589,0.9191919191919192
BARLEY,288.0,3.422587222582992,0.9942279942279942
BARLEY,270.0,3.12364320881332,0.9913419913419913
BARLEY,390.0,5.116603300611134,1.0
BARLEY,156.0,1.230331121605396,0.8874458874458875
BARLEY,120.0,0.6324430940660516,0.8095238095238095
BARLEY,84.0,0.034555066526707236,0.6132756132756133
BARLEY,132.0,0.831739103245833,0.8441558441558441
BARLEY,108.0,0.43314708488627013,0.7402597402597403
BARLEY,102.0,0.3334990802963794,0.7113997113997114
BARLEY,96.0,0.2338510757064887,0.6724386724386724
BARLEY,108.0,0.43314708488627013,0.7417027417027418
BARLEY,132.0,0.831739103245833,0.8455988455988456
BARLEY,216.0,2.226811167504303,0.963924963924964
BARLEY,168.0,1.4296271307851773,0.8975468975468975
BARLEY,216.0,2.226811167504303,0.9653679653679653
BARLEY,168.0,1.4296271307851773,0.898989898989899
BARLEY,180.0,1.6289231399649589,0.9206349206349206
BARLEY,132.0,0.831739103245833,0.847041847041847
BARLEY,240.0,2.625403185863866,0.9783549783549783
BARLEY,72.0,-0.1647409426530742,0.556998556998557
BARLEY,60.0,-0.36403695183285567,0.4733044733044733
BARLEY,90.0,0.13420307111659796,0.6392496392496393
BARLEY,84.0,0.034555066526707236,0.6147186147186147
BARLEY,78.0,-0.06509293806318349,0.5873015873015873
BARLEY,108.0,0.43314708488627013,0.7431457431457431
BARLEY,96.0,0.2338510757064887,0.6738816738816739
BARLEY,96.0,0.2338510757064887,0.6753246753246753
BARLEY,102.0,0.3334990802963794,0.7128427128427128
BARLEY,96.0,0.2338510757064887,0.6767676767676768
BARLEY,81.0,-0.01526893576823813,0.5988455988455988
BARLEY,78.0,-0.06509293806318349,0.5887445887445888
BARLEY,64.0,-0.29760494877292853,0.5064935064935064
BARLEY,61.0,-0.34742895106787386,0.48917748917748916
BARLEY,84.0,0.034555066526707236,0.6161616161616161
BARLEY,90.0,0.13420307111659796,0.6406926406926406
BARLEY,90.0,0.13420307111659796,0.6421356421356421
BARLEY,90.0,0.13420307111659796,0.6435786435786436
BARLEY,132.0,0.831739103245833,0.8484848484848485
BARLEY,108.0,0.43314708488627013,0.7445887445887446
BARLEY,90.5,0.14250707149908884,0.6565656565656566
BARLEY,156.0,1.230331121605396,0.8888888888888888
BARLEY,168.0,1.4296271307851773,0.9004329004329005
BARLEY,177.0,1.5790991376700134,0.9076479076479076
BARLEY,180.0,1.6289231399649589,0.922077922077922
BARLEY,180.0,1.6289231399649589,0.9235209235209235
BARLEY,180.0,1.6289231399649589,0.924963924963925
BARLEY,270.0,3.12364320881332,0.9927849927849928
BARLEY,180.0,1.6289231399649589,0.9264069264069265
BARLEY,195.0,1.8780431514396856,0.935064935064935
BARLEY,252.0,2.8246991950436477,0.9826839826839827
BARLEY,240.0,2.625403185863866,0.9797979797979798
BARLEY,246.0,2.725051190453757,0.9812409812409812
BARLEY,252.0,2.8246991950436477,0.9841269841269841
BARLEY,210.0,2.1271631629144125,0.9552669552669553
BARLEY,204.0,2.0275151583245217,0.9466089466089466
BARLEY,372.0,4.817659286841462,0.9971139971139971
BARLEY,354.0,4.518715273071789,0.9956709956709957
BARLEY,378.5,4.925611291813843,0.9985569985569985
BARLEY,96.0,0.2338510757064887,0.6782106782106783
BARLEY,69.0,-0.2145649449480196,0.5295815295815296
BARLEY,72.0,-0.1647409426530742,0.5584415584415584
BARLEY,78.0,-0.06509293806318349,0.5901875901875901
BARLEY,93.0,0.1840270734115433,0.6623376623376623
BARLEY,90.0,0.13420307111659796,0.645021645021645
BARLEY,96.0,0.2338510757064887,0.6796536796536796
BARLEY,144.0,1.0310351124256145,0.8701298701298701
BARLEY,144.0,1.0310351124256145,0.8715728715728716
BARLEY,138.0,0.9313871078357238,0.8643578643578643
BARLEY,128.0,0.7653071001859059,0.8354978354978355
BARLEY,90.0,0.13420307111659796,0.6464646464646465
BARLEY,98.0,0.26706707723645223,0.6883116883116883
BARLEY,96.0,0.2338510757064887,0.6810966810966811
BARLEY,90.0,0.13420307111659796,0.6479076479076479
BARLEY,150.0,1.1306831170155052,0.8802308802308803
BARLEY,144.0,1.0310351124256145,0.873015873015873
BARLEY,114.0,0.5327950894761608,0.7691197691197691
BARLEY,126.0,0.7320910986559424,0.8311688311688312
BARLEY,132.0,0.831739103245833,0.84992784992785
BARLEY,132.0,0.831739103245833,0.8513708513708513
BARLEY,126.0,0.7320910986559424,0.8326118326118326
BARLEY,120.0,0.6324430940660516,0.810966810966811
BARLEY,96.0,0.2338510757064887,0.6825396825396826
BARLEY,52.25,-0.49274895776146455,0.4054834054834055
BARLEY,99.0,0.28367507800143404,0.6926406926406926
BARLEY,96.0,0.2338510757064887,0.683982683982684
BARLEY,93.0,0.1840270734115433,0.6637806637806638
BARLEY,66.0,-0.26438894724296497,0.5137085137085137
BARLEY,69.0,-0.2145649449480196,0.5310245310245311
BARLEY,66.0,-0.26438894724296497,0.5151515151515151
BARLEY,66.0,-0.26438894724296497,0.5165945165945166
BARLEY,84.0,0.034555066526707236,0.6176046176046176
BARLEY,135.0,0.8815631055407784,0.86002886002886
BARLEY,132.0,0.831739103245833,0.8528138528138528
BARLEY,114.0,0.5327950894761608,0.7705627705627706
BARLEY,150.0,1.1306831170155052,0.8816738816738817
BARLEY,180.0,1.6289231399649589,0.9278499278499278
BARLEY,192.0,1.8282191491447404,0.9307359307359307
BARLEY,207.0,2.077339160619467,0.948051948051948
BARLEY,207.0,2.077339160619467,0.9494949494949495
BARLEY,150.0,1.1306831170155052,0.8831168831168831
BARLEY,156.0,1.230331121605396,0.8903318903318903
BARLEY,132.0,0.831739103245833,0.8542568542568543
BARLEY,168.0,1.4296271307851773,0.9018759018759018
BARLEY,102.0,0.3334990802963794,0.7142857142857143
BARLEY,108.0,0.43314708488627013,0.746031746031746
BARLEY,117.0,0.5826190917711063,0.7792207792207793
BARLEY,120.0,0.6324430940660516,0.8124098124098124
BARLEY,120.0,0.6324430940660516,0.8138528138528138
BARLEY,121.5,0.6573550952135243,0.823953823953824
BARLEY,123.0,0.6822670963609969,0.8253968253968254
BARLEY,114.0,0.5327950894761608,0.772005772005772
BARLEY,78.0,-0.06509293806318349,0.5916305916305916
BARLEY,79.0,-0.048484937298201705,0.5959595959595959
BARLEY,60.0,-0.36403695183285567,0.47474747474747475
BARLEY,57.0,-0.41386095412780105,0.45021645021645024
BARLEY,54.0,-0.4636849564227464,0.4213564213564214
BARLEY,57.0,-0.41386095412780105,0.45165945165945165
BARLEY,54.0,-0.4636849564227464,0.4227994227994228
BARLEY,54.0,-0.4636849564227464,0.42424242424242425
BARLEY,52.0,-0.49690095795270994,0.39826839826839827
BARLEY,54.0,-0.4636849564227464,0.42568542568542567
BARLEY,63.0,-0.3142129495379103,0.49927849927849927
BARLEY,69.0,-0.2145649449480196,0.5324675324675324
BARLEY,72.0,-0.1647409426530742,0.5598845598845599
BARLEY,84.0,0.034555066526707236,0.6190476190476191
BARLEY,84.0,0.034555066526707236,0.6204906204906205
BARLEY,87.0,0.0843790688216526,0.6233766233766234
BARLEY,84.0,0.034555066526707236,0.6219336219336219
BARLEY,81.0,-0.01526893576823813,0.6002886002886003
BARLEY,78.0,-0.06509293806318349,0.5930735930735931
BARLEY,72.0,-0.1647409426530742,0.5613275613275613
BARLEY,72.0,-0.1647409426530742,0.5627705627705628
BARLEY,75.0,-0.11491694035812886,0.5714285714285714
BARLEY,72.0,-0.1647409426530742,0.5642135642135642
BARLEY,66.0,-0.26438894724296497,0.5180375180375181
BARLEY,62.0,-0.3308209503028921,0.49206349206349204
BARLEY,63.0,-0.3142129495379103,0.5007215007215007
BARLEY,60.0,-0.36403695183285567,0.47619047619047616
BARLEY,54.0,-0.4636849564227464,0.42712842712842713
BARLEY,52.0,-0.49690095795270994,0.3997113997113997
BARLEY,51.0,-0.5135089587176918,0.38095238095238093
BARLEY,51.0,-0.5135089587176918,0.3823953823953824
BARLEY,48.0,-0.5633329610126371,0.36075036075036077
BARLEY,54.0,-0.4636849564227464,0.42857142857142855
BARLEY,54.0,-0.4636849564227464,0.43001443001443
BARLEY,51.0,-0.5135089587176918,0.3838383838383838
BARLEY,51.0,-0.5135089587176918,0.3852813852813853
BARLEY,51.0,-0.5135089587176918,0.38672438672438675
BARLEY,42.0,-0.6629809656025278,0.2958152958152958
BARLEY,42.0,-0.6629809656025278,0.2972582972582973
BARLEY,43.0,-0.646372964837546,0.31313131313131315
BARLEY,42.0,-0.6629809656025278,0.2987012987012987
BARLEY,42.0,-0.6629809656025278,0.30014430014430016
BARLEY,54.0,-0.4636849564227464,0.4314574314574315
BARLEY,43.5,-0.6380689644550551,0.3189033189033189
BARLEY,52.0,-0.49690095795270994,0.40115440115440115
BARLEY,51.0,-0.5135089587176918,0.38816738816738816
BARLEY,51.0,-0.5135089587176918,0.38961038961038963
BARLEY,57.0,-0.41386095412780105,0.4531024531024531
BARLEY,54.0,-0.4636849564227464,0.4329004329004329
BARLEY,52.5,-0.4885969575702191,0.4098124098124098
BARLEY,51.0,-0.5135089587176918,0.39105339105339104
BARLEY,99.0,0.28367507800143404,0.6940836940836941
BARLEY,99.0,0.28367507800143404,0.6955266955266955
BARLEY,96.0,0.2338510757064887,0.6854256854256854
BARLEY,99.0,0.28367507800143404,0.696969696969697
BARLEY,99.0,0.28367507800143404,0.6984126984126984
BARLEY,102.0,0.3334990802963794,0.7157287157287158
BARLEY,120.0,0.6324430940660516,0.8152958152958153
BARLEY,117.0,0.5826190917711063,0.7806637806637806
BARLEY,114.0,0.5327950894761608,0.7734487734487735
BARLEY,108.0,0.43314708488627013,0.7474747474747475
BARLEY,102.0,0.3334990802963794,0.7171717171717171
BARLEY,99.0,0.28367507800143404,0.6998556998556998
BARLEY,108.0,0.43314708488627013,0.7489177489177489
BARLEY,132.0,0.831739103245833,0.8556998556998557
BARLEY,129.0,0.7819151009508877,0.836940836940837
BARLEY,129.0,0.7819151009508877,0.8383838383838383
BARLEY,123.0,0.6822670963609969,0.8268398268398268
BARLEY,123.0,0.6822670963609969,0.8282828282828283
BARLEY,126.0,0.7320910986559424,0.834054834054834
BARLEY,120.0,0.6324430940660516,0.8167388167388168
BARLEY,105.0,0.38332308259132475,0.7243867243867244
BARLEY,105.0,0.38332308259132475,0.7258297258297258
BARLEY,114.0,0.5327950894761608,0.7748917748917749
BARLEY,120.0,0.6324430940660516,0.8181818181818182
BARLEY,96.0,0.2338510757064887,0.6868686868686869
BARLEY,108.0,0.43314708488627013,0.7503607503607503
BARLEY,114.0,0.5327950894761608,0.7763347763347763
BARLEY,135.0,0.8815631055407784,0.8614718614718615
BARLEY,120.0,0.6324430940660516,0.8196248196248196
BARLEY,30.0,-0.8622769747823092,0.1443001443001443
BARLEY,24.0,-0.9619249793722,0.08225108225108226
BARLEY,20.0,-1.0283569824321273,0.05339105339105339
BARLEY,22.5,-0.9868369805196727,0.06782106782106782
BARLEY,24.0,-0.9619249793722,0.0836940836940837
BARLEY,30.0,-0.8622769747823092,0.14574314574314573
BARLEY,28.0,-0.8954929763122729,0.11976911976911978
BARLEY,30.0,-0.8622769747823092,0.1471861471861472
BARLEY,22.5,-0.9868369805196727,0.06926406926406926
BARLEY,20.0,-1.0283569824321273,0.05483405483405483
BARLEY,18.0,-1.0615729839620907,0.04329004329004329
BARLEY,20.0,-1.0283569824321273,0.05627705627705628
BARLEY,18.0,-1.0615729839620907,0.044733044733044736
BARLEY,21.0,-1.0117489816671454,0.06493506493506493
BARLEY,30.0,-0.8622769747823092,0.14862914862914864
BARLEY,36.0,-0.7626289701924186,0.23376623376623376
BARLEY,45.0,-0.6131569633075825,0.33766233766233766
BARLEY,36.0,-0.7626289701924186,0.2352092352092352
BARLEY,33.0,-0.8124529724873639,0.19336219336219337
BARLEY,40.0,-0.6961969671324915,0.2698412698412698
BARLEY,39.0,-0.7128049678974732,0.2611832611832612
BARLEY,36.0,-0.7626289701924186,0.23665223665223664
BARLEY,39.0,-0.7128049678974732,0.26262626262626265
BARLEY,36.0,-0.7626289701924186,0.23809523809523808
BARLEY,30.0,-0.8622769747823092,0.15007215007215008
BARLEY,33.0,-0.8124529724873639,0.19480519480519481
BARLEY,33.0,-0.8124529724873639,0.19624819624819625
BARLEY,30.0,-0.8622769747823092,0.15151515151515152
BARLEY,33.0,-0.8124529724873639,0.1976911976911977
BARLEY,36.0,-0.7626289701924186,0.23953823953823955
BARLEY,31.5,-0.8373649736348366,0.1717171717171717
BARLEY,30.0,-0.8622769747823092,0.15295815295815296
BARLEY,28.0,-0.8954929763122729,0.12121212121212122
BARLEY,22.5,-0.9868369805196727,0.0707070707070707
BARLEY,25.5,-0.9370129782247273,0.09812409812409813
BARLEY,24.0,-0.9619249793722,0.08513708513708514
BARLEY,24.0,-0.9619249793722,0.08658008658008658
BARLEY,22.5,-0.9868369805196727,0.07215007215007214
BARLEY,22.5,-0.9868369805196727,0.0735930735930736
BARLEY,24.0,-0.9619249793722,0.08802308802308802
BARLEY,28.0,-0.8954929763122729,0.12265512265512266
BARLEY,30.0,-0.8622769747823092,0.1544011544011544
BARLEY,60.0,-0.36403695183285567,0.47763347763347763
BARLEY,87.0,0.0843790688216526,0.6248196248196248
BARLEY,58.0,-0.39725295336281924,0.4574314574314574
BARLEY,51.0,-0.5135089587176918,0.3924963924963925
BARLEY,48.0,-0.5633329610126371,0.3621933621933622
BARLEY,45.0,-0.6131569633075825,0.33910533910533913
BARLEY,42.0,-0.6629809656025278,0.30158730158730157
BARLEY,40.0,-0.6961969671324915,0.2712842712842713
BARLEY,38.0,-0.729412968662455,0.2481962481962482
BARLEY,37.0,-0.7460209694274368,0.2453102453102453
BARLEY,33.0,-0.8124529724873639,0.19913419913419914
BARLEY,30.0,-0.8622769747823092,0.15584415584415584
BARLEY,29.5,-0.8705809751648002,0.1341991341991342
BARLEY,24.0,-0.9619249793722,0.08946608946608947
BARLEY,26.0,-0.9287089778422365,0.1038961038961039
BARLEY,28.5,-0.887188975929782,0.12842712842712842
BARLEY,24.0,-0.9619249793722,0.09090909090909091
BARLEY,22.5,-0.9868369805196727,0.07503607503607504
BARLEY,39.0,-0.7128049678974732,0.26406926406926406
BARLEY,20.5,-1.0200529820496362,0.06060606060606061
BARLEY,20.0,-1.0283569824321273,0.05772005772005772
BARLEY,20.5,-1.0200529820496362,0.06204906204906205
BARLEY,20.5,-1.0200529820496362,0.06349206349206349
BARLEY,20.0,-1.0283569824321273,0.05916305916305916
BARLEY,18.0,-1.0615729839620907,0.046176046176046176
BARLEY,15.0,-1.111396986257036,0.03318903318903319
BARLEY,16.0,-1.0947889854920543,0.03896103896103896
BARLEY,15.0,-1.111396986257036,0.03463203463203463
BARLEY,15.0,-1.111396986257036,0.03607503607503607
BARLEY,16.0,-1.0947889854920543,0.04040404040404041
BARLEY,17.0,-1.0781809847270725,0.04184704184704185
BARLEY,18.0,-1.0615729839620907,0.047619047619047616
BARLEY,21.0,-1.0117489816671454,0.06637806637806638
BARLEY,24.0,-0.9619249793722,0.09235209235209235
BARLEY,26.0,-0.9287089778422365,0.10533910533910534
BARLEY,19.0,-1.044964983197109,0.050505050505050504
BARLEY,9.0,-1.2110449908469267,0.011544011544011544
BARLEY,9.5,-1.202740990464436,0.012987012987012988
BARLEY,15.0,-1.111396986257036,0.03751803751803752
BARLEY,30.0,-0.8622769747823092,0.15728715728715728
BARLEY,27.5,-0.9037969766947638,0.11832611832611832
BARLEY,31.5,-0.8373649736348366,0.17316017316017315
BARLEY,34.5,-0.7875409713398912,0.21212121212121213
BARLEY,32.5,-0.8207569728698548,0.18181818181818182
BARLEY,39.0,-0.7128049678974732,0.26551226551226553
BARLEY,49.0,-0.5467249602476554,0.3722943722943723
BARLEY,69.0,-0.2145649449480196,0.5339105339105339
BARLEY,75.0,-0.11491694035812886,0.5728715728715729
BARLEY,72.0,-0.1647409426530742,0.5656565656565656
BARLEY,63.0,-0.3142129495379103,0.5021645021645021
BARLEY,57.0,-0.41386095412780105,0.45454545454545453
BARLEY,51.0,-0.5135089587176918,0.3939393939393939
BARLEY,51.0,-0.5135089587176918,0.3953823953823954
BARLEY,90.0,0.13420307111659796,0.6493506493506493
BARLEY,45.0,-0.6131569633075825,0.34054834054834054
BARLEY,45.0,-0.6131569633075825,0.341991341991342
BARLEY,42.0,-0.6629809656025278,0.30303030303030304
BARLEY,40.0,-0.6961969671324915,0.2727272727272727
BARLEY,39.0,-0.7128049678974732,0.26695526695526695
BARLEY,42.0,-0.6629809656025278,0.30447330447330445
BARLEY,28.0,-0.8954929763122729,0.1240981240981241
BARLEY,33.5,-0.804148972104873,0.20634920634920634
BARLEY,32.0,-0.8290609732523457,0.17893217893217894
BARLEY,33.5,-0.804148972104873,0.2077922077922078
BARLEY,33.5,-0.804148972104873,0.20923520923520925
BARLEY,40.0,-0.6961969671324915,0.2741702741702742
BARLEY,42.0,-0.6629809656025278,0.3059163059163059
BARLEY,40.0,-0.6961969671324915,0.2756132756132756
BARLEY,42.0,-0.6629809656025278,0.30735930735930733
BARLEY,43.0,-0.646372964837546,0.31457431457431456
BARLEY,30.0,-0.8622769747823092,0.15873015873015872
BARLEY,27.0,-0.9121009770772547,0.113997113997114
BARLEY,26.5,-0.9204049774597456,0.10678210678210678
BARLEY,24.0,-0.9619249793722,0.09379509379509379
BARLEY,27.0,-0.9121009770772547,0.11544011544011544
BARLEY,30.0,-0.8622769747823092,0.16017316017316016
BARLEY,28.0,-0.8954929763122729,0.12554112554112554
BARLEY,42.0,-0.6629809656025278,0.3088023088023088
BARLEY,44.0,-0.6297649640725642,0.32323232323232326
BARLEY,39.0,-0.7128049678974732,0.2683982683982684
BARLEY,45.0,-0.6131569633075825,0.3434343434343434
BARLEY,48.0,-0.5633329610126371,0.36363636363636365
BARLEY,54.0,-0.4636849564227464,0.43434343434343436
BARLEY,56.5,-0.4221649545102919,0.44877344877344877
BARLEY,60.0,-0.36403695183285567,0.4790764790764791
BARLEY,62.0,-0.3308209503028921,0.4935064935064935
BARLEY,192.0,1.8282191491447404,0.9321789321789322
BARLEY,192.0,1.8282191491447404,0.9336219336219336
BARLEY,210.0,2.1271631629144125,0.9567099567099567
BARLEY,198.0,1.927867153734631,0.9422799422799423
BARLEY,180.0,1.6289231399649589,0.9292929292929293
BARLEY,80.0,-0.03187693653321992,0.5974025974025974
BARLEY,120.0,0.6324430940660516,0.8210678210678211
BARLEY,102.0,0.3334990802963794,0.7186147186147186
BARLEY,72.0,-0.1647409426530742,0.5670995670995671
BARLEY,60.0,-0.36403695183285567,0.4805194805194805
BARLEY,54.0,-0.4636849564227464,0.4357864357864358
BARLEY,51.0,-0.5135089587176918,0.3968253968253968
BARLEY,27.0,-0.9121009770772547,0.11688311688311688
BARLEY,30.0,-0.8622769747823092,0.16161616161616163
BARLEY,33.0,-0.8124529724873639,0.20057720057720058
BARLEY,36.0,-0.7626289701924186,0.240981240981241
BARLEY,40.0,-0.6961969671324915,0.27705627705627706
BARLEY,40.0,-0.6961969671324915,0.2784992784992785
BARLEY,48.0,-0.5633329610126371,0.36507936507936506
BARLEY,52.0,-0.49690095795270994,0.4025974025974026
BARLEY,54.0,-0.4636849564227464,0.43722943722943725
BARLEY,60.0,-0.36403695183285567,0.481962481962482
BARLEY,60.0,-0.36403695183285567,0.4834054834054834
BARLEY,72.0,-0.1647409426530742,0.5685425685425686
BARLEY,75.0,-0.11491694035812886,0.5743145743145743
BARLEY,77.0,-0.08170093882816529,0.5772005772005772
BARLEY,81.0,-0.01526893576823813,0.6017316017316018
BARLEY,77.0,-0.08170093882816529,0.5786435786435786
BARLEY,81.0,-0.01526893576823813,0.6031746031746031
BARLEY,75.0,-0.11491694035812886,0.5757575757575758
BARLEY,57.0,-0.41386095412780105,0.455988455988456
BARLEY,55.25,-0.44292495546651917,0.4444444444444444
BARLEY,56.25,-0.42631695470153735,0.44733044733044736
BARLEY,58.25,-0.3931009531715738,0.4588744588744589
BARLEY,60.0,-0.36403695183285567,0.48484848484848486
BARLEY,63.0,-0.3142129495379103,0.5036075036075036
BARLEY,60.0,-0.36403695183285567,0.4862914862914863
BARLEY,120.0,0.6324430940660516,0.8225108225108225
BARLEY,33.0,-0.8124529724873639,0.20202020202020202
BARLEY,30.0,-0.8622769747823092,0.16305916305916307
BARLEY,28.5,-0.887188975929782,0.12987012987012986
BARLEY,44.0,-0.6297649640725642,0.3246753246753247
BARLEY,33.25,-0.8083009722961185,0.2049062049062049
BARLEY,33.0,-0.8124529724873639,0.20346320346320346
BARLEY,66.0,-0.26438894724296497,0.5194805194805194
BARLEY,54.0,-0.4636849564227464,0.43867243867243866
BARLEY,52.5,-0.4885969575702191,0.41125541125541126
BARLEY,103.0,0.3501070810613612,0.7229437229437229
BARLEY,108.0,0.43314708488627013,0.7518037518037518
BARLEY,102.0,0.3334990802963794,0.7200577200577201
BARLEY,102.0,0.3334990802963794,0.7215007215007215
BARLEY,108.0,0.43314708488627013,0.7532467532467533
BARLEY,90.0,0.13420307111659796,0.6507936507936508
BARLEY,90.0,0.13420307111659796,0.6522366522366523
BARLEY,90.0,0.13420307111659796,0.6536796536796536
BARLEY,90.0,0.13420307111659796,0.6551226551226551
BARLEY,67.5,-0.23947694609549225,0.5238095238095238
BARLEY,54.0,-0.4636849564227464,0.4401154401154401
BARLEY,52.0,-0.49690095795270994,0.40404040404040403
BARLEY,50.0,-0.5301169594826736,0.37373737373737376
BARLEY,52.5,-0.4885969575702191,0.4126984126984127
BARLEY,54.0,-0.4636849564227464,0.44155844155844154
BARLEY,60.0,-0.36403695183285567,0.48773448773448774
BARLEY,65.0,-0.2809969480079467,0.5079365079365079
BARLEY,22.5,-0.9868369805196727,0.07647907647907648
BARLEY,24.0,-0.9619249793722,0.09523809523809523
BARLEY,25.75,-0.9328609780334819,0.09956709956709957
BARLEY,25.0,-0.9453169786072182,0.09668109668109669
BARLEY,25.75,-0.9328609780334819,0.10101010101010101
BARLEY,40.0,-0.6961969671324915,0.27994227994227994
BARLEY,32.75,-0.8166049726786094,0.1847041847041847
BARLEY,34.125,-0.7937689716267594,0.2106782106782107
BARLEY,36.0,-0.7626289701924186,0.24242424242424243
BARLEY,48.0,-0.5633329610126371,0.3665223665223665
BARLEY,50.0,-0.5301169594826736,0.37518037518037517
BARLEY,63.75,-0.301756948964174,0.5050505050505051
BARLEY,67.5,-0.23947694609549225,0.5252525252525253
BARLEY,67.5,-0.23947694609549225,0.5266955266955267
BARLEY,66.0,-0.26438894724296497,0.5209235209235209
BARLEY,29.0,-0.8788849755472911,0.13275613275613277
BARLEY,30.0,-0.8622769747823092,0.1645021645021645
BARLEY,31.5,-0.8373649736348366,0.1746031746031746
BARLEY,30.0,-0.8622769747823092,0.16594516594516595
BARLEY,28.75,-0.8830369757385366,0.13131313131313133
BARLEY,6.5,-1.2525649927593814,0.004329004329004329
BARLEY,6.0,-1.2608689931418722,0.002886002886002886
BARLEY,3.5,-1.3023889950543266,0.001443001443001443
BARLEY,12.0,-1.1612209885519815,0.020202020202020204
BARLEY,18.0,-1.0615729839620907,0.049062049062049064
BARLEY,19.0,-1.044964983197109,0.05194805194805195
BARLEY,31.25,-0.841516973826082,0.16883116883116883
BARLEY,32.0,-0.8290609732523457,0.18037518037518038
BARLEY,31.0,-0.8456689740173275,0.1673881673881674
BARLEY,42.0,-0.6629809656025278,0.31024531024531027
BARLEY,40.0,-0.6961969671324915,0.2813852813852814
BARLEY,46.0,-0.5965489625426007,0.3477633477633478
BARLEY,40.0,-0.6961969671324915,0.2828282828282828
BARLEY,42.0,-0.6629809656025278,0.3116883116883117
BARLEY,46.0,-0.5965489625426007,0.3492063492063492
BARLEY,48.0,-0.5633329610126371,0.36796536796536794
BARLEY,40.0,-0.6961969671324915,0.2842712842712843
BARLEY,37.875,-0.7314889687580777,0.24675324675324675
BARLEY,40.0,-0.6961969671324915,0.2857142857142857
BARLEY,38.875,-0.714880967993096,0.24963924963924963
BARLEY,40.0,-0.6961969671324915,0.28715728715728717
BARLEY,40.0,-0.6961969671324915,0.2886002886002886
BARLEY,48.25,-0.5591809608213917,0.3694083694083694
BARLEY,45.0,-0.6131569633075825,0.3448773448773449
BARLEY,32.5,-0.8207569728698548,0.18326118326118326
BARLEY,31.25,-0.841516973826082,0.17027417027417027
DATES,57.0,-0.8074311064236364,0.19614711033274956
DATES,87.0,-0.5531507328882541,0.39929947460595444
DATES,87.0,-0.5531507328882541,0.4010507880910683
DATES,96.0,-0.4768666208276395,0.45359019264448336
DATES,105.0,-0.4005825087670248,0.5043782837127846
DATES,105.0,-0.4005825087670248,0.5061295971978984
DATES,114.0,-0.32429839670641014,0.5359019264448336
DATES,90.0,-0.527722695534716,0.4115586690017513
DATES,75.0,-0.6548628823024071,0.3327495621716287
DATES,75.0,-0.6548628823024071,0.3345008756567426
DATES,60.0,-0.7820030690700982,0.2031523642732049
DATES,66.0,-0.7311469943630217,0.25569176882662
DATES,60.0,-0.7820030690700982,0.20490367775831875
DATES,84.0,-0.5785787702417924,0.37653239929947463
DATES,84.0,-0.5785787702417924,0.37828371278458844
DATES,60.0,-0.7820030690700982,0.20665499124343256
DATES,60.0,-0.7820030690700982,0.2084063047285464
DATES,63.0,-0.7565750317165599,0.2434325744308231
DATES,66.0,-0.7311469943630217,0.2574430823117338
DATES,66.0,-0.7311469943630217,0.2591943957968476
DATES,54.0,-0.8328591437771746,0.18038528896672504
DATES,78.0,-0.6294348449488688,0.3397548161120841
DATES,78.0,-0.6294348449488688,0.3415061295971979
DATES,78.0,-0.6294348449488688,0.3432574430823117
DATES,78.0,-0.6294348449488688,0.3450087565674256
DATES,81.0,-0.6040068075953305,0.35901926444833626
DATES,60.0,-0.7820030690700982,0.21015761821366025
DATES,60.0,-0.7820030690700982,0.2119089316987741
DATES,60.0,-0.7820030690700982,0.2136602451838879
DATES,66.0,-0.7311469943630217,0.2609457092819615
DATES,63.0,-0.7565750317165599,0.24518388791593695
DATES,150.0,-0.019161948463951427,0.6287215411558669
DATES,144.0,-0.07001802317102787,0.6182136602451839
DATES,144.0,-0.07001802317102787,0.6199649737302977
DATES,150.0,-0.019161948463951427,0.6304728546409807
DATES,144.0,-0.07001802317102787,0.6217162872154116
DATES,129.0,-0.197158209938719,0.5866900175131349
DATES,138.0,-0.12087409787810433,0.6129597197898424
DATES,300.0,1.2522399192129599,0.8388791593695272
DATES,300.0,1.2522399192129599,0.840630472854641
DATES,249.0,0.81996328420281,0.7653239929947461
DATES,264.0,0.9471034709705011,0.7898423817863398
DATES,258.0,0.8962473962634246,0.7810858143607706
DATES,168.0,0.13340627565727792,0.670753064798599
DATES,168.0,0.13340627565727792,0.6725043782837128
DATES,180.0,0.23511842507143083,0.6865148861646234
DATES,63.0,-0.7565750317165599,0.2469352014010508
DATES,51.0,-0.8582871811307128,0.15061295971978983
DATES,54.0,-0.8328591437771746,0.18213660245183888
DATES,85.0,-0.5701027577906129,0.3975481611208406
DATES,42.0,-0.9345712931913275,0.0893169877408056
DATES,36.0,-0.9854273678984039,0.06129597197898424
DATES,42.0,-0.9345712931913275,0.09106830122591944
DATES,39.0,-0.9599993305448657,0.07355516637478109
DATES,41.0,-0.9430473056425069,0.08056042031523643
DATES,41.0,-0.9430473056425069,0.08231173380035026
DATES,24.0,-1.0871395173125569,0.0297723292469352
DATES,27.0,-1.0617114799590186,0.03852889667250438
DATES,27.0,-1.0617114799590186,0.040280210157618214
DATES,28.5,-1.0489974612822495,0.04203152364273205
DATES,24.0,-1.0871395173125569,0.03152364273204904
DATES,22.5,-1.099853535989326,0.02626970227670753
DATES,22.5,-1.099853535989326,0.028021015761821366
DATES,22.0,-1.1040915422149156,0.021015761821366025
DATES,19.5,-1.1252815733428643,0.017513134851138354
DATES,19.5,-1.1252815733428643,0.01926444833625219
DATES,24.0,-1.0871395173125569,0.03327495621716287
DATES,22.0,-1.1040915422149156,0.02276707530647986
DATES,22.0,-1.1040915422149156,0.024518388791593695
DATES,26.0,-1.070187492410198,0.03677758318739054
DATES,18.0,-1.1379955920196332,0.012259194395796848
DATES,15.0,-1.1634236293731715,0.005253940455341506
DATES,13.0,-1.1803756542755304,0.0017513134851138354
DATES,17.0,-1.1464716044708128,0.008756567425569177
DATES,13.0,-1.1803756542755304,0.0035026269702276708
DATES,17.0,-1.1464716044708128,0.010507880910683012
DATES,60.0,-0.7820030690700982,0.21541155866900175
DATES,72.0,-0.6802909196559452,0.28371278458844135
DATES,126.0,-0.2225862472922572,0.5779334500875657
DATES,120.0,-0.27344232199933366,0.5499124343257443
DATES,84.0,-0.5785787702417924,0.38003502626970226
DATES,78.0,-0.6294348449488688,0.3467600700525394
DATES,78.0,-0.6294348449488688,0.34851138353765326
DATES,90.0,-0.527722695534716,0.4133099824868651
DATES,102.0,-0.426010546120563,0.4921190893169877
DATES,114.0,-0.32429839670641014,0.5376532399299475
DATES,120.0,-0.27344232199933366,0.5516637478108581
DATES,120.0,-0.27344232199933366,0.553415061295972
DATES,120.0,-0.27344232199933366,0.5551663747810858
DATES,129.0,-0.197158209938719,0.5884413309982487
DATES,126.0,-0.2225862472922572,0.5796847635726795
DATES,132.0,-0.17173017258518078,0.5901926444833625
DATES,135.0,-0.14630213523164254,0.6007005253940455
DATES,135.0,-0.14630213523164254,0.6024518388791593
DATES,132.0,-0.17173017258518078,0.5919439579684763
DATES,81.0,-0.6040068075953305,0.3607705779334501
DATES,114.0,-0.32429839670641014,0.5394045534150613
DATES,102.0,-0.426010546120563,0.4938704028021016
DATES,90.0,-0.527722695534716,0.415061295971979
DATES,90.0,-0.527722695534716,0.4168126094570928
DATES,90.0,-0.527722695534716,0.4185639229422067
DATES,90.0,-0.527722695534716,0.4203152364273205
DATES,96.0,-0.4768666208276395,0.4553415061295972
DATES,108.0,-0.37515447141348657,0.51138353765324
DATES,72.0,-0.6802909196559452,0.28546409807355516
DATES,72.0,-0.6802909196559452,0.287215411558669
DATES,72.0,-0.6802909196559452,0.28896672504378285
DATES,99.0,-0.4514385834741012,0.47810858143607704
DATES,87.0,-0.5531507328882541,0.4028021015761821
DATES,120.0,-0.27344232199933366,0.5569176882661997
DATES,108.0,-0.37515447141348657,0.5131348511383538
DATES,120.0,-0.27344232199933366,0.5586690017513135
DATES,72.0,-0.6802909196559452,0.29071803852889666
DATES,60.0,-0.7820030690700982,0.2171628721541156
DATES,72.0,-0.6802909196559452,0.29246935201401053
DATES,90.0,-0.527722695534716,0.4220665499124343
DATES,72.0,-0.6802909196559452,0.29422066549912435
DATES,45.0,-0.9091432558377893,0.10507880910683012
DATES,80.0,-0.61248282004651,0.35376532399299476
DATES,80.0,-0.61248282004651,0.3555166374781086
DATES,81.0,-0.6040068075953305,0.36252189141856395
DATES,150.0,-0.019161948463951427,0.6322241681260946
DATES,114.0,-0.32429839670641014,0.5411558669001751
DATES,52.5,-0.8455731624539438,0.17513134851138354
DATES,84.0,-0.5785787702417924,0.38178633975481613
DATES,124.0,-0.23953827219461604,0.5761821366024519
DATES,51.0,-0.8582871811307128,0.15236427320490367
DATES,51.0,-0.8582871811307128,0.15411558669001751
DATES,51.0,-0.8582871811307128,0.15586690017513136
DATES,45.0,-0.9091432558377893,0.10683012259194395
DATES,45.0,-0.9091432558377893,0.1085814360770578
DATES,45.0,-0.9091432558377893,0.11033274956217162
DATES,60.0,-0.7820030690700982,0.21891418563922943
DATES,72.0,-0.6802909196559452,0.29597197898423816
DATES,60.0,-0.7820030690700982,0.22066549912434325
DATES,60.0,-0.7820030690700982,0.2224168126094571
DATES,108.0,-0.37515447141348657,0.5148861646234676
DATES,120.0,-0.27344232199933366,0.5604203152364273
DATES,105.0,-0.4005825087670248,0.5078809106830122
DATES,120.0,-0.27344232199933366,0.5621716287215411
DATES,135.0,-0.14630213523164254,0.6042031523642732
DATES,114.0,-0.32429839670641014,0.542907180385289
DATES,126.0,-0.2225862472922572,0.5814360770577933
DATES,120.0,-0.27344232199933366,0.563922942206655
DATES,135.0,-0.14630213523164254,0.6059544658493871
DATES,135.0,-0.14630213523164254,0.6077057793345009
DATES,90.0,-0.527722695534716,0.4238178633975482
DATES,84.0,-0.5785787702417924,0.38353765323992994
DATES,57.0,-0.8074311064236364,0.1978984238178634
DATES,69.0,-0.7057189570094835,0.28021015761821366
DATES,72.0,-0.6802909196559452,0.29772329246935203
DATES,72.0,-0.6802909196559452,0.29947460595446584
DATES,66.0,-0.7311469943630217,0.2626970227670753
DATES,72.0,-0.6802909196559452,0.30122591943957966
DATES,63.0,-0.7565750317165599,0.2486865148861646
DATES,36.0,-0.9854273678984039,0.06304728546409807
DATES,36.0,-0.9854273678984039,0.0647985989492119
DATES,36.0,-0.9854273678984039,0.06654991243432574
DATES,108.0,-0.37515447141348657,0.5166374781085814
DATES,108.0,-0.37515447141348657,0.5183887915936952
DATES,96.0,-0.4768666208276395,0.45709281961471104
DATES,96.0,-0.4768666208276395,0.45884413309982486
DATES,96.0,-0.4768666208276395,0.46059544658493873
DATES,120.0,-0.27344232199933366,0.5656742556917689
DATES,102.0,-0.426010546120563,0.4956217162872154
DATES,108.0,-0.37515447141348657,0.5201401050788091
DATES,156.0,0.03169412624312502,0.647985989492119
DATES,126.0,-0.2225862472922572,0.5831873905429071
DATES,108.0,-0.37515447141348657,0.521891418563923
DATES,156.0,0.03169412624312502,0.649737302977233
DATES,360.0,1.7608006662837243,0.9159369527145359
DATES,240.0,0.7436791721421953,0.7530647985989493
DATES,210.0,0.48939879860681307,0.7320490367775832
DATES,198.0,0.38768664919266016,0.7197898423817863
DATES,243.0,0.7691072094957335,0.7635726795096323
DATES,270.0,0.9979595456775775,0.7933450087565674
DATES,270.0,0.9979595456775775,0.7950963222416813
DATES,300.0,1.2522399192129599,0.8423817863397548
DATES,198.0,0.38768664919266016,0.7215411558669002
DATES,204.0,0.4385427238997366,0.7267950963222417
DATES,180.0,0.23511842507143083,0.6882661996497373
DATES,96.0,-0.4768666208276395,0.46234676007005254
DATES,138.0,-0.12087409787810433,0.6147110332749562
DATES,144.0,-0.07001802317102787,0.6234676007005254
DATES,180.0,0.23511842507143083,0.6900175131348512
DATES,150.0,-0.019161948463951427,0.6339754816112084
DATES,150.0,-0.019161948463951427,0.6357267950963222
DATES,150.0,-0.019161948463951427,0.637478108581436
DATES,570.0,3.5407632810314,0.9982486865148862
DATES,360.0,1.7608006662837243,0.9176882661996497
DATES,360.0,1.7608006662837243,0.9194395796847635
DATES,330.0,1.506520292748342,0.8949211908931699
DATES,162.0,0.08255020095020146,0.658493870402802
DATES,150.0,-0.019161948463951427,0.6392294220665499
DATES,108.0,-0.37515447141348657,0.5236427320490368
DATES,216.0,0.5402548733138895,0.7390542907180385
DATES,324.0,1.4556642180412656,0.8879159369527145
DATES,360.0,1.7608006662837243,0.9211908931698775
DATES,360.0,1.7608006662837243,0.9229422066549913
DATES,360.0,1.7608006662837243,0.9246935201401051
DATES,378.0,1.9133688904049535,0.9422066549912435
DATES,330.0,1.506520292748342,0.8966725043782837
DATES,396.0,2.065937114526183,0.9509632224168126
DATES,180.0,0.23511842507143083,0.691768826619965
DATES,156.0,0.03169412624312502,0.6514886164623468
DATES,156.0,0.03169412624312502,0.6532399299474606
DATES,150.0,-0.019161948463951427,0.6409807355516638
DATES,144.0,-0.07001802317102787,0.6252189141856392
DATES,144.0,-0.07001802317102787,0.626970227670753
DATES,180.0,0.23511842507143083,0.6935201401050788
DATES,162.0,0.08255020095020146,0.660245183887916
DATES,168.0,0.13340627565727792,0.6742556917688266
DATES,180.0,0.23511842507143083,0.6952714535901926
DATES,300.0,1.2522399192129599,0.8441330998248686
DATES,330.0,1.506520292748342,0.8984238178633975
DATES,216.0,0.5402548733138895,0.7408056042031523
DATES,216.0,0.5402548733138895,0.7425569176882661
DATES,234.0,0.6928230974351188,0.7513134851138353
DATES,252.0,0.8453913215563482,0.7670753064798599
DATES,270.0,0.9979595456775775,0.7968476357267951
DATES,486.0,2.82877823513233,0.9964973730297724
DATES,480.0,2.7779221604252533,0.9929947460595446
DATES,450.0,2.523641786889871,0.9824868651488616
DATES,396.0,2.065937114526183,0.9527145359019265
DATES,468.0,2.6762100110111002,0.9877408056042032
DATES,432.0,2.3710735627686415,0.9719789842381786
DATES,432.0,2.3710735627686415,0.9737302977232924
DATES,396.0,2.065937114526183,0.9544658493870403
DATES,381.0,1.9387969277584918,0.9492119089316988
DATES,378.0,1.9133688904049535,0.9439579684763573
DATES,360.0,1.7608006662837243,0.9264448336252189
DATES,360.0,1.7608006662837243,0.9281961471103327
DATES,330.0,1.506520292748342,0.9001751313485113
DATES,330.0,1.506520292748342,0.9019264448336253
DATES,360.0,1.7608006662837243,0.9299474605954466
DATES,378.0,1.9133688904049535,0.9457092819614711
DATES,432.0,2.3710735627686415,0.9754816112084063
DATES,420.0,2.269361413354489,0.9614711033274956
DATES,420.0,2.269361413354489,0.9632224168126094
DATES,672.0,4.405316551051699,1.0
DATES,420.0,2.269361413354489,0.9649737302977233
DATES,420.0,2.269361413354489,0.9667250437828371
DATES,210.0,0.48939879860681307,0.7338003502626971
DATES,162.0,0.08255020095020146,0.6619964973730298
DATES,150.0,-0.019161948463951427,0.6427320490367776
DATES,150.0,-0.019161948463951427,0.6444833625218914
DATES,312.0,1.3539520686271127,0.87215411558669
DATES,312.0,1.3539520686271127,0.8739054290718039
DATES,306.0,1.3030959939200362,0.8651488616462347
DATES,288.0,1.1505277697988068,0.8108581436077058
DATES,294.0,1.2013838445058833,0.8318739054290718
DATES,300.0,1.2522399192129599,0.8458844133099825
DATES,306.0,1.3030959939200362,0.8669001751313485
DATES,294.0,1.2013838445058833,0.8336252189141856
DATES,252.0,0.8453913215563482,0.7688266199649737
DATES,96.0,-0.4768666208276395,0.46409807355516636
DATES,120.0,-0.27344232199933366,0.5674255691768827
DATES,195.0,0.36225861183912195,0.7180385288966725
DATES,480.0,2.7779221604252533,0.9947460595446584
DATES,360.0,1.7608006662837243,0.9316987740805605
DATES,366.0,1.8116567409908007,0.9404553415061296
DATES,360.0,1.7608006662837243,0.9334500875656743
DATES,90.0,-0.527722695534716,0.425569176882662
DATES,90.0,-0.527722695534716,0.4273204903677758
DATES,252.0,0.8453913215563482,0.7705779334500875
DATES,272.0,1.0149115705799363,0.8056042031523643
DATES,321.0,1.4302361806877273,0.8861646234676007
DATES,300.0,1.2522399192129599,0.8476357267950964
DATES,240.0,0.7436791721421953,0.7548161120840631
DATES,468.0,2.6762100110111002,0.989492119089317
DATES,396.0,2.065937114526183,0.9562171628721541
DATES,450.0,2.523641786889871,0.9842381786339754
DATES,432.0,2.3710735627686415,0.9772329246935202
DATES,432.0,2.3710735627686415,0.978984238178634
DATES,432.0,2.3710735627686415,0.9807355516637478
DATES,468.0,2.6762100110111002,0.9912434325744308
DATES,450.0,2.523641786889871,0.9859894921190894
DATES,288.0,1.1505277697988068,0.8126094570928196
DATES,252.0,0.8453913215563482,0.7723292469352014
DATES,288.0,1.1505277697988068,0.8143607705779334
DATES,288.0,1.1505277697988068,0.8161120840630472
DATES,288.0,1.1505277697988068,0.8178633975481612
DATES,297.0,1.2268118818594216,0.8371278458844134
DATES,288.0,1.1505277697988068,0.819614711033275
DATES,291.0,1.175955807152345,0.830122591943958
DATES,294.0,1.2013838445058833,0.8353765323992994
DATES,300.0,1.2522399192129599,0.8493870402802102
DATES,300.0,1.2522399192129599,0.851138353765324
DATES,336.0,1.5573763674554184,0.9089316987740805
DATES,315.0,1.379380105980651,0.8774080560420315
DATES,315.0,1.379380105980651,0.8791593695271454
DATES,318.0,1.404808143334189,0.8844133099824869
DATES,300.0,1.2522399192129599,0.8528896672504378
DATES,300.0,1.2522399192129599,0.8546409807355516
DATES,360.0,1.7608006662837243,0.9352014010507881
DATES,342.0,1.608232442162495,0.9106830122591943
DATES,330.0,1.506520292748342,0.9036777583187391
DATES,312.0,1.3539520686271127,0.8756567425569177
DATES,300.0,1.2522399192129599,0.8563922942206655
DATES,210.0,0.48939879860681307,0.7355516637478109
DATES,200.0,0.40463867409501897,0.723292469352014
DATES,180.0,0.23511842507143083,0.6970227670753065
DATES,192.0,0.33683057448558373,0.712784588441331
DATES,218.0,0.5572068982162484,0.7443082311733801
DATES,210.0,0.48939879860681307,0.7373029772329247
DATES,162.0,0.08255020095020146,0.6637478108581436
DATES,288.0,1.1505277697988068,0.8213660245183888
DATES,288.0,1.1505277697988068,0.8231173380035026
DATES,300.0,1.2522399192129599,0.8581436077057794
DATES,288.0,1.1505277697988068,0.8248686514886164
DATES,252.0,0.8453913215563482,0.7740805604203153
DATES,300.0,1.2522399192129599,0.8598949211908932
DATES,405.0,2.1422212265867975,0.957968476357268
DATES,411.0,2.193077301293874,0.9597197898423818
DATES,420.0,2.269361413354489,0.968476357267951
DATES,423.0,2.294789450708027,0.9702276707530648
DATES,378.0,1.9133688904049535,0.9474605954465849
DATES,360.0,1.7608006662837243,0.9369527145359019
DATES,342.0,1.608232442162495,0.9124343257443083
DATES,342.0,1.608232442162495,0.9141856392294221
DATES,324.0,1.4556642180412656,0.8896672504378283
DATES,288.0,1.1505277697988068,0.8266199649737302
DATES,270.0,0.9979595456775775,0.7985989492119089
DATES,252.0,0.8453913215563482,0.7758318739054291
DATES,261.0,0.9216754336169629,0.7828371278458844
DATES,261.0,0.9216754336169629,0.7845884413309983
DATES,252.0,0.8453913215563482,0.7775831873905429
DATES,261.0,0.9216754336169629,0.7863397548161121
DATES,240.0,0.7436791721421953,0.7565674255691769
DATES,240.0,0.7436791721421953,0.7583187390542907
DATES,300.0,1.2522399192129599,0.861646234676007
DATES,300.0,1.2522399192129599,0.8633975481611208
DATES,324.0,1.4556642180412656,0.8914185639229422
DATES,330.0,1.506520292748342,0.9054290718038529
DATES,315.0,1.379380105980651,0.8809106830122592
DATES,306.0,1.3030959939200362,0.8686514886164624
DATES,270.0,0.9979595456775775,0.8003502626970228
DATES,270.0,0.9979595456775775,0.8021015761821366
DATES,285.0,1.1250997324452687,0.809106830122592
DATES,288.0,1.1505277697988068,0.8283712784588442
DATES,330.0,1.506520292748342,0.9071803852889667
DATES,360.0,1.7608006662837243,0.9387040280210157
DATES,201.0,0.4131146865461984,0.7250437828371279
DATES,231.0,0.6673950600815807,0.7495621716287215
DATES,324.0,1.4556642180412656,0.8931698774080561
DATES,315.0,1.379380105980651,0.882661996497373
DATES,306.0,1.3030959939200362,0.8704028021015762
DATES,252.0,0.8453913215563482,0.7793345008756567
DATES,240.0,0.7436791721421953,0.7600700525394045
DATES,240.0,0.7436791721421953,0.7618213660245184
DATES,270.0,0.9979595456775775,0.8038528896672504
DATES,261.0,0.9216754336169629,0.7880910683012259
DATES,264.0,0.9471034709705011,0.7915936952714536
DATES,60.0,-0.7820030690700982,0.22416812609457093
DATES,219.0,0.5656829106674277,0.7460595446584939
DATES,81.0,-0.6040068075953305,0.36427320490367776
DATES,72.0,-0.6802909196559452,0.30297723292469353
DATES,60.0,-0.7820030690700982,0.22591943957968477
DATES,18.0,-1.1379955920196332,0.014010507880910683
DATES,84.0,-0.5785787702417924,0.38528896672504376
DATES,90.0,-0.527722695534716,0.4290718038528897
DATES,81.0,-0.6040068075953305,0.3660245183887916
DATES,72.0,-0.6802909196559452,0.30472854640980734
DATES,72.0,-0.6802909196559452,0.3064798598949212
DATES,33.0,-1.010855405251942,0.05253940455341506
DATES,15.0,-1.1634236293731715,0.0070052539404553416
DATES,60.0,-0.7820030690700982,0.2276707530647986
DATES,66.0,-0.7311469943630217,0.26444833625218916
DATES,72.0,-0.6802909196559452,0.30823117338003503
DATES,81.0,-0.6040068075953305,0.36777583187390545
DATES,90.0,-0.527722695534716,0.4308231173380035
DATES,93.0,-0.5022946581811777,0.45183887915936954
DATES,99.0,-0.4514385834741012,0.4798598949211909
DATES,72.0,-0.6802909196559452,0.30998248686514884
DATES,72.0,-0.6802909196559452,0.3117338003502627
DATES,69.0,-0.7057189570094835,0.2819614711033275
DATES,72.0,-0.6802909196559452,0.3134851138353765
DATES,81.0,-0.6040068075953305,0.36952714535901926
DATES,72.0,-0.6802909196559452,0.31523642732049034
DATES,72.0,-0.6802909196559452,0.3169877408056042
DATES,72.0,-0.6802909196559452,0.318739054290718
DATES,66.0,-0.7311469943630217,0.266199649737303
DATES,72.0,-0.6802909196559452,0.3204903677758319
DATES,72.0,-0.6802909196559452,0.3222416812609457
DATES,72.0,-0.6802909196559452,0.3239929947460595
DATES,72.0,-0.6802909196559452,0.3257443082311734
DATES,108.0,-0.37515447141348657,0.5253940455341506
DATES,108.0,-0.37515447141348657,0.5271453590192644
DATES,96.0,-0.4768666208276395,0.4658493870402802
DATES,78.0,-0.6294348449488688,0.3502626970227671
DATES,102.0,-0.426010546120563,0.4973730297723292
DATES,96.0,-0.4768666208276395,0.46760070052539404
DATES,90.0,-0.527722695534716,0.43257443082311736
DATES,126.0,-0.2225862472922572,0.5849387040280211
DATES,120.0,-0.27344232199933366,0.5691768826619965
DATES,133.0,-0.16325416013400137,0.5971978984238179
DATES,180.0,0.23511842507143083,0.6987740805604203
DATES,186.0,0.28597449977850725,0.7057793345008757
DATES,186.0,0.28597449977850725,0.7075306479859895
DATES,180.0,0.23511842507143083,0.7005253940455342
DATES,168.0,0.13340627565727792,0.6760070052539404
DATES,156.0,0.03169412624312502,0.6549912434325744
DATES,162.0,0.08255020095020146,0.6654991243432574
DATES,150.0,-0.019161948463951427,0.6462346760070052
DATES,135.0,-0.14630213523164254,0.6094570928196147
DATES,90.0,-0.527722695534716,0.4343257443082312
DATES,108.0,-0.37515447141348657,0.5288966725043783
DATES,114.0,-0.32429839670641014,0.5446584938704028
DATES,132.0,-0.17173017258518078,0.5936952714535902
DATES,115.0,-0.3158223842552307,0.5481611208406305
DATES,90.0,-0.527722695534716,0.436077057793345
DATES,102.0,-0.426010546120563,0.4991243432574431
DATES,120.0,-0.27344232199933366,0.5709281961471103
DATES,105.0,-0.4005825087670248,0.5096322241681261
DATES,108.0,-0.37515447141348657,0.5306479859894921
DATES,111.0,-0.34972643405994835,0.5341506129597198
DATES,120.0,-0.27344232199933366,0.5726795096322241
DATES,102.0,-0.426010546120563,0.500875656742557
DATES,99.0,-0.4514385834741012,0.4816112084063047
DATES,96.0,-0.4768666208276395,0.46935201401050786
DATES,84.0,-0.5785787702417924,0.38704028021015763
DATES,90.0,-0.527722695534716,0.43782837127845886
DATES,90.0,-0.527722695534716,0.4395796847635727
DATES,96.0,-0.4768666208276395,0.4711033274956217
DATES,81.0,-0.6040068075953305,0.3712784588441331
DATES,84.0,-0.5785787702417924,0.38879159369527144
DATES,78.0,-0.6294348449488688,0.3520140105078809
DATES,72.0,-0.6802909196559452,0.3274956217162872
DATES,63.5,-0.7523370254909703,0.2504378283712785
DATES,66.0,-0.7311469943630217,0.2679509632224168
DATES,66.0,-0.7311469943630217,0.26970227670753066
DATES,60.0,-0.7820030690700982,0.22942206654991243
DATES,62.0,-0.7650510441677393,0.24168126094570927
DATES,75.0,-0.6548628823024071,0.3362521891418564
DATES,52.5,-0.8455731624539438,0.17688266199649738
DATES,51.0,-0.8582871811307128,0.15761821366024517
DATES,41.5,-0.9388092994169172,0.0840630472854641
DATES,41.5,-0.9388092994169172,0.08581436077057793
DATES,60.0,-0.7820030690700982,0.23117338003502627
DATES,99.0,-0.4514385834741012,0.48336252189141854
DATES,138.0,-0.12087409787810433,0.6164623467600701
DATES,132.0,-0.17173017258518078,0.5954465849387041
DATES,133.5,-0.15901615390841167,0.5989492119089317
DATES,225.0,0.6165389853745041,0.7478108581436077
DATES,204.0,0.4385427238997366,0.7285464098073555
DATES,180.0,0.23511842507143083,0.702276707530648
DATES,162.0,0.08255020095020146,0.6672504378283712
DATES,204.0,0.4385427238997366,0.7302977232924693
DATES,282.0,1.0996716950917305,0.8073555166374781
DATES,192.0,0.33683057448558373,0.7145359019264448
DATES,189.0,0.31140253713204546,0.7110332749562172
DATES,156.0,0.03169412624312502,0.6567425569176882
DATES,90.0,-0.527722695534716,0.4413309982486865
DATES,135.0,-0.14630213523164254,0.6112084063047285
DATES,84.0,-0.5785787702417924,0.3905429071803853
DATES,90.0,-0.527722695534716,0.44308231173380036
DATES,87.0,-0.5531507328882541,0.404553415061296
DATES,84.0,-0.5785787702417924,0.3922942206654991
DATES,90.0,-0.527722695534716,0.4448336252189142
DATES,96.0,-0.4768666208276395,0.47285464098073554
DATES,99.0,-0.4514385834741012,0.4851138353765324
DATES,99.0,-0.4514385834741012,0.4868651488616462
DATES,66.0,-0.7311469943630217,0.2714535901926445
DATES,66.0,-0.7311469943630217,0.2732049036777583
DATES,60.0,-0.7820030690700982,0.2329246935201401
DATES,87.0,-0.5531507328882541,0.4063047285464098
DATES,61.0,-0.7735270566189187,0.23992994746059546
DATES,60.0,-0.7820030690700982,0.23467600700525393
DATES,171.0,0.15883431301081613,0.6795096322241682
DATES,171.0,0.15883431301081613,0.681260945709282
DATES,162.0,0.08255020095020146,0.6690017513134852
DATES,171.0,0.15883431301081613,0.6830122591943958
DATES,168.0,0.13340627565727792,0.6777583187390543
DATES,180.0,0.23511842507143083,0.7040280210157618
DATES,186.0,0.28597449977850725,0.7092819614711033
DATES,192.0,0.33683057448558373,0.7162872154115587
DATES,171.0,0.15883431301081613,0.6847635726795096
DATES,90.0,-0.527722695534716,0.44658493870402804
DATES,64.0,-0.7480990192653805,0.2521891418563923
DATES,66.0,-0.7311469943630217,0.27495621716287216
DATES,82.5,-0.5912927889185615,0.37478108581436076
DATES,96.0,-0.4768666208276395,0.4746059544658494
DATES,99.0,-0.4514385834741012,0.4886164623467601
DATES,99.0,-0.4514385834741012,0.4903677758318739
DATES,87.0,-0.5531507328882541,0.4080560420315236
DATES,90.0,-0.527722695534716,0.44833625218914186
DATES,96.0,-0.4768666208276395,0.4763572679509632
DATES,87.0,-0.5531507328882541,0.4098073555166375
DATES,102.0,-0.426010546120563,0.5026269702276708
DATES,108.0,-0.37515447141348657,0.532399299474606
DATES,114.0,-0.32429839670641014,0.5464098073555166
DATES,120.0,-0.27344232199933366,0.574430823117338
DATES,80.0,-0.61248282004651,0.3572679509632224
DATES,60.0,-0.7820030690700982,0.23642732049036777
DATES,57.0,-0.8074311064236364,0.19964973730297722
DATES,64.0,-0.7480990192653805,0.2539404553415061
DATES,72.0,-0.6802909196559452,0.329246935201401
DATES,66.0,-0.7311469943630217,0.276707530647986
DATES,84.0,-0.5785787702417924,0.39404553415061294
DATES,81.0,-0.6040068075953305,0.37302977232924694
DATES,84.0,-0.5785787702417924,0.3957968476357268
DATES,75.0,-0.6548628823024071,0.3380035026269702
DATES,72.0,-0.6802909196559452,0.3309982486865149
DATES,48.0,-0.883715218484251,0.1295971978984238
DATES,51.0,-0.8582871811307128,0.159369527145359
DATES,48.0,-0.883715218484251,0.13134851138353765
DATES,51.0,-0.8582871811307128,0.16112084063047286
DATES,54.0,-0.8328591437771746,0.18388791593695272
DATES,51.0,-0.8582871811307128,0.1628721541155867
DATES,90.0,-0.527722695534716,0.4500875656742557
DATES,60.0,-0.7820030690700982,0.2381786339754816
DATES,57.0,-0.8074311064236364,0.20140105078809106
DATES,55.5,-0.8201451251004055,0.18914185639229422
DATES,46.0,-0.9006672433866099,0.1190893169877408
DATES,45.0,-0.9091432558377893,0.11208406304728546
DATES,44.0,-0.9176192682889687,0.10332749562171628
DATES,42.0,-0.9345712931913275,0.09281961471103327
DATES,40.0,-0.9515233180936863,0.07530647985989491
DATES,43.0,-0.9260952807401481,0.10157618213660245
DATES,42.5,-0.9303332869657378,0.09982486865148861
DATES,42.0,-0.9345712931913275,0.09457092819614711
DATES,41.5,-0.9388092994169172,0.08756567425569177
DATES,37.5,-0.9727133492216348,0.07180385288966724
DATES,36.0,-0.9854273678984039,0.06830122591943957
DATES,42.0,-0.9345712931913275,0.09632224168126094
DATES,40.0,-0.9515233180936863,0.07705779334500876
DATES,51.5,-0.8540491749051231,0.1646234676007005
DATES,49.5,-0.8710011998074819,0.14185639229422067
DATES,48.0,-0.883715218484251,0.1330998248686515
DATES,46.0,-0.9006672433866099,0.12084063047285463
DATES,33.75,-1.0044983959135576,0.05779334500875657
DATES,33.25,-1.0087364021391474,0.05604203152364273
DATES,31.5,-1.0235694239287112,0.04903677758318739
DATES,30.0,-1.0362834426054803,0.04553415061295972
DATES,29.0,-1.04475945505666,0.043782837127845885
DATES,25.75,-1.0723064955229928,0.03502626970227671
DATES,30.0,-1.0362834426054803,0.047285464098073555
DATES,56.5,-0.811669112649226,0.19439579684763572
DATES,46.625,-0.8953697356046227,0.12784588441331
DATES,48.0,-0.883715218484251,0.13485113835376533
DATES,51.5,-0.8540491749051231,0.16637478108581435
DATES,54.0,-0.8328591437771746,0.18563922942206654
DATES,51.5,-0.8540491749051231,0.1681260945709282
DATES,46.5,-0.8964292371610202,0.12609457092819615
DATES,46.0,-0.9006672433866099,0.12259194395796848
DATES,34.25,-1.0002603896879678,0.0595446584938704
DATES,32.75,-1.012974408364737,0.050788091068301226
DATES,33.0,-1.010855405251942,0.0542907180385289
DATES,19.0,-1.1295195795684538,0.01576182136602452
DATES,49.0,-0.8752392060330716,0.138353765323993
DATES,52.5,-0.8455731624539438,0.1786339754816112
DATES,54.0,-0.8328591437771746,0.18739054290718038
DATES,51.5,-0.8540491749051231,0.16987740805604204
DATES,45.0,-0.9091432558377893,0.1138353765323993
DATES,50.0,-0.8667631935818922,0.14711033274956217
DATES,49.5,-0.8710011998074819,0.1436077057793345
DATES,49.5,-0.8710011998074819,0.14535901926444833
DATES,51.5,-0.8540491749051231,0.17162872154115585
DATES,50.5,-0.8625251873563026,0.14886164623467601
DATES,51.5,-0.8540491749051231,0.1733800350262697
DATES,45.5,-0.9049052496121995,0.11733800350262696
DATES,55.5,-0.8201451251004055,0.19089316987740806
DATES,56.0,-0.8159071188748158,0.19264448336252188
DATES,48.0,-0.883715218484251,0.13660245183887915
DATES,45.0,-0.9091432558377893,0.11558669001751314
DATES,49.0,-0.8752392060330716,0.14010507880910683
DATES,67.5,-0.7184329756862526,0.27845884413309985
DATES,46.0,-0.9006672433866099,0.1243432574430823
DATES,42.0,-0.9345712931913275,0.09807355516637478
DATES,40.0,-0.9515233180936863,0.07880910683012259
DATES,36.0,-0.9854273678984039,0.07005253940455342
MUSTARD,42.0,-1.6864499509053683,0.008849557522123894
MUSTARD,66.0,-1.5736202101669396,0.017699115044247787
MUSTARD,240.0,-0.7556045898133306,0.25663716814159293
MUSTARD,300.0,-0.47353023796725846,0.4469026548672566
MUSTARD,180.0,-1.0376789416594026,0.0752212389380531
MUSTARD,108.0,-1.376168163874689,0.022123893805309734
MUSTARD,300.0,-0.47353023796725846,0.45132743362831856
MUSTARD,360.0,-0.19145588612118639,0.4646017699115044
MUSTARD,270.0,-0.6145674138902945,0.30973451327433627
MUSTARD,720.0,1.500990224955246,0.8628318584070797
MUSTARD,720.0,1.500990224955246,0.8672566371681416
MUSTARD,720.0,1.500990224955246,0.8716814159292036
MUSTARD,900.0,2.3472132804934622,0.9690265486725663
MUSTARD,720.0,1.500990224955246,0.8761061946902655
MUSTARD,1080.0,3.1934363360316786,1.0
MUSTARD,984.0,2.7421173730779635,0.9911504424778761
MUSTARD,984.0,2.7421173730779635,0.995575221238938
MUSTARD,720.0,1.500990224955246,0.8805309734513275
MUSTARD,540.0,0.6547671694170298,0.672566371681416
MUSTARD,540.0,0.6547671694170298,0.6769911504424779
MUSTARD,720.0,1.500990224955246,0.8849557522123894
MUSTARD,360.0,-0.19145588612118639,0.4690265486725664
MUSTARD,540.0,0.6547671694170298,0.6814159292035398
MUSTARD,180.0,-1.0376789416594026,0.07964601769911504
MUSTARD,180.0,-1.0376789416594026,0.084070796460177
MUSTARD,270.0,-0.6145674138902945,0.3141592920353982
MUSTARD,132.0,-1.2633384231362603,0.05309734513274336
MUSTARD,180.0,-1.0376789416594026,0.08849557522123894
MUSTARD,180.0,-1.0376789416594026,0.09292035398230089
MUSTARD,180.0,-1.0376789416594026,0.09734513274336283
MUSTARD,120.0,-1.3197532935054748,0.035398230088495575
MUSTARD,180.0,-1.0376789416594026,0.10176991150442478
MUSTARD,48.0,-1.6582425157207612,0.01327433628318584
MUSTARD,240.0,-0.7556045898133306,0.2610619469026549
MUSTARD,240.0,-0.7556045898133306,0.26548672566371684
MUSTARD,39.0,-1.700553668497672,0.004424778761061947
MUSTARD,228.0,-0.8120194601825449,0.24778761061946902
MUSTARD,222.0,-0.8402268953671521,0.22566371681415928
MUSTARD,360.0,-0.19145588612118639,0.47345132743362833
MUSTARD,180.0,-1.0376789416594026,0.10619469026548672
MUSTARD,270.0,-0.6145674138902945,0.3185840707964602
MUSTARD,270.0,-0.6145674138902945,0.3230088495575221
MUSTARD,135.0,-1.2492347055439568,0.05752212389380531
MUSTARD,120.0,-1.3197532935054748,0.03982300884955752
MUSTARD,180.0,-1.0376789416594026,0.11061946902654868
MUSTARD,270.0,-0.6145674138902945,0.3274336283185841
MUSTARD,270.0,-0.6145674138902945,0.33185840707964603
MUSTARD,360.0,-0.19145588612118639,0.4778761061946903
MUSTARD,120.0,-1.3197532935054748,0.04424778761061947
MUSTARD,120.0,-1.3197532935054748,0.048672566371681415
MUSTARD,270.0,-0.6145674138902945,0.336283185840708
MUSTARD,226.0,-0.821421938577414,0.24336283185840707
MUSTARD,200.0,-0.9436541577107119,0.1902654867256637
MUSTARD,108.0,-1.376168163874689,0.02654867256637168
MUSTARD,225.0,-0.8261231777748486,0.23008849557522124
MUSTARD,225.0,-0.8261231777748486,0.2345132743362832
MUSTARD,180.0,-1.0376789416594026,0.11504424778761062
MUSTARD,180.0,-1.0376789416594026,0.11946902654867257
MUSTARD,270.0,-0.6145674138902945,0.3407079646017699
MUSTARD,270.0,-0.6145674138902945,0.34513274336283184
MUSTARD,180.0,-1.0376789416594026,0.12389380530973451
MUSTARD,108.0,-1.376168163874689,0.030973451327433628
MUSTARD,270.0,-0.6145674138902945,0.3495575221238938
MUSTARD,300.0,-0.47353023796725846,0.4557522123893805
MUSTARD,360.0,-0.19145588612118639,0.4823008849557522
MUSTARD,420.0,0.0906184657248857,0.5796460176991151
MUSTARD,450.0,0.23165564164792174,0.6017699115044248
MUSTARD,450.0,0.23165564164792174,0.6061946902654868
MUSTARD,540.0,0.6547671694170298,0.6858407079646017
MUSTARD,540.0,0.6547671694170298,0.6902654867256637
MUSTARD,396.0,-0.022211275013543134,0.5486725663716814
MUSTARD,396.0,-0.022211275013543134,0.5530973451327433
MUSTARD,288.0,-0.5299451083364729,0.43805309734513276
MUSTARD,270.0,-0.6145674138902945,0.35398230088495575
MUSTARD,240.0,-0.7556045898133306,0.26991150442477874
MUSTARD,243.0,-0.7415008722210269,0.2831858407079646
MUSTARD,270.0,-0.6145674138902945,0.3584070796460177
MUSTARD,270.0,-0.6145674138902945,0.36283185840707965
MUSTARD,270.0,-0.6145674138902945,0.3672566371681416
MUSTARD,240.0,-0.7556045898133306,0.2743362831858407
MUSTARD,210.0,-0.8966417657363666,0.19469026548672566
MUSTARD,180.0,-1.0376789416594026,0.12831858407079647
MUSTARD,180.0,-1.0376789416594026,0.13274336283185842
MUSTARD,270.0,-0.6145674138902945,0.37168141592920356
MUSTARD,180.0,-1.0376789416594026,0.13716814159292035
MUSTARD,360.0,-0.19145588612118639,0.48672566371681414
MUSTARD,444.0,0.20344820646331452,0.5973451327433629
MUSTARD,420.0,0.0906184657248857,0.584070796460177
MUSTARD,408.0,0.03420359535567128,0.5707964601769911
MUSTARD,400.0,-0.003406318223804996,0.5619469026548672
MUSTARD,396.0,-0.022211275013543134,0.5575221238938053
MUSTARD,540.0,0.6547671694170298,0.6946902654867256
MUSTARD,540.0,0.6547671694170298,0.6991150442477876
MUSTARD,270.0,-0.6145674138902945,0.37610619469026546
MUSTARD,276.0,-0.5863599787056872,0.4247787610619469
MUSTARD,246.0,-0.7273971546287233,0.28761061946902655
MUSTARD,450.0,0.23165564164792174,0.6106194690265486
MUSTARD,426.0,0.11882590090949291,0.588495575221239
MUSTARD,360.0,-0.19145588612118639,0.4911504424778761
MUSTARD,360.0,-0.19145588612118639,0.49557522123893805
MUSTARD,360.0,-0.19145588612118639,0.5
MUSTARD,360.0,-0.19145588612118639,0.504424778761062
MUSTARD,540.0,0.6547671694170298,0.7035398230088495
MUSTARD,450.0,0.23165564164792174,0.6150442477876106
MUSTARD,450.0,0.23165564164792174,0.6194690265486725
MUSTARD,450.0,0.23165564164792174,0.6238938053097345
MUSTARD,900.0,2.3472132804934622,0.9734513274336283
MUSTARD,900.0,2.3472132804934622,0.9778761061946902
MUSTARD,450.0,0.23165564164792174,0.6283185840707964
MUSTARD,360.0,-0.19145588612118639,0.5088495575221239
MUSTARD,540.0,0.6547671694170298,0.7079646017699115
MUSTARD,252.0,-0.6991897194441161,0.2920353982300885
MUSTARD,270.0,-0.6145674138902945,0.3805309734513274
MUSTARD,240.0,-0.7556045898133306,0.27876106194690264
MUSTARD,405.0,0.020099877763367677,0.5663716814159292
MUSTARD,435.0,0.16113705368640371,0.5929203539823009
MUSTARD,590.0,0.8898291292887566,0.8185840707964602
MUSTARD,450.0,0.23165564164792174,0.6327433628318584
MUSTARD,540.0,0.6547671694170298,0.7123893805309734
MUSTARD,540.0,0.6547671694170298,0.7168141592920354
MUSTARD,720.0,1.500990224955246,0.8893805309734514
MUSTARD,720.0,1.500990224955246,0.8938053097345132
MUSTARD,450.0,0.23165564164792174,0.6371681415929203
MUSTARD,630.0,1.077878697186138,0.8362831858407079
MUSTARD,450.0,0.23165564164792174,0.6415929203539823
MUSTARD,630.0,1.077878697186138,0.8407079646017699
MUSTARD,540.0,0.6547671694170298,0.7212389380530974
MUSTARD,540.0,0.6547671694170298,0.7256637168141593
MUSTARD,540.0,0.6547671694170298,0.7300884955752213
MUSTARD,360.0,-0.19145588612118639,0.5132743362831859
MUSTARD,540.0,0.6547671694170298,0.7345132743362832
MUSTARD,720.0,1.500990224955246,0.8982300884955752
MUSTARD,540.0,0.6547671694170298,0.7389380530973452
MUSTARD,540.0,0.6547671694170298,0.7433628318584071
MUSTARD,606.0,0.9650489564477092,0.8230088495575221
MUSTARD,720.0,1.500990224955246,0.9026548672566371
MUSTARD,588.0,0.8804266508938875,0.8141592920353983
MUSTARD,720.0,1.500990224955246,0.9070796460176991
MUSTARD,270.0,-0.6145674138902945,0.38495575221238937
MUSTARD,540.0,0.6547671694170298,0.7477876106194691
MUSTARD,540.0,0.6547671694170298,0.7522123893805309
MUSTARD,264.0,-0.6427748490749017,0.3008849557522124
MUSTARD,264.0,-0.6427748490749017,0.3053097345132743
MUSTARD,216.0,-0.8684343305517593,0.19911504424778761
MUSTARD,360.0,-0.19145588612118639,0.5176991150442478
MUSTARD,720.0,1.500990224955246,0.911504424778761
MUSTARD,270.0,-0.6145674138902945,0.3893805309734513
MUSTARD,516.0,0.5419374286786011,0.6637168141592921
MUSTARD,516.0,0.5419374286786011,0.668141592920354
MUSTARD,756.0,1.6702348360628894,0.9646017699115044
MUSTARD,720.0,1.500990224955246,0.915929203539823
MUSTARD,540.0,0.6547671694170298,0.7566371681415929
MUSTARD,540.0,0.6547671694170298,0.7610619469026548
MUSTARD,450.0,0.23165564164792174,0.6460176991150443
MUSTARD,450.0,0.23165564164792174,0.6504424778761062
MUSTARD,540.0,0.6547671694170298,0.7654867256637168
MUSTARD,720.0,1.500990224955246,0.9203539823008849
MUSTARD,720.0,1.500990224955246,0.9247787610619469
MUSTARD,624.0,1.0496712620015307,0.827433628318584
MUSTARD,720.0,1.500990224955246,0.9292035398230089
MUSTARD,720.0,1.500990224955246,0.9336283185840708
MUSTARD,540.0,0.6547671694170298,0.7699115044247787
MUSTARD,540.0,0.6547671694170298,0.7743362831858407
MUSTARD,630.0,1.077878697186138,0.8451327433628318
MUSTARD,414.0,0.06241103054027849,0.5752212389380531
MUSTARD,540.0,0.6547671694170298,0.7787610619469026
MUSTARD,720.0,1.500990224955246,0.9380530973451328
MUSTARD,720.0,1.500990224955246,0.9424778761061947
MUSTARD,720.0,1.500990224955246,0.9469026548672567
MUSTARD,540.0,0.6547671694170298,0.7831858407079646
MUSTARD,584.0,0.8616216941041493,0.8097345132743363
MUSTARD,540.0,0.6547671694170298,0.7876106194690266
MUSTARD,540.0,0.6547671694170298,0.7920353982300885
MUSTARD,540.0,0.6547671694170298,0.7964601769911505
MUSTARD,480.0,0.3726928175709578,0.6592920353982301
MUSTARD,630.0,1.077878697186138,0.8495575221238938
MUSTARD,900.0,2.3472132804934622,0.9823008849557522
MUSTARD,972.0,2.685702502708749,0.9867256637168141
MUSTARD,540.0,0.6547671694170298,0.8008849557522124
MUSTARD,720.0,1.500990224955246,0.9513274336283186
MUSTARD,216.0,-0.8684343305517593,0.20353982300884957
MUSTARD,252.0,-0.6991897194441161,0.29646017699115046
MUSTARD,282.0,-0.5581525435210801,0.42920353982300885
MUSTARD,624.0,1.0496712620015307,0.831858407079646
MUSTARD,630.0,1.077878697186138,0.8539823008849557
MUSTARD,630.0,1.077878697186138,0.8584070796460177
MUSTARD,720.0,1.500990224955246,0.9557522123893806
MUSTARD,540.0,0.6547671694170298,0.8053097345132744
MUSTARD,300.0,-0.47353023796725846,0.46017699115044247
MUSTARD,720.0,1.500990224955246,0.9601769911504425
MUSTARD,180.0,-1.0376789416594026,0.1415929203539823
MUSTARD,288.0,-0.5299451083364729,0.4424778761061947
MUSTARD,216.0,-0.8684343305517593,0.2079646017699115
MUSTARD,450.0,0.23165564164792174,0.6548672566371682
MUSTARD,360.0,-0.19145588612118639,0.5221238938053098
MUSTARD,360.0,-0.19145588612118639,0.5265486725663717
MUSTARD,270.0,-0.6145674138902945,0.3938053097345133
MUSTARD,360.0,-0.19145588612118639,0.5309734513274337
MUSTARD,360.0,-0.19145588612118639,0.5353982300884956
MUSTARD,360.0,-0.19145588612118639,0.5398230088495575
MUSTARD,234.0,-0.7838120249979378,0.252212389380531
MUSTARD,225.0,-0.8261231777748486,0.23893805309734514
MUSTARD,180.0,-1.0376789416594026,0.14601769911504425
MUSTARD,270.0,-0.6145674138902945,0.39823008849557523
MUSTARD,216.0,-0.8684343305517593,0.21238938053097345
MUSTARD,198.0,-0.953056636105581,0.18141592920353983
MUSTARD,216.0,-0.8684343305517593,0.2168141592920354
MUSTARD,144.0,-1.2069235527670459,0.061946902654867256
MUSTARD,144.0,-1.2069235527670459,0.06637168141592921
MUSTARD,360.0,-0.19145588612118639,0.5442477876106194
MUSTARD,216.0,-0.8684343305517593,0.22123893805309736
MUSTARD,198.0,-0.953056636105581,0.18584070796460178
MUSTARD,180.0,-1.0376789416594026,0.1504424778761062
MUSTARD,180.0,-1.0376789416594026,0.15486725663716813
MUSTARD,180.0,-1.0376789416594026,0.1592920353982301
MUSTARD,270.0,-0.6145674138902945,0.4026548672566372
MUSTARD,270.0,-0.6145674138902945,0.40707964601769914
MUSTARD,180.0,-1.0376789416594026,0.16371681415929204
MUSTARD,282.0,-0.5581525435210801,0.4336283185840708
MUSTARD,270.0,-0.6145674138902945,0.41150442477876104
MUSTARD,270.0,-0.6145674138902945,0.415929203539823
MUSTARD,180.0,-1.0376789416594026,0.168141592920354
MUSTARD,180.0,-1.0376789416594026,0.17256637168141592
MUSTARD,180.0,-1.0376789416594026,0.17699115044247787
MUSTARD,270.0,-0.6145674138902945,0.42035398230088494
MUSTARD,171.75,-1.0764641650382376,0.07079646017699115
CRESS,21.0,-0.8072844243244347,0.26556016597510373
CRESS,12.0,-1.1233921855483728,0.0954356846473029
CRESS,6.0,-1.3341306930309982,0.012448132780082987
CRESS,21.0,-0.8072844243244347,0.2697095435684647
CRESS,24.0,-0.701915170583122,0.3153526970954357
CRESS,21.0,-0.8072844243244347,0.27385892116182575
CRESS,24.0,-0.701915170583122,0.31950207468879666
CRESS,42.0,-0.06969964813524594,0.5394190871369294
CRESS,45.0,0.035669605606066745,0.5726141078838174
CRESS,48.0,0.14103885934737942,0.5767634854771784
CRESS,60.0,0.5625158743126302,0.6473029045643154
CRESS,90.0,1.616208411725757,0.91701244813278
CRESS,72.0,0.9839928892778809,0.7593360995850622
CRESS,72.0,0.9839928892778809,0.7634854771784232
CRESS,84.0,1.4054699042431316,0.8879668049792531
CRESS,60.0,0.5625158743126302,0.6514522821576764
CRESS,24.0,-0.701915170583122,0.3236514522821577
CRESS,18.0,-0.9126536780657474,0.18672199170124482
CRESS,10.0,-1.193638354709248,0.07883817427385892
CRESS,24.0,-0.701915170583122,0.3278008298755187
CRESS,9.0,-1.2287614392896855,0.05394190871369295
CRESS,9.0,-1.2287614392896855,0.058091286307053944
CRESS,12.0,-1.1233921855483728,0.0995850622406639
CRESS,12.0,-1.1233921855483728,0.1037344398340249
CRESS,12.0,-1.1233921855483728,0.1078838174273859
CRESS,12.0,-1.1233921855483728,0.11203319502074689
CRESS,18.0,-0.9126536780657474,0.1908713692946058
CRESS,15.0,-1.0180229318070602,0.14107883817427386
CRESS,30.0,-0.4911766631004967,0.4066390041493776
CRESS,30.0,-0.4911766631004967,0.4107883817427386
CRESS,60.0,0.5625158743126302,0.6556016597510373
CRESS,36.0,-0.28043815561787133,0.46887966804979253
CRESS,66.0,0.7732543817952555,0.7427385892116183
CRESS,36.0,-0.28043815561787133,0.4730290456431535
CRESS,21.0,-0.8072844243244347,0.27800829875518673
CRESS,36.0,-0.28043815561787133,0.47717842323651455
CRESS,36.0,-0.28043815561787133,0.48132780082987553
CRESS,27.0,-0.5965459168418094,0.3941908713692946
CRESS,24.0,-0.701915170583122,0.33195020746887965
CRESS,42.0,-0.06969964813524594,0.5435684647302904
CRESS,72.0,0.9839928892778809,0.7676348547717843
CRESS,60.0,0.5625158743126302,0.6597510373443983
CRESS,60.0,0.5625158743126302,0.6639004149377593
CRESS,66.0,0.7732543817952555,0.7468879668049793
CRESS,66.0,0.7732543817952555,0.7510373443983402
CRESS,15.0,-1.0180229318070602,0.14522821576763487
CRESS,8.0,-1.263884523870123,0.04149377593360996
CRESS,8.0,-1.263884523870123,0.04564315352697095
CRESS,8.0,-1.263884523870123,0.04979253112033195
CRESS,54.0,0.35177736683000477,0.6224066390041494
CRESS,24.0,-0.701915170583122,0.3360995850622407
CRESS,33.0,-0.385807409359184,0.45643153526970953
CRESS,32.0,-0.42093049393962156,0.45228215767634855
CRESS,24.0,-0.701915170583122,0.34024896265560167
CRESS,42.0,-0.06969964813524594,0.5477178423236515
CRESS,18.0,-0.9126536780657474,0.1950207468879668
CRESS,18.0,-0.9126536780657474,0.1991701244813278
CRESS,18.0,-0.9126536780657474,0.2033195020746888
CRESS,18.0,-0.9126536780657474,0.2074688796680498
CRESS,15.0,-1.0180229318070602,0.14937759336099585
CRESS,21.0,-0.8072844243244347,0.2821576763485477
CRESS,21.0,-0.8072844243244347,0.2863070539419087
CRESS,48.0,0.14103885934737942,0.5809128630705395
CRESS,60.0,0.5625158743126302,0.6680497925311203
CRESS,60.0,0.5625158743126302,0.6721991701244814
CRESS,72.0,0.9839928892778809,0.7717842323651453
CRESS,90.0,1.616208411725757,0.921161825726141
CRESS,78.0,1.1947313967605062,0.8506224066390041
CRESS,60.0,0.5625158743126302,0.6763485477178424
CRESS,60.0,0.5625158743126302,0.6804979253112033
CRESS,60.0,0.5625158743126302,0.6846473029045643
CRESS,102.0,2.0376854266910076,0.966804979253112
CRESS,96.0,1.8269469192083823,0.941908713692946
CRESS,72.0,0.9839928892778809,0.7759336099585062
CRESS,96.0,1.8269469192083823,0.946058091286307
CRESS,21.0,-0.8072844243244347,0.29045643153526973
CRESS,24.0,-0.701915170583122,0.34439834024896265
CRESS,60.0,0.5625158743126302,0.6887966804979253
CRESS,54.0,0.35177736683000477,0.6265560165975104
CRESS,10.5,-1.176076812419029,0.0912863070539419
CRESS,33.0,-0.385807409359184,0.4605809128630705
CRESS,30.0,-0.4911766631004967,0.4149377593360996
CRESS,30.0,-0.4911766631004967,0.4190871369294606
CRESS,30.0,-0.4911766631004967,0.42323651452282157
CRESS,42.0,-0.06969964813524594,0.5518672199170125
CRESS,78.0,1.1947313967605062,0.8547717842323651
CRESS,72.0,0.9839928892778809,0.7800829875518672
CRESS,48.0,0.14103885934737942,0.5850622406639004
CRESS,36.0,-0.28043815561787133,0.4854771784232365
CRESS,72.0,0.9839928892778809,0.7842323651452282
CRESS,42.0,-0.06969964813524594,0.5560165975103735
CRESS,72.0,0.9839928892778809,0.7883817427385892
CRESS,72.0,0.9839928892778809,0.7925311203319502
CRESS,72.0,0.9839928892778809,0.7966804979253111
CRESS,72.0,0.9839928892778809,0.8008298755186722
CRESS,63.0,0.6678851280539428,0.7385892116182573
CRESS,42.0,-0.06969964813524594,0.5601659751037344
CRESS,84.0,1.4054699042431316,0.8921161825726142
CRESS,90.0,1.616208411725757,0.9253112033195021
CRESS,96.0,1.8269469192083823,0.950207468879668
CRESS,102.0,2.0376854266910076,0.970954356846473
CRESS,72.0,0.9839928892778809,0.8049792531120332
CRESS,108.0,2.248423934173633,0.979253112033195
CRESS,96.0,1.8269469192083823,0.9543568464730291
CRESS,36.0,-0.28043815561787133,0.4896265560165975
CRESS,24.0,-0.701915170583122,0.34854771784232363
CRESS,24.0,-0.701915170583122,0.35269709543568467
CRESS,24.0,-0.701915170583122,0.35684647302904565
CRESS,60.0,0.5625158743126302,0.6929460580912863
CRESS,54.0,0.35177736683000477,0.6307053941908713
CRESS,54.0,0.35177736683000477,0.6348547717842323
CRESS,72.0,0.9839928892778809,0.8091286307053942
CRESS,78.0,1.1947313967605062,0.8589211618257261
CRESS,60.0,0.5625158743126302,0.6970954356846473
CRESS,54.0,0.35177736683000477,0.6390041493775933
CRESS,120.0,2.6699009491388837,0.995850622406639
CRESS,108.0,2.248423934173633,0.983402489626556
CRESS,60.0,0.5625158743126302,0.7012448132780082
CRESS,60.0,0.5625158743126302,0.7053941908713693
CRESS,48.0,0.14103885934737942,0.5892116182572614
CRESS,72.0,0.9839928892778809,0.8132780082987552
CRESS,48.0,0.14103885934737942,0.5933609958506224
CRESS,72.0,0.9839928892778809,0.8174273858921162
CRESS,72.0,0.9839928892778809,0.8215767634854771
CRESS,72.0,0.9839928892778809,0.8257261410788381
CRESS,60.0,0.5625158743126302,0.7095435684647303
CRESS,60.0,0.5625158743126302,0.7136929460580913
CRESS,54.0,0.35177736683000477,0.6431535269709544
CRESS,120.0,2.6699009491388837,1.0
CRESS,60.0,0.5625158743126302,0.7178423236514523
CRESS,60.0,0.5625158743126302,0.7219917012448133
CRESS,72.0,0.9839928892778809,0.8298755186721992
CRESS,72.0,0.9839928892778809,0.8340248962655602
CRESS,108.0,2.248423934173633,0.9875518672199171
CRESS,90.0,1.616208411725757,0.9294605809128631
CRESS,84.0,1.4054699042431316,0.8962655601659751
CRESS,96.0,1.8269469192083823,0.9585062240663901
CRESS,84.0,1.4054699042431316,0.9004149377593361
CRESS,90.0,1.616208411725757,0.9336099585062241
CRESS,90.0,1.616208411725757,0.9377593360995851
CRESS,102.0,2.0376854266910076,0.975103734439834
CRESS,108.0,2.248423934173633,0.991701244813278
CRESS,96.0,1.8269469192083823,0.9626556016597511
CRESS,84.0,1.4054699042431316,0.9045643153526971
CRESS,84.0,1.4054699042431316,0.9087136929460581
CRESS,60.0,0.5625158743126302,0.7261410788381742
CRESS,42.0,-0.06969964813524594,0.5643153526970954
CRESS,40.0,-0.13994581729612107,0.5228215767634855
CRESS,22.5,-0.7545997974537784,0.2987551867219917
CRESS,42.0,-0.06969964813524594,0.5684647302904564
CRESS,48.0,0.14103885934737942,0.5975103734439834
CRESS,30.0,-0.4911766631004967,0.42738589211618255
CRESS,30.0,-0.4911766631004967,0.4315352697095436
CRESS,72.0,0.9839928892778809,0.8381742738589212
CRESS,48.0,0.14103885934737942,0.6016597510373444
CRESS,66.0,0.7732543817952555,0.7551867219917012
CRESS,30.0,-0.4911766631004967,0.43568464730290457
CRESS,34.0,-0.35068432477874645,0.46473029045643155
CRESS,36.0,-0.28043815561787133,0.49377593360995853
CRESS,36.0,-0.28043815561787133,0.4979253112033195
CRESS,52.0,0.28153119766912965,0.6182572614107884
CRESS,51.0,0.24640811308869212,0.6141078838174274
CRESS,39.0,-0.17506890187655863,0.5186721991701245
CRESS,40.0,-0.13994581729612107,0.5269709543568465
CRESS,40.0,-0.13994581729612107,0.5311203319502075
CRESS,36.0,-0.28043815561787133,0.5020746887966805
CRESS,25.5,-0.6492305437124657,0.3817427385892116
CRESS,15.0,-1.0180229318070602,0.15352697095435686
CRESS,25.5,-0.6492305437124657,0.38589211618257263
CRESS,20.0,-0.8424075089048723,0.24481327800829875
CRESS,18.0,-0.9126536780657474,0.21161825726141079
CRESS,20.0,-0.8424075089048723,0.24896265560165975
CRESS,18.0,-0.9126536780657474,0.2157676348547718
CRESS,15.0,-1.0180229318070602,0.15767634854771784
CRESS,18.0,-0.9126536780657474,0.21991701244813278
CRESS,18.0,-0.9126536780657474,0.22406639004149378
CRESS,12.0,-1.1233921855483728,0.11618257261410789
CRESS,10.0,-1.193638354709248,0.08298755186721991
CRESS,13.0,-1.0882691009679353,0.12863070539419086
CRESS,7.0,-1.2990076084505606,0.029045643153526972
CRESS,9.0,-1.2287614392896855,0.06224066390041494
CRESS,12.0,-1.1233921855483728,0.12033195020746888
CRESS,14.0,-1.0531460163874977,0.13278008298755187
CRESS,14.0,-1.0531460163874977,0.13692946058091288
CRESS,18.0,-0.9126536780657474,0.22821576763485477
CRESS,20.0,-0.8424075089048723,0.25311203319502074
CRESS,20.0,-0.8424075089048723,0.2572614107883817
CRESS,25.5,-0.6492305437124657,0.3900414937759336
CRESS,27.0,-0.5965459168418094,0.3983402489626556
CRESS,60.0,0.5625158743126302,0.7302904564315352
CRESS,79.5,1.2474160236311627,0.8630705394190872
CRESS,81.0,1.3001006505018189,0.8796680497925311
CRESS,81.0,1.3001006505018189,0.8838174273858921
CRESS,80.0,1.2649775659213813,0.8672199170124482
CRESS,80.0,1.2649775659213813,0.8713692946058091
CRESS,80.0,1.2649775659213813,0.8755186721991701
CRESS,30.0,-0.4911766631004967,0.43983402489626555
CRESS,10.0,-1.193638354709248,0.08713692946058091
CRESS,12.0,-1.1233921855483728,0.12448132780082988
CRESS,21.0,-0.8072844243244347,0.2946058091286307
CRESS,15.0,-1.0180229318070602,0.16182572614107885
CRESS,27.75,-0.5702036034064811,0.4024896265560166
CRESS,16.0,-0.9828998472266225,0.17427385892116182
CRESS,20.0,-0.8424075089048723,0.26141078838174275
CRESS,23.5,-0.7194767128733408,0.3112033195020747
CRESS,60.0,0.5625158743126302,0.7344398340248963
CRESS,72.0,0.9839928892778809,0.8423236514522822
CRESS,72.0,0.9839928892778809,0.8464730290456431
CRESS,48.0,0.14103885934737942,0.6058091286307054
CRESS,41.0,-0.1048227327156835,0.5352697095435685
CRESS,36.0,-0.28043815561787133,0.5062240663900415
CRESS,48.0,0.14103885934737942,0.6099585062240664
CRESS,36.0,-0.28043815561787133,0.5103734439834025
CRESS,36.0,-0.28043815561787133,0.5145228215767634
CRESS,17.0,-0.9477767626461849,0.1825726141078838
CRESS,16.25,-0.9741190760815132,0.17842323651452283
CRESS,24.0,-0.701915170583122,0.36099585062240663
CRESS,30.0,-0.4911766631004967,0.44398340248962653
CRESS,30.0,-0.4911766631004967,0.44813278008298757
CRESS,24.0,-0.701915170583122,0.3651452282157676
CRESS,18.0,-0.9126536780657474,0.23236514522821577
CRESS,24.0,-0.701915170583122,0.36929460580912865
CRESS,9.0,-1.2287614392896855,0.06639004149377593
CRESS,87.0,1.5108391579844442,0.9128630705394191
CRESS,18.0,-0.9126536780657474,0.23651452282157676
CRESS,18.0,-0.9126536780657474,0.24066390041493776
CRESS,15.0,-1.0180229318070602,0.16597510373443983
CRESS,22.5,-0.7545997974537784,0.3029045643153527
CRESS,22.5,-0.7545997974537784,0.3070539419087137
CRESS,24.0,-0.701915170583122,0.37344398340248963
CRESS,24.0,-0.701915170583122,0.3775933609958506
CRESS,15.0,-1.0180229318070602,0.17012448132780084
CRESS,7.5,-1.2814460661603417,0.03319502074688797
CRESS,6.0,-1.3341306930309982,0.016597510373443983
CRESS,6.0,-1.3341306930309982,0.02074688796680498
CRESS,9.0,-1.2287614392896855,0.07053941908713693
CRESS,9.0,-1.2287614392896855,0.07468879668049792
CRESS,7.5,-1.2814460661603417,0.03734439834024896
CRESS,6.0,-1.3341306930309982,0.024896265560165973
CRESS,5.5,-1.3516922353212169,0.008298755186721992
CRESS,5.25,-1.3604730064663264,0.004149377593360996
SESAME,7.5,-0.9363779390386759,0.11572700296735905
SESAME,15.0,-0.33069622496640616,0.4362017804154303
SESAME,15.0,-0.33069622496640616,0.4391691394658754
SESAME,15.0,-0.33069622496640616,0.4421364985163205
SESAME,18.0,-0.08842353933749827,0.5459940652818991
SESAME,22.5,0.27498548910586357,0.655786350148368
SESAME,72.0,4.272484801982844,0.9970326409495549
SESAME,10.0,-0.7344840343479193,0.2818991097922849
SESAME,10.5,-0.694105253409768,0.3353115727002967
SESAME,21.0,0.15384914629140964,0.6023738872403561
SESAME,21.0,0.15384914629140964,0.6053412462908012
SESAME,18.0,-0.08842353933749827,0.5489614243323442
SESAME,36.0,1.3652125744359491,0.8694362017804155
SESAME,30.0,0.8806672031781334,0.7952522255192879
SESAME,42.0,1.849757945693765,0.9406528189910979
SESAME,30.0,0.8806672031781334,0.798219584569733
SESAME,36.0,1.3652125744359491,0.8724035608308606
SESAME,36.0,1.3652125744359491,0.8753709198813057
SESAME,3.5,-1.2594081865438864,0.008902077151335312
SESAME,6.0,-1.0575142818531298,0.05637982195845697
SESAME,6.0,-1.0575142818531298,0.05934718100890208
SESAME,6.0,-1.0575142818531298,0.06231454005934718
SESAME,6.0,-1.0575142818531298,0.06528189910979229
SESAME,6.0,-1.0575142818531298,0.06824925816023739
SESAME,6.0,-1.0575142818531298,0.0712166172106825
SESAME,12.0,-0.5729689105953141,0.3768545994065282
SESAME,18.0,-0.08842353933749827,0.5519287833827893
SESAME,8.0,-0.8959991581005247,0.1513353115727003
SESAME,42.0,1.849757945693765,0.9436201780415431
SESAME,42.0,1.849757945693765,0.9465875370919882
SESAME,12.0,-0.5729689105953141,0.3798219584569733
SESAME,18.0,-0.08842353933749827,0.5548961424332344
SESAME,20.0,0.073091584415107,0.5905044510385756
SESAME,27.0,0.6383945175492255,0.7626112759643917
SESAME,24.0,0.3961218319203175,0.6735905044510386
SESAME,24.0,0.3961218319203175,0.6765578635014837
SESAME,30.0,0.8806672031781334,0.8011869436201781
SESAME,24.0,0.3961218319203175,0.6795252225519288
SESAME,12.0,-0.5729689105953141,0.3827893175074184
SESAME,15.0,-0.33069622496640616,0.44510385756676557
SESAME,24.0,0.3961218319203175,0.6824925816023739
SESAME,30.0,0.8806672031781334,0.8041543026706232
SESAME,36.0,1.3652125744359491,0.8783382789317508
SESAME,21.0,0.15384914629140964,0.6083086053412463
SESAME,15.0,-0.33069622496640616,0.44807121661721067
SESAME,15.0,-0.33069622496640616,0.45103857566765576
SESAME,21.0,0.15384914629140964,0.6112759643916914
SESAME,15.0,-0.33069622496640616,0.4540059347181009
SESAME,42.0,1.849757945693765,0.9495548961424333
SESAME,42.0,1.849757945693765,0.9525222551928784
SESAME,36.0,1.3652125744359491,0.8813056379821959
SESAME,18.0,-0.08842353933749827,0.5578635014836796
SESAME,18.0,-0.08842353933749827,0.5608308605341247
SESAME,18.0,-0.08842353933749827,0.5637982195845698
SESAME,24.0,0.3961218319203175,0.685459940652819
SESAME,27.0,0.6383945175492255,0.7655786350148368
SESAME,13.5,-0.4518325677808601,0.42433234421364985
SESAME,66.0,3.7879394307250283,0.9910979228486647
SESAME,72.0,4.272484801982844,1.0
SESAME,30.0,0.8806672031781334,0.8071216617210683
SESAME,30.0,0.8806672031781334,0.8100890207715133
SESAME,30.0,0.8806672031781334,0.8130563798219584
SESAME,30.0,0.8806672031781334,0.8160237388724035
SESAME,36.0,1.3652125744359491,0.884272997032641
SESAME,42.0,1.849757945693765,0.9554896142433235
SESAME,36.0,1.3652125744359491,0.887240356083086
SESAME,36.0,1.3652125744359491,0.8902077151335311
SESAME,30.0,0.8806672031781334,0.8189910979228486
SESAME,27.0,0.6383945175492255,0.7685459940652819
SESAME,8.0,-0.8959991581005247,0.1543026706231454
SESAME,9.0,-0.815241596224222,0.20474777448071216
SESAME,9.0,-0.815241596224222,0.20771513353115728
SESAME,16.5,-0.20955988215195223,0.5103857566765578
SESAME,16.0,-0.24993866309010354,0.49258160237388726
SESAME,15.0,-0.33069622496640616,0.456973293768546
SESAME,12.0,-0.5729689105953141,0.3857566765578635
SESAME,8.0,-0.8959991581005247,0.1572700296735905
SESAME,9.0,-0.815241596224222,0.21068249258160238
SESAME,9.0,-0.815241596224222,0.21364985163204747
SESAME,6.0,-1.0575142818531298,0.07418397626112759
SESAME,36.0,1.3652125744359491,0.8931750741839762
SESAME,30.0,0.8806672031781334,0.8219584569732937
SESAME,24.0,0.3961218319203175,0.6884272997032641
SESAME,24.0,0.3961218319203175,0.6913946587537092
SESAME,24.0,0.3961218319203175,0.6943620178041543
SESAME,13.5,-0.4518325677808601,0.42729970326409494
SESAME,22.5,0.27498548910586357,0.658753709198813
SESAME,21.0,0.15384914629140964,0.6142433234421365
SESAME,24.0,0.3961218319203175,0.6973293768545994
SESAME,45.0,2.092030631322673,0.973293768545994
SESAME,27.0,0.6383945175492255,0.771513353115727
SESAME,27.0,0.6383945175492255,0.7744807121661721
SESAME,24.0,0.3961218319203175,0.7002967359050445
SESAME,21.0,0.15384914629140964,0.6172106824925816
SESAME,36.0,1.3652125744359491,0.8961424332344213
SESAME,36.0,1.3652125744359491,0.8991097922848664
SESAME,33.0,1.1229398888070412,0.8486646884272997
SESAME,33.0,1.1229398888070412,0.8516320474777448
SESAME,33.0,1.1229398888070412,0.8545994065281899
SESAME,30.0,0.8806672031781334,0.8249258160237388
SESAME,16.5,-0.20955988215195223,0.5133531157270029
SESAME,16.5,-0.20955988215195223,0.516320474777448
SESAME,16.0,-0.24993866309010354,0.49554896142433236
SESAME,21.0,0.15384914629140964,0.6201780415430267
SESAME,18.0,-0.08842353933749827,0.5667655786350149
SESAME,30.0,0.8806672031781334,0.827893175074184
SESAME,33.0,1.1229398888070412,0.857566765578635
SESAME,30.0,0.8806672031781334,0.8308605341246291
SESAME,66.0,3.7879394307250283,0.9940652818991098
SESAME,24.0,0.3961218319203175,0.7032640949554896
SESAME,27.0,0.6383945175492255,0.7774480712166172
SESAME,24.0,0.3961218319203175,0.7062314540059347
SESAME,25.0,0.4768793937966202,0.7359050445103857
SESAME,21.0,0.15384914629140964,0.6231454005934718
SESAME,21.0,0.15384914629140964,0.6261127596439169
SESAME,16.5,-0.20955988215195223,0.5192878338278932
SESAME,24.0,0.3961218319203175,0.7091988130563798
SESAME,22.5,0.27498548910586357,0.6617210682492581
SESAME,18.0,-0.08842353933749827,0.56973293768546
SESAME,30.0,0.8806672031781334,0.8338278931750742
SESAME,21.0,0.15384914629140964,0.629080118694362
SESAME,36.0,1.3652125744359491,0.9020771513353115
SESAME,36.0,1.3652125744359491,0.9050445103857567
SESAME,39.0,1.607485260064857,0.9198813056379822
SESAME,30.0,0.8806672031781334,0.8367952522255193
SESAME,27.0,0.6383945175492255,0.7804154302670623
SESAME,27.0,0.6383945175492255,0.7833827893175074
SESAME,27.0,0.6383945175492255,0.7863501483679525
SESAME,25.0,0.4768793937966202,0.7388724035608308
SESAME,30.0,0.8806672031781334,0.8397626112759644
SESAME,24.0,0.3961218319203175,0.712166172106825
SESAME,21.0,0.15384914629140964,0.6320474777448071
SESAME,30.0,0.8806672031781334,0.8427299703264095
SESAME,24.0,0.3961218319203175,0.7151335311572701
SESAME,36.0,1.3652125744359491,0.9080118694362018
SESAME,42.0,1.849757945693765,0.9584569732937686
SESAME,24.0,0.3961218319203175,0.7181008902077152
SESAME,51.0,2.576576002580489,0.9821958456973294
SESAME,51.0,2.576576002580489,0.9851632047477745
SESAME,54.0,2.8188486882093966,0.9881305637982196
SESAME,48.0,2.3343033169515808,0.9792284866468842
SESAME,45.0,2.092030631322673,0.9762611275964391
SESAME,42.0,1.849757945693765,0.9614243323442137
SESAME,40.5,1.728621602879311,0.9376854599406528
SESAME,39.0,1.607485260064857,0.9228486646884273
SESAME,39.0,1.607485260064857,0.9258160237388724
SESAME,39.0,1.607485260064857,0.9287833827893175
SESAME,39.0,1.607485260064857,0.9317507418397626
SESAME,42.0,1.849757945693765,0.9643916913946587
SESAME,42.0,1.849757945693765,0.9673590504451038
SESAME,39.0,1.607485260064857,0.9347181008902077
SESAME,33.0,1.1229398888070412,0.8605341246290801
SESAME,33.0,1.1229398888070412,0.8635014836795252
SESAME,44.0,2.01127306944637,0.9703264094955489
SESAME,22.5,0.27498548910586357,0.6646884272997032
SESAME,15.0,-0.33069622496640616,0.4599406528189911
SESAME,15.0,-0.33069622496640616,0.4629080118694362
SESAME,14.0,-0.41145378684270884,0.43026706231454004
SESAME,36.0,1.3652125744359491,0.9109792284866469
SESAME,36.0,1.3652125744359491,0.913946587537092
SESAME,36.0,1.3652125744359491,0.9169139465875371
SESAME,32.0,1.0421823269307386,0.8456973293768546
SESAME,26.0,0.5576369556729228,0.7507418397626113
SESAME,26.0,0.5576369556729228,0.7537091988130564
SESAME,33.0,1.1229398888070412,0.8664688427299704
SESAME,20.0,0.073091584415107,0.5934718100890207
SESAME,18.0,-0.08842353933749827,0.5727002967359051
SESAME,16.5,-0.20955988215195223,0.5222551928783383
SESAME,17.0,-0.1691811012138009,0.5341246290801187
SESAME,15.0,-0.33069622496640616,0.4658753709198813
SESAME,21.0,0.15384914629140964,0.6350148367952523
SESAME,24.0,0.3961218319203175,0.7210682492581603
SESAME,25.0,0.4768793937966202,0.7418397626112759
SESAME,26.0,0.5576369556729228,0.7566765578635015
SESAME,26.0,0.5576369556729228,0.7596439169139466
SESAME,27.0,0.6383945175492255,0.7893175074183977
SESAME,16.5,-0.20955988215195223,0.5252225519287834
SESAME,15.0,-0.33069622496640616,0.4688427299703264
SESAME,15.0,-0.33069622496640616,0.47181008902077154
SESAME,15.0,-0.33069622496640616,0.47477744807121663
SESAME,16.5,-0.20955988215195223,0.5281899109792285
SESAME,15.0,-0.33069622496640616,0.47774480712166173
SESAME,16.0,-0.24993866309010354,0.49851632047477745
SESAME,14.0,-0.41145378684270884,0.4332344213649852
SESAME,12.5,-0.5325901296571628,0.4065281899109792
SESAME,12.0,-0.5729689105953141,0.3887240356083086
SESAME,10.0,-0.7344840343479193,0.28486646884273
SESAME,9.5,-0.7748628152860707,0.26112759643916916
SESAME,9.5,-0.7748628152860707,0.26409495548961426
SESAME,9.0,-0.815241596224222,0.2166172106824926
SESAME,9.0,-0.815241596224222,0.2195845697329377
SESAME,8.0,-0.8959991581005247,0.16023738872403562
SESAME,9.0,-0.815241596224222,0.22255192878338279
SESAME,9.0,-0.815241596224222,0.22551928783382788
SESAME,15.0,-0.33069622496640616,0.4807121661721068
SESAME,15.0,-0.33069622496640616,0.4836795252225519
SESAME,17.0,-0.1691811012138009,0.5370919881305638
SESAME,17.0,-0.1691811012138009,0.5400593471810089
SESAME,10.0,-0.7344840343479193,0.2878338278931751
SESAME,15.0,-0.33069622496640616,0.486646884272997
SESAME,16.0,-0.24993866309010354,0.5014836795252225
SESAME,24.0,0.3961218319203175,0.7240356083086054
SESAME,22.5,0.27498548910586357,0.6676557863501483
SESAME,21.5,0.19422792722956095,0.6528189910979229
SESAME,8.0,-0.8959991581005247,0.1632047477744807
SESAME,20.0,0.073091584415107,0.5964391691394659
SESAME,21.0,0.15384914629140964,0.6379821958456974
SESAME,20.0,0.073091584415107,0.599406528189911
SESAME,21.0,0.15384914629140964,0.6409495548961425
SESAME,24.0,0.3961218319203175,0.7270029673590505
SESAME,25.0,0.4768793937966202,0.744807121661721
SESAME,24.0,0.3961218319203175,0.7299703264094956
SESAME,21.0,0.15384914629140964,0.6439169139465876
SESAME,18.0,-0.08842353933749827,0.5756676557863502
SESAME,18.0,-0.08842353933749827,0.5786350148367952
SESAME,16.25,-0.22974927262102787,0.5044510385756676
SESAME,7.25,-0.9565673295077516,0.11275964391691394
SESAME,27.0,0.6383945175492255,0.7922848664688428
SESAME,21.25,0.17403853676048528,0.6468842729970327
SESAME,3.0,-1.2997869674820377,0.002967359050445104
SESAME,5.0,-1.1382718437294326,0.032640949554896145
SESAME,3.5,-1.2594081865438864,0.011869436201780416
SESAME,3.5,-1.2594081865438864,0.01483679525222552
SESAME,3.0,-1.2997869674820377,0.005934718100890208
SESAME,3.5,-1.2594081865438864,0.017804154302670624
SESAME,3.75,-1.239218796074811,0.020771513353115726
SESAME,4.0,-1.2190294056057351,0.02373887240356083
SESAME,4.0,-1.2190294056057351,0.026706231454005934
SESAME,6.0,-1.0575142818531298,0.0771513353115727
SESAME,5.0,-1.1382718437294326,0.03560830860534125
SESAME,5.0,-1.1382718437294326,0.03857566765578635
SESAME,9.0,-0.815241596224222,0.228486646884273
SESAME,10.0,-0.7344840343479193,0.29080118694362017
SESAME,9.0,-0.815241596224222,0.2314540059347181
SESAME,4.0,-1.2190294056057351,0.02967359050445104
SESAME,9.5,-0.7748628152860707,0.26706231454005935
SESAME,10.0,-0.7344840343479193,0.29376854599406527
SESAME,10.0,-0.7344840343479193,0.29673590504451036
SESAME,9.0,-0.815241596224222,0.2344213649851632
SESAME,9.25,-0.7950522057551463,0.258160237388724
SESAME,8.0,-0.8959991581005247,0.1661721068249258
SESAME,8.25,-0.8758097676314489,0.19287833827893175
SESAME,7.5,-0.9363779390386759,0.11869436201780416
SESAME,6.75,-0.9969461104459029,0.10089020771513353
SESAME,6.5,-1.0171355009149785,0.09495548961424333
SESAME,6.25,-1.0373248913840543,0.08902077151335312
SESAME,7.5,-0.9363779390386759,0.12166172106824925
SESAME,8.0,-0.8959991581005247,0.16913946587537093
SESAME,10.0,-0.7344840343479193,0.2997032640949555
SESAME,10.0,-0.7344840343479193,0.3026706231454006
SESAME,10.5,-0.694105253409768,0.33827893175074186
SESAME,10.5,-0.694105253409768,0.34124629080118696
SESAME,11.25,-0.6335370820025411,0.3590504451038576
SESAME,11.25,-0.6335370820025411,0.3620178041543027
SESAME,10.75,-0.6739158629406924,0.34718100890207715
SESAME,6.0,-1.0575142818531298,0.08011869436201781
SESAME,9.0,-0.815241596224222,0.23738872403560832
SESAME,8.5,-0.8556203771623733,0.19584569732937684
SESAME,10.0,-0.7344840343479193,0.3056379821958457
SESAME,10.0,-0.7344840343479193,0.3086053412462908
SESAME,10.0,-0.7344840343479193,0.3115727002967359
SESAME,11.0,-0.6537264724716167,0.35014836795252224
SESAME,10.0,-0.7344840343479193,0.314540059347181
SESAME,10.0,-0.7344840343479193,0.31750741839762614
SESAME,11.0,-0.6537264724716167,0.35311572700296734
SESAME,7.5,-0.9363779390386759,0.12462908011869436
SESAME,6.875,-0.9868514152113651,0.10385756676557864
SESAME,6.5,-1.0171355009149785,0.09792284866468842
SESAME,7.5,-0.9363779390386759,0.12759643916913946
SESAME,9.0,-0.815241596224222,0.2403560830860534
SESAME,17.0,-0.1691811012138009,0.543026706231454
SESAME,18.0,-0.08842353933749827,0.5816023738872403
SESAME,15.75,-0.2701280535591792,0.4896142433234421
SESAME,16.25,-0.22974927262102787,0.5074183976261127
SESAME,24.0,0.3961218319203175,0.7329376854599406
SESAME,18.0,-0.08842353933749827,0.5845697329376854
SESAME,25.0,0.4768793937966202,0.7477744807121661
SESAME,22.5,0.27498548910586357,0.6706231454005934
SESAME,21.25,0.17403853676048528,0.6498516320474778
SESAME,16.5,-0.20955988215195223,0.5311572700296736
SESAME,7.0,-0.9767567199768272,0.10682492581602374
SESAME,7.5,-0.9363779390386759,0.13056379821958458
SESAME,8.125,-0.8859044628659868,0.18397626112759644
SESAME,8.125,-0.8859044628659868,0.18694362017804153
SESAME,9.0,-0.815241596224222,0.2433234421364985
SESAME,10.0,-0.7344840343479193,0.32047477744807124
SESAME,10.0,-0.7344840343479193,0.32344213649851633
SESAME,8.0,-0.8959991581005247,0.17210682492581603
SESAME,8.125,-0.8859044628659868,0.18991097922848665
SESAME,9.0,-0.815241596224222,0.24629080118694363
SESAME,8.0,-0.8959991581005247,0.17507418397626112
SESAME,9.5,-0.7748628152860707,0.27002967359050445
SESAME,9.5,-0.7748628152860707,0.27299703264094954
SESAME,9.5,-0.7748628152860707,0.27596439169139464
SESAME,12.0,-0.5729689105953141,0.3916913946587537
SESAME,19.0,-0.007665977461195636,0.5875370919881305
SESAME,13.25,-0.4720219582499358,0.41839762611275966
SESAME,13.25,-0.4720219582499358,0.42136498516320475
SESAME,13.0,-0.49221134871901145,0.41543026706231456
SESAME,12.75,-0.5124007391880872,0.4094955489614243
SESAME,12.0,-0.5729689105953141,0.39465875370919884
SESAME,11.0,-0.6537264724716167,0.3560830860534125
SESAME,12.0,-0.5729689105953141,0.39762611275964393
SESAME,12.0,-0.5729689105953141,0.40059347181008903
SESAME,12.75,-0.5124007391880872,0.4124629080118694
SESAME,11.25,-0.6335370820025411,0.3649851632047478
SESAME,9.0,-0.815241596224222,0.24925816023738873
SESAME,11.37,-0.6238461745773848,0.37091988130563797
SESAME,11.37,-0.6238461745773848,0.37388724035608306
SESAME,12.0,-0.5729689105953141,0.4035608308605341
SESAME,11.25,-0.6335370820025411,0.36795252225519287
SESAME,10.0,-0.7344840343479193,0.3264094955489614
SESAME,9.0,-0.815241596224222,0.2522255192878338
SESAME,10.0,-0.7344840343479193,0.3293768545994065
SESAME,10.5,-0.694105253409768,0.34421364985163205
SESAME,7.5,-0.9363779390386759,0.13353115727002968
SESAME,5.5,-1.0978930627912813,0.05341246290801187
SESAME,5.375,-1.107987758025819,0.04747774480712166
SESAME,5.0,-1.1382718437294326,0.04154302670623145
SESAME,5.375,-1.107987758025819,0.050445103857566766
SESAME,5.0,-1.1382718437294326,0.04451038575667656
SESAME,9.5,-0.7748628152860707,0.2789317507418398
SESAME,9.0,-0.815241596224222,0.2551928783382789
SESAME,8.5,-0.8556203771623733,0.19881305637982197
SESAME,8.0,-0.8959991581005247,0.17804154302670624
SESAME,7.5,-0.9363779390386759,0.13649851632047477
SESAME,7.5,-0.9363779390386759,0.1394658753709199
SESAME,8.5,-0.8556203771623733,0.20178041543026706
SESAME,10.0,-0.7344840343479193,0.3323442136498516
SESAME,7.0,-0.9767567199768272,0.10979228486646884
SESAME,7.875,-0.9060938533350624,0.14540059347181009
SESAME,7.875,-0.9060938533350624,0.14836795252225518
SESAME,8.0,-0.8959991581005247,0.18100890207715134
SESAME,7.75,-0.9161885485696003,0.142433234421365
SESAME,6.0,-1.0575142818531298,0.0830860534124629
SESAME,6.0,-1.0575142818531298,0.08605341246290801
SESAME,6.25,-1.0373248913840543,0.09198813056379822
WOOL 0.5 kg p. Shekel,2.0,-0.5665643177643608,0.2641509433962264
WOOL 0.5 kg p. Shekel,2.0,-0.5665643177643608,0.2688679245283019
WOOL 0.5 kg p. Shekel,2.0,-0.5665643177643608,0.27358490566037735
WOOL 0.5 kg p. Shekel,2.0,-0.5665643177643608,0.2783018867924528
WOOL 0.5 kg p. Shekel,2.0,-0.5665643177643608,0.2830188679245283
WOOL 0.5 kg p. Shekel,3.0,0.12888837962458288,0.5235849056603774
WOOL 0.5 kg p. Shekel,3.0,0.12888837962458288,0.5283018867924528
WOOL 0.5 kg p. Shekel,5.0,1.5197937744024703,0.8726415094339622
WOOL 0.5 kg p. Shekel,5.0,1.5197937744024703,0.8773584905660378
WOOL 0.5 kg p. Shekel,5.0,1.5197937744024703,0.8820754716981132
WOOL 0.5 kg p. Shekel,5.0,1.5197937744024703,0.8867924528301887
WOOL 0.5 kg p. Shekel,8.0,3.6061518665693013,1.0
WOOL 0.5 kg p. Shekel,6.0,2.215246471791414,0.9811320754716981
WOOL 0.5 kg p. Shekel,6.0,2.215246471791414,0.9858490566037735
WOOL 0.5 kg p. Shekel,5.0,1.5197937744024703,0.8915094339622641
WOOL 0.5 kg p. Shekel,2.0,-0.5665643177643608,0.28773584905660377
WOOL 0.5 kg p. Shekel,2.0,-0.5665643177643608,0.29245283018867924
WOOL 0.5 kg p. Shekel,1.0,-1.2620170151533046,0.07547169811320754
WOOL 0.5 kg p. Shekel,1.0,-1.2620170151533046,0.08018867924528301
WOOL 0.5 kg p. Shekel,1.0,-1.2620170151533046,0.08490566037735849
WOOL 0.5 kg p. Shekel,1.0,-1.2620170151533046,0.08962264150943396
WOOL 0.5 kg p. Shekel,1.0,-1.2620170151533046,0.09433962264150944
WOOL 0.5 kg p. Shekel,1.0,-1.2620170151533046,0.09905660377358491
WOOL 0.5 kg p. Shekel,1.0,-1.2620170151533046,0.10377358490566038
WOOL 0.5 kg p. Shekel,1.5,-0.9142906664588327,0.1792452830188679
WOOL 0.5 kg p. Shekel,1.0,-1.2620170151533046,0.10849056603773585
WOOL 0.5 kg p. Shekel,1.5,-0.9142906664588327,0.18396226415094338
WOOL 0.5 kg p. Shekel,2.33,-0.33706492762600937,0.41037735849056606
WOOL 0.5 kg p. Shekel,1.5,-0.9142906664588327,0.18867924528301888
WOOL 0.5 kg p. Shekel,1.5,-0.9142906664588327,0.19339622641509435
WOOL 0.5 kg p. Shekel,2.0,-0.5665643177643608,0.2971698113207547
WOOL 0.5 kg p. Shekel,2.0,-0.5665643177643608,0.3018867924528302
WOOL 0.5 kg p. Shekel,2.5,-0.21883796906988895,0.41509433962264153
WOOL 0.5 kg p. Shekel,3.0,0.12888837962458288,0.5330188679245284
WOOL 0.5 kg p. Shekel,4.0,0.8243410770135265,0.7075471698113207
WOOL 0.5 kg p. Shekel,3.0,0.12888837962458288,0.5377358490566038
WOOL 0.5 kg p. Shekel,3.0,0.12888837962458288,0.5424528301886793
WOOL 0.5 kg p. Shekel,3.0,0.12888837962458288,0.5471698113207547
WOOL 0.5 kg p. Shekel,3.0,0.12888837962458288,0.5518867924528302
WOOL 0.5 kg p. Shekel,3.0,0.12888837962458288,0.5566037735849056
WOOL 0.5 kg p. Shekel,5.0,1.5197937744024703,0.8962264150943396
WOOL 0.5 kg p. Shekel,5.0,1.5197937744024703,0.9009433962264151
WOOL 0.5 kg p. Shekel,4.0,0.8243410770135265,0.7122641509433962
WOOL 0.5 kg p. Shekel,3.0,0.12888837962458288,0.5613207547169812
WOOL 0.5 kg p. Shekel,3.5,0.47661472831905477,0.6415094339622641
WOOL 0.5 kg p. Shekel,3.5,0.47661472831905477,0.6462264150943396
WOOL 0.5 kg p. Shekel,4.0,0.8243410770135265,0.7169811320754716
WOOL 0.5 kg p. Shekel,3.5,0.47661472831905477,0.6509433962264151
WOOL 0.5 kg p. Shekel,0.5,-1.6097433638477763,0.0047169811320754715
WOOL 0.5 kg p. Shekel,1.0,-1.2620170151533046,0.11320754716981132
WOOL 0.5 kg p. Shekel,4.0,0.8243410770135265,0.7216981132075472
WOOL 0.5 kg p. Shekel,4.0,0.8243410770135265,0.7264150943396226
WOOL 0.5 kg p. Shekel,4.0,0.8243410770135265,0.7311320754716981
WOOL 0.5 kg p. Shekel,3.5,0.47661472831905477,0.6556603773584906
WOOL 0.5 kg p. Shekel,3.0,0.12888837962458288,0.5660377358490566
WOOL 0.5 kg p. Shekel,3.0,0.12888837962458288,0.5707547169811321
WOOL 0.5 kg p. Shekel,2.5,-0.21883796906988895,0.419811320754717
WOOL 0.5 kg p. Shekel,3.0,0.12888837962458288,0.5754716981132075
WOOL 0.5 kg p. Shekel,3.0,0.12888837962458288,0.5801886792452831
WOOL 0.5 kg p. Shekel,5.0,1.5197937744024703,0.9056603773584906
WOOL 0.5 kg p. Shekel,5.0,1.5197937744024703,0.910377358490566
WOOL 0.5 kg p. Shekel,5.0,1.5197937744024703,0.9150943396226415
WOOL 0.5 kg p. Shekel,4.0,0.8243410770135265,0.7358490566037735
WOOL 0.5 kg p. Shekel,5.0,1.5197937744024703,0.9198113207547169
WOOL 0.5 kg p. Shekel,3.5,0.47661472831905477,0.660377358490566
WOOL 0.5 kg p. Shekel,4.0,0.8243410770135265,0.7405660377358491
WOOL 0.5 kg p. Shekel,3.0,0.12888837962458288,0.5849056603773585
WOOL 0.5 kg p. Shekel,3.0,0.12888837962458288,0.589622641509434
WOOL 0.5 kg p. Shekel,3.0,0.12888837962458288,0.5943396226415094
WOOL 0.5 kg p. Shekel,2.5,-0.21883796906988895,0.42452830188679247
WOOL 0.5 kg p. Shekel,3.5,0.47661472831905477,0.6650943396226415
WOOL 0.5 kg p. Shekel,3.5,0.47661472831905477,0.6698113207547169
WOOL 0.5 kg p. Shekel,3.5,0.47661472831905477,0.6745283018867925
WOOL 0.5 kg p. Shekel,3.5,0.47661472831905477,0.6792452830188679
WOOL 0.5 kg p. Shekel,5.0,1.5197937744024703,0.9245283018867925
WOOL 0.5 kg p. Shekel,5.0,1.5197937744024703,0.9292452830188679
WOOL 0.5 kg p. Shekel,4.0,0.8243410770135265,0.7452830188679245
WOOL 0.5 kg p. Shekel,4.0,0.8243410770135265,0.75
WOOL 0.5 kg p. Shekel,4.0,0.8243410770135265,0.7547169811320755
WOOL 0.5 kg p. Shekel,3.5,0.47661472831905477,0.6839622641509434
WOOL 0.5 kg p. Shekel,4.0,0.8243410770135265,0.7594339622641509
WOOL 0.5 kg p. Shekel,3.5,0.47661472831905477,0.6886792452830188
WOOL 0.5 kg p. Shekel,3.5,0.47661472831905477,0.6933962264150944
WOOL 0.5 kg p. Shekel,4.0,0.8243410770135265,0.7641509433962265
WOOL 0.5 kg p. Shekel,4.0,0.8243410770135265,0.7688679245283019
WOOL 0.5 kg p. Shekel,4.0,0.8243410770135265,0.7735849056603774
WOOL 0.5 kg p. Shekel,4.0,0.8243410770135265,0.7783018867924528
WOOL 0.5 kg p. Shekel,4.0,0.8243410770135265,0.7830188679245284
WOOL 0.5 kg p. Shekel,4.0,0.8243410770135265,0.7877358490566038
WOOL 0.5 kg p. Shekel,4.0,0.8243410770135265,0.7924528301886793
WOOL 0.5 kg p. Shekel,4.0,0.8243410770135265,0.7971698113207547
WOOL 0.5 kg p. Shekel,4.0,0.8243410770135265,0.8018867924528302
WOOL 0.5 kg p. Shekel,3.0,0.12888837962458288,0.5990566037735849
WOOL 0.5 kg p. Shekel,3.0,0.12888837962458288,0.6037735849056604
WOOL 0.5 kg p. Shekel,5.0,1.5197937744024703,0.9339622641509434
WOOL 0.5 kg p. Shekel,5.0,1.5197937744024703,0.9386792452830188
WOOL 0.5 kg p. Shekel,4.0,0.8243410770135265,0.8066037735849056
WOOL 0.5 kg p. Shekel,4.0,0.8243410770135265,0.8113207547169812
WOOL 0.5 kg p. Shekel,4.0,0.8243410770135265,0.8160377358490566
WOOL 0.5 kg p. Shekel,3.5,0.47661472831905477,0.6981132075471698
WOOL 0.5 kg p. Shekel,4.0,0.8243410770135265,0.8207547169811321
WOOL 0.5 kg p. Shekel,2.5,-0.21883796906988895,0.42924528301886794
WOOL 0.5 kg p. Shekel,2.5,-0.21883796906988895,0.4339622641509434
WOOL 0.5 kg p. Shekel,2.5,-0.21883796906988895,0.4386792452830189
WOOL 0.5 kg p. Shekel,3.0,0.12888837962458288,0.6084905660377359
WOOL 0.5 kg p. Shekel,3.5,0.47661472831905477,0.7028301886792453
WOOL 0.5 kg p. Shekel,4.0,0.8243410770135265,0.8254716981132075
WOOL 0.5 kg p. Shekel,4.0,0.8243410770135265,0.8301886792452831
WOOL 0.5 kg p. Shekel,4.5,1.1720674257079984,0.8537735849056604
WOOL 0.5 kg p. Shekel,4.0,0.8243410770135265,0.8349056603773585
WOOL 0.5 kg p. Shekel,5.0,1.5197937744024703,0.9433962264150944
WOOL 0.5 kg p. Shekel,4.5,1.1720674257079984,0.8584905660377359
WOOL 0.5 kg p. Shekel,4.5,1.1720674257079984,0.8632075471698113
WOOL 0.5 kg p. Shekel,4.5,1.1720674257079984,0.8679245283018868
WOOL 0.5 kg p. Shekel,5.5,1.8675201230969423,0.9716981132075472
WOOL 0.5 kg p. Shekel,5.5,1.8675201230969423,0.9764150943396226
WOOL 0.5 kg p. Shekel,5.0,1.5197937744024703,0.9481132075471698
WOOL 0.5 kg p. Shekel,5.0,1.5197937744024703,0.9528301886792453
WOOL 0.5 kg p. Shekel,5.0,1.5197937744024703,0.9575471698113207
WOOL 0.5 kg p. Shekel,6.0,2.215246471791414,0.9905660377358491
WOOL 0.5 kg p. Shekel,6.0,2.215246471791414,0.9952830188679245
WOOL 0.5 kg p. Shekel,5.0,1.5197937744024703,0.9622641509433962
WOOL 0.5 kg p. Shekel,4.0,0.8243410770135265,0.839622641509434
WOOL 0.5 kg p. Shekel,4.0,0.8243410770135265,0.8443396226415094
WOOL 0.5 kg p. Shekel,5.0,1.5197937744024703,0.9669811320754716
WOOL 0.5 kg p. Shekel,3.0,0.12888837962458288,0.6132075471698113
WOOL 0.5 kg p. Shekel,2.5,-0.21883796906988895,0.44339622641509435
WOOL 0.5 kg p. Shekel,2.25,-0.39270114341712486,0.4009433962264151
WOOL 0.5 kg p. Shekel,2.0,-0.5665643177643608,0.30660377358490565
WOOL 0.5 kg p. Shekel,2.5,-0.21883796906988895,0.4481132075471698
WOOL 0.5 kg p. Shekel,2.5,-0.21883796906988895,0.4528301886792453
WOOL 0.5 kg p. Shekel,2.5,-0.21883796906988895,0.45754716981132076
WOOL 0.5 kg p. Shekel,2.5,-0.21883796906988895,0.46226415094339623
WOOL 0.5 kg p. Shekel,2.5,-0.21883796906988895,0.4669811320754717
WOOL 0.5 kg p. Shekel,2.25,-0.39270114341712486,0.4056603773584906
WOOL 0.5 kg p. Shekel,2.5,-0.21883796906988895,0.4716981132075472
WOOL 0.5 kg p. Shekel,2.5,-0.21883796906988895,0.47641509433962265
WOOL 0.5 kg p. Shekel,2.5,-0.21883796906988895,0.4811320754716981
WOOL 0.5 kg p. Shekel,2.5,-0.21883796906988895,0.4858490566037736
WOOL 0.5 kg p. Shekel,2.5,-0.21883796906988895,0.49056603773584906
WOOL 0.5 kg p. Shekel,2.5,-0.21883796906988895,0.49528301886792453
WOOL 0.5 kg p. Shekel,2.5,-0.21883796906988895,0.5
WOOL 0.5 kg p. Shekel,2.5,-0.21883796906988895,0.5047169811320755
WOOL 0.5 kg p. Shekel,3.0,0.12888837962458288,0.6179245283018868
WOOL 0.5 kg p. Shekel,3.0,0.12888837962458288,0.6226415094339622
WOOL 0.5 kg p. Shekel,3.0,0.12888837962458288,0.6273584905660378
WOOL 0.5 kg p. Shekel,3.0,0.12888837962458288,0.6320754716981132
WOOL 0.5 kg p. Shekel,2.5,-0.21883796906988895,0.5094339622641509
WOOL 0.5 kg p. Shekel,3.0,0.12888837962458288,0.6367924528301887
WOOL 0.5 kg p. Shekel,2.0,-0.5665643177643608,0.3113207547169811
WOOL 0.5 kg p. Shekel,2.0,-0.5665643177643608,0.3160377358490566
WOOL 0.5 kg p. Shekel,2.0,-0.5665643177643608,0.32075471698113206
WOOL 0.5 kg p. Shekel,2.5,-0.21883796906988895,0.5141509433962265
WOOL 0.5 kg p. Shekel,2.0,-0.5665643177643608,0.32547169811320753
WOOL 0.5 kg p. Shekel,2.0,-0.5665643177643608,0.330188679245283
WOOL 0.5 kg p. Shekel,2.0,-0.5665643177643608,0.33490566037735847
WOOL 0.5 kg p. Shekel,2.0,-0.5665643177643608,0.33962264150943394
WOOL 0.5 kg p. Shekel,2.0,-0.5665643177643608,0.3443396226415094
WOOL 0.5 kg p. Shekel,2.0,-0.5665643177643608,0.3490566037735849
WOOL 0.5 kg p. Shekel,2.0,-0.5665643177643608,0.35377358490566035
WOOL 0.5 kg p. Shekel,1.67,-0.7960637079027123,0.24056603773584906
WOOL 0.5 kg p. Shekel,1.75,-0.7404274921115968,0.24528301886792453
WOOL 0.5 kg p. Shekel,1.75,-0.7404274921115968,0.25
WOOL 0.5 kg p. Shekel,1.75,-0.7404274921115968,0.25471698113207547
WOOL 0.5 kg p. Shekel,1.0,-1.2620170151533046,0.1179245283018868
WOOL 0.5 kg p. Shekel,2.0,-0.5665643177643608,0.3584905660377358
WOOL 0.5 kg p. Shekel,2.5,-0.21883796906988895,0.5188679245283019
WOOL 0.5 kg p. Shekel,4.0,0.8243410770135265,0.8490566037735849
WOOL 0.5 kg p. Shekel,1.0,-1.2620170151533046,0.12264150943396226
WOOL 0.5 kg p. Shekel,0.67,-1.491516405291656,0.009433962264150943
WOOL 0.5 kg p. Shekel,1.5,-0.9142906664588327,0.19811320754716982
WOOL 0.5 kg p. Shekel,1.0,-1.2620170151533046,0.12735849056603774
WOOL 0.5 kg p. Shekel,1.0,-1.2620170151533046,0.1320754716981132
WOOL 0.5 kg p. Shekel,0.67,-1.491516405291656,0.014150943396226415
WOOL 0.5 kg p. Shekel,1.0,-1.2620170151533046,0.13679245283018868
WOOL 0.5 kg p. Shekel,1.0,-1.2620170151533046,0.14150943396226415
WOOL 0.5 kg p. Shekel,1.5,-0.9142906664588327,0.2028301886792453
WOOL 0.5 kg p. Shekel,2.0,-0.5665643177643608,0.3632075471698113
WOOL 0.5 kg p. Shekel,2.0,-0.5665643177643608,0.36792452830188677
WOOL 0.5 kg p. Shekel,1.5,-0.9142906664588327,0.20754716981132076
WOOL 0.5 kg p. Shekel,2.0,-0.5665643177643608,0.37264150943396224
WOOL 0.5 kg p. Shekel,2.0,-0.5665643177643608,0.37735849056603776
WOOL 0.5 kg p. Shekel,2.0,-0.5665643177643608,0.38207547169811323
WOOL 0.5 kg p. Shekel,2.0,-0.5665643177643608,0.3867924528301887
WOOL 0.5 kg p. Shekel,2.0,-0.5665643177643608,0.3915094339622642
WOOL 0.5 kg p. Shekel,2.0,-0.5665643177643608,0.39622641509433965
WOOL 0.5 kg p. Shekel,1.75,-0.7404274921115968,0.25943396226415094
WOOL 0.5 kg p. Shekel,1.5,-0.9142906664588327,0.21226415094339623
WOOL 0.5 kg p. Shekel,1.0,-1.2620170151533046,0.14622641509433962
WOOL 0.5 kg p. Shekel,1.25,-1.0881538408060687,0.17452830188679244
WOOL 0.5 kg p. Shekel,1.5,-0.9142906664588327,0.2169811320754717
WOOL 0.5 kg p. Shekel,1.5,-0.9142906664588327,0.22169811320754718
WOOL 0.5 kg p. Shekel,1.0,-1.2620170151533046,0.1509433962264151
WOOL 0.5 kg p. Shekel,1.5,-0.9142906664588327,0.22641509433962265
WOOL 0.5 kg p. Shekel,1.5,-0.9142906664588327,0.23113207547169812
WOOL 0.5 kg p. Shekel,1.5,-0.9142906664588327,0.2358490566037736
WOOL 0.5 kg p. Shekel,1.0,-1.2620170151533046,0.15566037735849056
WOOL 0.5 kg p. Shekel,1.0,-1.2620170151533046,0.16037735849056603
WOOL 0.5 kg p. Shekel,1.0,-1.2620170151533046,0.1650943396226415
WOOL 0.5 kg p. Shekel,0.67,-1.491516405291656,0.018867924528301886
WOOL 0.5 kg p. Shekel,0.67,-1.491516405291656,0.02358490566037736
WOOL 0.5 kg p. Shekel,0.67,-1.491516405291656,0.02830188679245283
WOOL 0.5 kg p. Shekel,0.67,-1.491516405291656,0.0330188679245283
WOOL 0.5 kg p. Shekel,1.0,-1.2620170151533046,0.16981132075471697
WOOL 0.5 kg p. Shekel,0.67,-1.491516405291656,0.03773584905660377
WOOL 0.5 kg p. Shekel,0.67,-1.491516405291656,0.04245283018867924
WOOL 0.5 kg p. Shekel,0.67,-1.491516405291656,0.04716981132075472
WOOL 0.5 kg p. Shekel,0.67,-1.491516405291656,0.05188679245283019
WOOL 0.5 kg p. Shekel,0.67,-1.491516405291656,0.05660377358490566
WOOL 0.5 kg p. Shekel,0.67,-1.491516405291656,0.06132075471698113
WOOL 0.5 kg p. Shekel,0.67,-1.491516405291656,0.0660377358490566
WOOL 0.5 kg p. Shekel,0.75,-1.4358801895005404,0.07075471698113207
