commodity,value,zscore,cdf
BARLEY,0.037037037037037035,0.7223411194589223,0.898
BARLEY,0.037037037037037035,0.7223411194589223,0.9
BARLEY,0.03333333333333333,0.5602959789807039,0.848
BARLEY,0.03125,0.4691455874617061,0.83
BARLEY,0.03125,0.4691455874617061,0.832
BARLEY,0.027777777777777776,0.31722826826337625,0.776
BARLEY,0.022727272727272728,0.0962576221567148,0.698
BARLEY,0.023809523809523808,0.14360847489385647,0.712
BARLEY,0.010416666666666666,-0.4423583277282727,0.366
BARLEY,0.010416666666666666,-0.4423583277282727,0.368
BARLEY,0.013888888888888888,-0.2904410085299429,0.49
BARLEY,0.01282051282051282,-0.3371847990525059,0.462
BARLEY,0.01904761904761905,-0.06473527714956712,0.62
BARLEY,0.01904761904761905,-0.06473527714956712,0.622
BARLEY,0.015873015873015872,-0.20363111184518304,0.548
BARLEY,0.015873015873015872,-0.20363111184518304,0.55
BARLEY,0.013888888888888888,-0.2904410085299429,0.492
BARLEY,0.013888888888888888,-0.2904410085299429,0.494
BARLEY,0.013888888888888888,-0.2904410085299429,0.496
BARLEY,0.013333333333333334,-0.3147477796016756,0.48
BARLEY,0.02564102564102564,0.22374068721825022,0.754
BARLEY,0.030303030303030304,0.4277135913167071,0.812
BARLEY,0.030303030303030304,0.4277135913167071,0.814
BARLEY,0.03508771929824561,0.6370542034177548,0.884
BARLEY,0.041666666666666664,0.9248975450566954,0.922
BARLEY,0.027777777777777776,0.31722826826337625,0.778
BARLEY,0.010101010101010102,-0.45616899310993897,0.35
BARLEY,0.016666666666666666,-0.16890715317127905,0.562
BARLEY,0.016666666666666666,-0.16890715317127905,0.564
BARLEY,0.015151515151515152,-0.2351983470032775,0.53
BARLEY,0.02564102564102564,0.22374068721825022,0.756
BARLEY,0.02564102564102564,0.22374068721825022,0.758
BARLEY,0.00980392156862745,-0.4691672664103309,0.32
BARLEY,0.00980392156862745,-0.4691672664103309,0.322
BARLEY,0.009259259259259259,-0.49299743412771596,0.284
BARLEY,0.008771929824561403,-0.5143191631380079,0.26
BARLEY,0.008771929824561403,-0.5143191631380079,0.262
BARLEY,0.008333333333333333,-0.5335087192472706,0.21
BARLEY,0.008547008547008548,-0.5241599611427579,0.254
BARLEY,0.008333333333333333,-0.5335087192472706,0.212
BARLEY,0.014492753623188406,-0.26402060519110293,0.518
BARLEY,0.007246376811594203,-0.5810654452571824,0.16
BARLEY,0.006944444444444444,-0.5942756469266025,0.148
BARLEY,0.006666666666666667,-0.6064290324624688,0.134
BARLEY,0.013888888888888888,-0.2904410085299429,0.498
BARLEY,0.0196078431372549,-0.04022424749739971,0.638
BARLEY,0.038461538461538464,0.7846661734890065,0.912
BARLEY,0.027777777777777776,0.31722826826337625,0.78
BARLEY,0.020833333333333332,0.013393629866716652,0.658
BARLEY,0.020833333333333332,0.013393629866716652,0.66
BARLEY,0.021739130434782608,0.05302423487497662,0.68
BARLEY,0.022727272727272728,0.0962576221567148,0.7
BARLEY,0.022988505747126436,0.10768713833464552,0.706
BARLEY,0.022222222222222223,0.07416055754604865,0.686
BARLEY,0.022988505747126436,0.10768713833464552,0.708
BARLEY,0.02564102564102564,0.22374068721825022,0.76
BARLEY,0.02702702702702703,0.2843812803286023,0.774
BARLEY,0.027777777777777776,0.31722826826337625,0.782
BARLEY,0.016666666666666666,-0.16890715317127905,0.566
BARLEY,0.018518518518518517,-0.08788458293216987,0.596
BARLEY,0.03333333333333333,0.5602959789807039,0.85
BARLEY,0.08333333333333333,2.7479053754366527,0.976
BARLEY,0.07692307692307693,2.467442632301275,0.972
BARLEY,0.08333333333333333,2.7479053754366527,0.978
BARLEY,0.08333333333333333,2.7479053754366527,0.98
BARLEY,0.07407407407407407,2.3427925242411067,0.968
BARLEY,0.08333333333333333,2.7479053754366527,0.982
BARLEY,0.13333333333333333,4.935514771892602,0.994
BARLEY,0.07407407407407407,2.3427925242411067,0.97
BARLEY,0.1111111111111111,3.963243929023291,0.986
BARLEY,0.1111111111111111,3.963243929023291,0.988
BARLEY,0.07142857142857142,2.2270459953280937,0.966
BARLEY,0.06896551724137931,2.1192819856504608,0.964
BARLEY,0.07692307692307693,2.467442632301275,0.974
BARLEY,0.017857142857142856,-0.11682121516042317,0.592
BARLEY,0.006666666666666667,-0.6064290324624688,0.136
BARLEY,0.004761904761904762,-0.6897665332798383,0.056
BARLEY,0.004761904761904762,-0.6897665332798383,0.058
BARLEY,0.004629629629629629,-0.695553859725489,0.044
BARLEY,0.004629629629629629,-0.695553859725489,0.046
BARLEY,0.0049504950495049506,-0.6815152955751482,0.07
BARLEY,0.005555555555555556,-0.6550425746059343,0.082
BARLEY,0.005555555555555556,-0.6550425746059343,0.084
BARLEY,0.005555555555555556,-0.6550425746059343,0.086
BARLEY,0.011111111111111112,-0.4119748638886067,0.4
BARLEY,0.00980392156862745,-0.4691672664103309,0.324
BARLEY,0.011111111111111112,-0.4119748638886067,0.402
BARLEY,0.011111111111111112,-0.4119748638886067,0.404
BARLEY,0.011363636363636364,-0.4009263315832736,0.43
BARLEY,0.011904761904761904,-0.3772509052147028,0.434
BARLEY,0.008333333333333333,-0.5335087192472706,0.214
BARLEY,0.008333333333333333,-0.5335087192472706,0.216
BARLEY,0.008333333333333333,-0.5335087192472706,0.218
BARLEY,0.005555555555555556,-0.6550425746059343,0.088
BARLEY,0.01282051282051282,-0.3371847990525059,0.464
BARLEY,0.03333333333333333,0.5602959789807039,0.852
BARLEY,0.013888888888888888,-0.2904410085299429,0.5
BARLEY,0.00641025641025641,-0.617647542187884,0.124
BARLEY,0.005050505050505051,-0.6771396392166005,0.072
BARLEY,0.005050505050505051,-0.6771396392166005,0.074
BARLEY,0.003787878787878788,-0.7323823007432659,0.018
BARLEY,0.003703703703703704,-0.7360651448450437,0.012
BARLEY,0.003703703703703704,-0.7360651448450437,0.014
BARLEY,0.010416666666666666,-0.4423583277282727,0.37
BARLEY,0.027777777777777776,0.31722826826337625,0.784
BARLEY,0.027777777777777776,0.31722826826337625,0.786
BARLEY,0.00980392156862745,-0.4691672664103309,0.326
BARLEY,0.010101010101010102,-0.45616899310993897,0.352
BARLEY,0.005952380952380952,-0.6376805952689825,0.11
BARLEY,0.011111111111111112,-0.4119748638886067,0.406
BARLEY,0.027777777777777776,0.31722826826337625,0.788
BARLEY,0.041666666666666664,0.9248975450566954,0.924
BARLEY,0.041666666666666664,0.9248975450566954,0.926
BARLEY,0.023809523809523808,0.14360847489385647,0.714
BARLEY,0.023809523809523808,0.14360847489385647,0.716
BARLEY,0.023809523809523808,0.14360847489385647,0.718
BARLEY,0.008333333333333333,-0.5335087192472706,0.22
BARLEY,0.009259259259259259,-0.49299743412771596,0.286
BARLEY,0.004166666666666667,-0.7158095022852663,0.026
BARLEY,0.004166666666666667,-0.7158095022852663,0.028
BARLEY,0.004219409282700422,-0.713501897436684,0.032
BARLEY,0.005555555555555556,-0.6550425746059343,0.09
BARLEY,0.005555555555555556,-0.6550425746059343,0.092
BARLEY,0.008771929824561403,-0.5143191631380079,0.264
BARLEY,0.009259259259259259,-0.49299743412771596,0.288
BARLEY,0.022222222222222223,0.07416055754604865,0.688
BARLEY,0.006666666666666667,-0.6064290324624688,0.138
BARLEY,0.007575757575757576,-0.5666543161632698,0.172
BARLEY,0.005050505050505051,-0.6771396392166005,0.076
BARLEY,0.004629629629629629,-0.695553859725489,0.048
BARLEY,0.0044444444444444444,-0.7036561167493999,0.034
BARLEY,0.004761904761904762,-0.6897665332798383,0.06
BARLEY,0.003875968992248062,-0.728528161566987,0.02
BARLEY,0.004901960784313725,-0.6836387758667964,0.066
BARLEY,0.0044444444444444444,-0.7036561167493999,0.036
BARLEY,0.027777777777777776,0.31722826826337625,0.79
BARLEY,0.020833333333333332,0.013393629866716652,0.662
BARLEY,0.022222222222222223,0.07416055754604865,0.69
BARLEY,0.008333333333333333,-0.5335087192472706,0.222
BARLEY,0.008333333333333333,-0.5335087192472706,0.224
BARLEY,0.007407407407407408,-0.5740200043668251,0.164
BARLEY,0.027777777777777776,0.31722826826337625,0.792
BARLEY,0.027777777777777776,0.31722826826337625,0.794
BARLEY,0.03333333333333333,0.5602959789807039,0.854
BARLEY,0.020833333333333332,0.013393629866716652,0.664
BARLEY,0.02564102564102564,0.22374068721825022,0.762
BARLEY,0.027777777777777776,0.31722826826337625,0.796
BARLEY,0.03333333333333333,0.5602959789807039,0.856
BARLEY,0.030303030303030304,0.4277135913167071,0.816
BARLEY,0.027777777777777776,0.31722826826337625,0.798
BARLEY,0.030303030303030304,0.4277135913167071,0.818
BARLEY,0.037037037037037035,0.7223411194589223,0.902
BARLEY,0.02564102564102564,0.22374068721825022,0.764
BARLEY,0.006060606060606061,-0.6329455099952682,0.122
BARLEY,0.005050505050505051,-0.6771396392166005,0.078
BARLEY,0.00980392156862745,-0.4691672664103309,0.328
BARLEY,0.00980392156862745,-0.4691672664103309,0.33
BARLEY,0.009259259259259259,-0.49299743412771596,0.29
BARLEY,0.008333333333333333,-0.5335087192472706,0.226
BARLEY,0.008333333333333333,-0.5335087192472706,0.228
BARLEY,0.007575757575757576,-0.5666543161632698,0.174
BARLEY,0.007407407407407408,-0.5740200043668251,0.166
BARLEY,0.013888888888888888,-0.2904410085299429,0.502
BARLEY,0.011904761904761904,-0.3772509052147028,0.436
BARLEY,0.008771929824561403,-0.5143191631380079,0.266
BARLEY,0.008771929824561403,-0.5143191631380079,0.268
BARLEY,0.009259259259259259,-0.49299743412771596,0.292
BARLEY,0.010416666666666666,-0.4423583277282727,0.372
BARLEY,0.010752688172043012,-0.4276566516768214,0.394
BARLEY,0.011111111111111112,-0.4119748638886067,0.408
BARLEY,0.007936507936507936,-0.5508706985842226,0.194
BARLEY,0.005555555555555556,-0.6550425746059343,0.094
BARLEY,0.005747126436781609,-0.6466609294087852,0.104
BARLEY,0.005952380952380952,-0.6376805952689825,0.112
BARLEY,0.020833333333333332,0.013393629866716652,0.666
BARLEY,0.011111111111111112,-0.4119748638886067,0.41
BARLEY,0.005952380952380952,-0.6376805952689825,0.114
BARLEY,0.006944444444444444,-0.5942756469266025,0.15
BARLEY,0.005747126436781609,-0.6466609294087852,0.106
BARLEY,0.004629629629629629,-0.695553859725489,0.05
BARLEY,0.00641025641025641,-0.617647542187884,0.126
BARLEY,0.0044444444444444444,-0.7036561167493999,0.038
BARLEY,0.0044444444444444444,-0.7036561167493999,0.04
BARLEY,0.0045045045045045045,-0.701028357714618,0.042
BARLEY,0.006944444444444444,-0.5942756469266025,0.152
BARLEY,0.006666666666666667,-0.6064290324624688,0.14
BARLEY,0.005747126436781609,-0.6466609294087852,0.108
BARLEY,0.013888888888888888,-0.2904410085299429,0.504
BARLEY,0.01282051282051282,-0.3371847990525059,0.466
BARLEY,0.011904761904761904,-0.3772509052147028,0.438
BARLEY,0.009259259259259259,-0.49299743412771596,0.294
BARLEY,0.018518518518518517,-0.08788458293216987,0.598
BARLEY,0.0196078431372549,-0.04022424749739971,0.64
BARLEY,0.01818181818181818,-0.10261595933928064,0.594
BARLEY,0.008333333333333333,-0.5335087192472706,0.23
BARLEY,0.008333333333333333,-0.5335087192472706,0.232
BARLEY,0.00980392156862745,-0.4691672664103309,0.332
BARLEY,0.008771929824561403,-0.5143191631380079,0.27
BARLEY,0.005555555555555556,-0.6550425746059343,0.096
BARLEY,0.003472222222222222,-0.7461929661249322,0.01
BARLEY,0.003703703703703704,-0.7360651448450437,0.016
BARLEY,0.002564102564102564,-0.7859251880691107,0.002
BARLEY,0.00641025641025641,-0.617647542187884,0.128
BARLEY,0.008333333333333333,-0.5335087192472706,0.234
BARLEY,0.011904761904761904,-0.3772509052147028,0.44
BARLEY,0.007575757575757576,-0.5666543161632698,0.176
BARLEY,0.009259259259259259,-0.49299743412771596,0.296
BARLEY,0.00980392156862745,-0.4691672664103309,0.334
BARLEY,0.010416666666666666,-0.4423583277282727,0.374
BARLEY,0.009259259259259259,-0.49299743412771596,0.298
BARLEY,0.007575757575757576,-0.5666543161632698,0.178
BARLEY,0.004629629629629629,-0.695553859725489,0.052
BARLEY,0.005952380952380952,-0.6376805952689825,0.116
BARLEY,0.004629629629629629,-0.695553859725489,0.054
BARLEY,0.005952380952380952,-0.6376805952689825,0.118
BARLEY,0.005555555555555556,-0.6550425746059343,0.098
BARLEY,0.007575757575757576,-0.5666543161632698,0.18
BARLEY,0.004166666666666667,-0.7158095022852663,0.03
BARLEY,0.013888888888888888,-0.2904410085299429,0.506
BARLEY,0.016666666666666666,-0.16890715317127905,0.568
BARLEY,0.011111111111111112,-0.4119748638886067,0.412
BARLEY,0.011904761904761904,-0.3772509052147028,0.442
BARLEY,0.01282051282051282,-0.3371847990525059,0.468
BARLEY,0.009259259259259259,-0.49299743412771596,0.3
BARLEY,0.010416666666666666,-0.4423583277282727,0.376
BARLEY,0.00980392156862745,-0.4691672664103309,0.336
BARLEY,0.010416666666666666,-0.4423583277282727,0.378
BARLEY,0.012345679012345678,-0.35795981706253394,0.45
BARLEY,0.01282051282051282,-0.3371847990525059,0.47
BARLEY,0.015625,-0.214482348930778,0.544
BARLEY,0.01639344262295082,-0.18086130287868857,0.56
BARLEY,0.011904761904761904,-0.3772509052147028,0.444
BARLEY,0.00641025641025641,-0.617647542187884,0.13
BARLEY,0.0040650406504065045,-0.7202558628471686,0.024
BARLEY,0.003968253968253968,-0.7244904919537423,0.022
BARLEY,0.004761904761904762,-0.6897665332798383,0.062
BARLEY,0.004901960784313725,-0.6836387758667964,0.068
BARLEY,0.002688172043010753,-0.7804968769116518,0.006
BARLEY,0.002824858757062147,-0.7745165341110615,0.008
BARLEY,0.002642007926023778,-0.7825166580336479,0.004
BARLEY,0.010416666666666666,-0.4423583277282727,0.38
BARLEY,0.014492753623188406,-0.26402060519110293,0.52
BARLEY,0.013888888888888888,-0.2904410085299429,0.508
BARLEY,0.01282051282051282,-0.3371847990525059,0.472
BARLEY,0.010752688172043012,-0.4276566516768214,0.396
BARLEY,0.011111111111111112,-0.4119748638886067,0.414
BARLEY,0.010416666666666666,-0.4423583277282727,0.382
BARLEY,0.006944444444444444,-0.5942756469266025,0.154
BARLEY,0.006944444444444444,-0.5942756469266025,0.156
BARLEY,0.007246376811594203,-0.5810654452571824,0.162
BARLEY,0.011111111111111112,-0.4119748638886067,0.416
BARLEY,0.01020408163265306,-0.4516593880873541,0.364
BARLEY,0.010416666666666666,-0.4423583277282727,0.384
BARLEY,0.011111111111111112,-0.4119748638886067,0.418
BARLEY,0.006666666666666667,-0.6064290324624688,0.142
BARLEY,0.006944444444444444,-0.5942756469266025,0.158
BARLEY,0.008771929824561403,-0.5143191631380079,0.272
BARLEY,0.007936507936507936,-0.5508706985842226,0.196
BARLEY,0.007575757575757576,-0.5666543161632698,0.182
BARLEY,0.007575757575757576,-0.5666543161632698,0.184
BARLEY,0.007936507936507936,-0.5508706985842226,0.198
BARLEY,0.008333333333333333,-0.5335087192472706,0.236
BARLEY,0.010416666666666666,-0.4423583277282727,0.386
BARLEY,0.019138755980861243,-0.060747836919071076,0.63
BARLEY,0.010101010101010102,-0.45616899310993897,0.354
BARLEY,0.010416666666666666,-0.4423583277282727,0.388
BARLEY,0.010752688172043012,-0.4276566516768214,0.398
BARLEY,0.015151515151515152,-0.2351983470032775,0.532
BARLEY,0.014492753623188406,-0.26402060519110293,0.522
BARLEY,0.015151515151515152,-0.2351983470032775,0.534
BARLEY,0.015151515151515152,-0.2351983470032775,0.536
BARLEY,0.011904761904761904,-0.3772509052147028,0.446
BARLEY,0.007407407407407408,-0.5740200043668251,0.168
BARLEY,0.007575757575757576,-0.5666543161632698,0.186
BARLEY,0.008771929824561403,-0.5143191631380079,0.274
BARLEY,0.006666666666666667,-0.6064290324624688,0.144
BARLEY,0.005555555555555556,-0.6550425746059343,0.1
BARLEY,0.006666666666666667,-0.6064290324624688,0.146
BARLEY,0.00641025641025641,-0.617647542187884,0.132
BARLEY,0.007575757575757576,-0.5666543161632698,0.188
BARLEY,0.005952380952380952,-0.6376805952689825,0.12
BARLEY,0.00980392156862745,-0.4691672664103309,0.338
BARLEY,0.009259259259259259,-0.49299743412771596,0.302
BARLEY,0.008547008547008548,-0.5241599611427579,0.256
BARLEY,0.008333333333333333,-0.5335087192472706,0.238
BARLEY,0.008333333333333333,-0.5335087192472706,0.24
BARLEY,0.00823045267489712,-0.5380099731494432,0.208
BARLEY,0.008130081300813009,-0.5424014403710752,0.202
BARLEY,0.008771929824561403,-0.5143191631380079,0.276
BARLEY,0.011904761904761904,-0.3772509052147028,0.448
BARLEY,0.012345679012345678,-0.35795981706253394,0.452
BARLEY,0.01282051282051282,-0.3371847990525059,0.474
BARLEY,0.013888888888888888,-0.2904410085299429,0.51
BARLEY,0.013333333333333334,-0.3147477796016756,0.482
BARLEY,0.015873015873015872,-0.20363111184518304,0.552
BARLEY,0.016666666666666666,-0.16890715317127905,0.57
BARLEY,0.018518518518518517,-0.08788458293216987,0.6
BARLEY,0.019230769230769232,-0.05672205591712777,0.632
BARLEY,0.0196078431372549,-0.04022424749739971,0.642
BARLEY,0.020833333333333332,0.013393629866716652,0.668
BARLEY,0.018518518518518517,-0.08788458293216987,0.602
BARLEY,0.018518518518518517,-0.08788458293216987,0.604
BARLEY,0.0196078431372549,-0.04022424749739971,0.644
BARLEY,0.0196078431372549,-0.04022424749739971,0.646
BARLEY,0.017543859649122806,-0.13052804095275367,0.586
BARLEY,0.018518518518518517,-0.08788458293216987,0.606
BARLEY,0.01904761904761905,-0.06473527714956712,0.624
BARLEY,0.010101010101010102,-0.45616899310993897,0.356
BARLEY,0.010101010101010102,-0.45616899310993897,0.358
BARLEY,0.010416666666666666,-0.4423583277282727,0.39
BARLEY,0.010101010101010102,-0.45616899310993897,0.36
BARLEY,0.00980392156862745,-0.4691672664103309,0.34
BARLEY,0.008333333333333333,-0.5335087192472706,0.242
BARLEY,0.008547008547008548,-0.5241599611427579,0.258
BARLEY,0.008771929824561403,-0.5143191631380079,0.278
BARLEY,0.009259259259259259,-0.49299743412771596,0.304
BARLEY,0.00980392156862745,-0.4691672664103309,0.342
BARLEY,0.010101010101010102,-0.45616899310993897,0.362
BARLEY,0.009259259259259259,-0.49299743412771596,0.306
BARLEY,0.007575757575757576,-0.5666543161632698,0.19
BARLEY,0.007751937984496124,-0.5589460378107118,0.192
BARLEY,0.008130081300813009,-0.5424014403710752,0.204
BARLEY,0.008130081300813009,-0.5424014403710752,0.206
BARLEY,0.007936507936507936,-0.5508706985842226,0.2
BARLEY,0.008333333333333333,-0.5335087192472706,0.244
BARLEY,0.009523809523809525,-0.4814227812364146,0.314
BARLEY,0.009523809523809525,-0.4814227812364146,0.316
BARLEY,0.008771929824561403,-0.5143191631380079,0.28
BARLEY,0.008333333333333333,-0.5335087192472706,0.246
BARLEY,0.010416666666666666,-0.4423583277282727,0.392
BARLEY,0.009259259259259259,-0.49299743412771596,0.308
BARLEY,0.008771929824561403,-0.5143191631380079,0.282
BARLEY,0.007407407407407408,-0.5740200043668251,0.17
BARLEY,0.008333333333333333,-0.5335087192472706,0.248
BARLEY,0.015873015873015872,-0.20363111184518304,0.554
BARLEY,0.05,1.289499111132687,0.946
BARLEY,0.044444444444444446,1.0464314004153594,0.936
BARLEY,0.041666666666666664,0.9248975450566954,0.928
BARLEY,0.03333333333333333,0.5602959789807039,0.858
BARLEY,0.03571428571428571,0.6644678550024157,0.888
BARLEY,0.03333333333333333,0.5602959789807039,0.86
BARLEY,0.05,1.289499111132687,0.948
BARLEY,0.03333333333333333,0.5602959789807039,0.862
BARLEY,0.03571428571428571,0.6644678550024157,0.89
BARLEY,0.03571428571428571,0.6644678550024157,0.892
BARLEY,0.03333333333333333,0.5602959789807039,0.864
BARLEY,0.016666666666666666,-0.16890715317127905,0.572
BARLEY,0.011494252873563218,-0.39521157349430824,0.432
BARLEY,0.017241379310344827,-0.14376221757983138,0.584
BARLEY,0.020833333333333332,0.013393629866716652,0.67
BARLEY,0.022222222222222223,0.07416055754604865,0.692
BARLEY,0.023809523809523808,0.14360847489385647,0.72
BARLEY,0.02564102564102564,0.22374068721825022,0.766
BARLEY,0.041666666666666664,0.9248975450566954,0.93
BARLEY,0.038461538461538464,0.7846661734890065,0.914
BARLEY,0.04878048780487805,1.236142784389859,0.94
BARLEY,0.05,1.289499111132687,0.95
BARLEY,0.04878048780487805,1.236142784389859,0.942
BARLEY,0.04878048780487805,1.236142784389859,0.944
BARLEY,0.05,1.289499111132687,0.952
BARLEY,0.05555555555555555,1.5325668218500146,0.956
BARLEY,0.06666666666666667,2.01870224328467,0.962
BARLEY,0.0625,1.8364014602466743,0.96
BARLEY,0.1111111111111111,3.963243929023291,0.99
BARLEY,0.1111111111111111,3.963243929023291,0.992
BARLEY,0.03333333333333333,0.5602959789807039,0.866
BARLEY,0.03636363636363636,0.6928783666447008,0.896
BARLEY,0.031746031746031744,0.49084806163289596,0.838
BARLEY,0.013333333333333334,-0.3147477796016756,0.484
BARLEY,0.013888888888888888,-0.2904410085299429,0.512
BARLEY,0.015873015873015872,-0.20363111184518304,0.556
BARLEY,0.017543859649122806,-0.13052804095275367,0.588
BARLEY,0.0196078431372549,-0.04022424749739971,0.648
BARLEY,0.011111111111111112,-0.4119748638886067,0.42
BARLEY,0.022222222222222223,0.07416055754604865,0.694
BARLEY,0.03125,0.4691455874617061,0.834
BARLEY,0.027777777777777776,0.31722826826337625,0.8
BARLEY,0.027777777777777776,0.31722826826337625,0.802
BARLEY,0.025,0.1956944129047125,0.732
BARLEY,0.023809523809523808,0.14360847489385647,0.722
BARLEY,0.025,0.1956944129047125,0.734
BARLEY,0.023809523809523808,0.14360847489385647,0.724
BARLEY,0.023255813953488372,0.11938245721438864,0.71
BARLEY,0.03333333333333333,0.5602959789807039,0.868
BARLEY,0.037037037037037035,0.7223411194589223,0.904
BARLEY,0.03773584905660377,0.7529156742661334,0.91
BARLEY,0.041666666666666664,0.9248975450566954,0.932
BARLEY,0.037037037037037035,0.7223411194589223,0.906
BARLEY,0.03333333333333333,0.5602959789807039,0.87
BARLEY,0.03571428571428571,0.6644678550024157,0.894
BARLEY,0.023809523809523808,0.14360847489385647,0.726
BARLEY,0.022727272727272728,0.0962576221567148,0.702
BARLEY,0.02564102564102564,0.22374068721825022,0.768
BARLEY,0.022222222222222223,0.07416055754604865,0.696
BARLEY,0.020833333333333332,0.013393629866716652,0.672
BARLEY,0.018518518518518517,-0.08788458293216987,0.608
BARLEY,0.017699115044247787,-0.12373527772823587,0.59
BARLEY,0.016666666666666666,-0.16890715317127905,0.574
BARLEY,0.016129032258064516,-0.1924298348536011,0.558
BARLEY,0.004761904761904762,-0.6897665332798383,0.064
BARLEY,0.005050505050505051,-0.6771396392166005,0.08
BARLEY,0.005555555555555556,-0.6550425746059343,0.102
BARLEY,0.0125,-0.35120793620927476,0.46
BARLEY,0.008333333333333333,-0.5335087192472706,0.25
BARLEY,0.00980392156862745,-0.4691672664103309,0.344
BARLEY,0.013888888888888888,-0.2904410085299429,0.514
BARLEY,0.016666666666666666,-0.16890715317127905,0.576
BARLEY,0.018518518518518517,-0.08788458293216987,0.61
BARLEY,0.0196078431372549,-0.04022424749739971,0.65
BARLEY,0.037037037037037035,0.7223411194589223,0.908
BARLEY,0.03333333333333333,0.5602959789807039,0.872
BARLEY,0.030303030303030304,0.4277135913167071,0.82
BARLEY,0.027777777777777776,0.31722826826337625,0.804
BARLEY,0.025,0.1956944129047125,0.736
BARLEY,0.025,0.1956944129047125,0.738
BARLEY,0.020833333333333332,0.013393629866716652,0.674
BARLEY,0.019230769230769232,-0.05672205591712777,0.634
BARLEY,0.018518518518518517,-0.08788458293216987,0.612
BARLEY,0.016666666666666666,-0.16890715317127905,0.578
BARLEY,0.016666666666666666,-0.16890715317127905,0.58
BARLEY,0.013888888888888888,-0.2904410085299429,0.516
BARLEY,0.013333333333333334,-0.3147477796016756,0.486
BARLEY,0.012987012987012988,-0.329900052477561,0.476
BARLEY,0.012345679012345678,-0.35795981706253394,0.454
BARLEY,0.012987012987012988,-0.329900052477561,0.478
BARLEY,0.012345679012345678,-0.35795981706253394,0.456
BARLEY,0.013333333333333334,-0.3147477796016756,0.488
BARLEY,0.008333333333333333,-0.5335087192472706,0.252
BARLEY,0.030303030303030304,0.4277135913167071,0.822
BARLEY,0.03333333333333333,0.5602959789807039,0.874
BARLEY,0.03508771929824561,0.6370542034177548,0.886
BARLEY,0.022727272727272728,0.0962576221567148,0.704
BARLEY,0.03007518796992481,0.4177449907404666,0.81
BARLEY,0.030303030303030304,0.4277135913167071,0.824
BARLEY,0.015151515151515152,-0.2351983470032775,0.538
BARLEY,0.018518518518518517,-0.08788458293216987,0.614
BARLEY,0.01904761904761905,-0.06473527714956712,0.626
BARLEY,0.009708737864077669,-0.4733317617395827,0.318
BARLEY,0.009259259259259259,-0.49299743412771596,0.31
BARLEY,0.00980392156862745,-0.4691672664103309,0.346
BARLEY,0.00980392156862745,-0.4691672664103309,0.348
BARLEY,0.009259259259259259,-0.49299743412771596,0.312
BARLEY,0.011111111111111112,-0.4119748638886067,0.422
BARLEY,0.011111111111111112,-0.4119748638886067,0.424
BARLEY,0.011111111111111112,-0.4119748638886067,0.426
BARLEY,0.011111111111111112,-0.4119748638886067,0.428
BARLEY,0.014814814814814815,-0.24992972341038824,0.524
BARLEY,0.018518518518518517,-0.08788458293216987,0.616
BARLEY,0.019230769230769232,-0.05672205591712777,0.636
BARLEY,0.02,-0.02306652674088243,0.652
BARLEY,0.01904761904761905,-0.06473527714956712,0.628
BARLEY,0.018518518518518517,-0.08788458293216987,0.618
BARLEY,0.016666666666666666,-0.16890715317127905,0.582
BARLEY,0.015384615384615385,-0.22499970179835463,0.542
BARLEY,0.044444444444444446,1.0464314004153594,0.938
BARLEY,0.041666666666666664,0.9248975450566954,0.934
BARLEY,0.038834951456310676,0.8010038090114555,0.916
BARLEY,0.04,0.8519772318414972,0.92
BARLEY,0.038834951456310676,0.8010038090114555,0.918
BARLEY,0.025,0.1956944129047125,0.74
BARLEY,0.030534351145038167,0.43783438426815713,0.826
BARLEY,0.029304029304029304,0.38400511186703773,0.808
BARLEY,0.027777777777777776,0.31722826826337625,0.806
BARLEY,0.020833333333333332,0.013393629866716652,0.676
BARLEY,0.02,-0.02306652674088243,0.654
BARLEY,0.01568627450980392,-0.21180145506257217,0.546
BARLEY,0.014814814814814815,-0.24992972341038824,0.526
BARLEY,0.014814814814814815,-0.24992972341038824,0.528
BARLEY,0.015151515151515152,-0.2351983470032775,0.54
BARLEY,0.034482758620689655,0.6105858501635993,0.88
BARLEY,0.03333333333333333,0.5602959789807039,0.876
BARLEY,0.031746031746031744,0.49084806163289596,0.84
BARLEY,0.03333333333333333,0.5602959789807039,0.878
BARLEY,0.034782608695652174,0.6237049469939199,0.882
BARLEY,0.15384615384615385,5.832995549925812,0.996
BARLEY,0.16666666666666666,6.393921036196567,0.998
BARLEY,0.2857142857142857,11.60251483728216,1.0
BARLEY,0.08333333333333333,2.7479053754366527,0.984
BARLEY,0.05555555555555555,1.5325668218500146,0.958
BARLEY,0.05263157894736842,1.4046364477882631,0.954
BARLEY,0.032,0.5019597284085453,0.842
BARLEY,0.03125,0.4691455874617061,0.836
BARLEY,0.03225806451612903,0.5132506156160599,0.846
BARLEY,0.023809523809523808,0.14360847489385647,0.728
BARLEY,0.025,0.1956944129047125,0.742
BARLEY,0.021739130434782608,0.05302423487497662,0.682
BARLEY,0.025,0.1956944129047125,0.744
BARLEY,0.023809523809523808,0.14360847489385647,0.73
BARLEY,0.021739130434782608,0.05302423487497662,0.684
BARLEY,0.020833333333333332,0.013393629866716652,0.678
BARLEY,0.025,0.1956944129047125,0.746
BARLEY,0.026402640264026403,0.2570629933333447,0.772
BARLEY,0.025,0.1956944129047125,0.748
BARLEY,0.02572347266881029,0.22734792507208149,0.77
BARLEY,0.025,0.1956944129047125,0.75
BARLEY,0.025,0.1956944129047125,0.752
BARLEY,0.02072538860103627,0.008670811653297156,0.656
BARLEY,0.012345679012345678,-0.35795981706253394,0.458
BARLEY,0.03076923076923077,0.4481108817265528,0.828
BARLEY,0.032,0.5019597284085453,0.844
DATES,0.017543859649122806,0.4165809398393398,0.7523364485981309
DATES,0.011494252873563218,-0.12643158286431735,0.5490654205607477
DATES,0.011494252873563218,-0.12643158286431735,0.5514018691588785
DATES,0.010416666666666666,-0.22315568847090633,0.4929906542056075
DATES,0.009523809523809525,-0.30329851883065134,0.4649532710280374
DATES,0.009523809523809525,-0.30329851883065134,0.4672897196261682
DATES,0.008771929824561403,-0.37078721808096315,0.42990654205607476
DATES,0.011111111111111112,-0.16082237596888227,0.5210280373831776
DATES,0.013333333333333334,0.03864422403759453,0.616822429906542
DATES,0.013333333333333334,0.03864422403759453,0.6191588785046729
DATES,0.016666666666666666,0.33784412404730957,0.7126168224299065
DATES,0.015151515151515152,0.2018441694974391,0.6705607476635514
DATES,0.016666666666666666,0.33784412404730957,0.7149532710280374
DATES,0.011904761904761904,-0.0895843045379978,0.5677570093457944
DATES,0.016666666666666666,0.33784412404730957,0.7172897196261683
DATES,0.016666666666666666,0.33784412404730957,0.719626168224299
DATES,0.015873015873015872,0.26660605261642495,0.6985981308411215
DATES,0.015151515151515152,0.2018441694974391,0.6728971962616822
DATES,0.015151515151515152,0.2018441694974391,0.6752336448598131
DATES,0.018518518518518517,0.5040662907193735,0.7686915887850467
DATES,0.01282051282051282,-0.00738652981005407,0.602803738317757
DATES,0.01282051282051282,-0.00738652981005407,0.6051401869158879
DATES,0.01282051282051282,-0.00738652981005407,0.6074766355140186
DATES,0.01282051282051282,-0.00738652981005407,0.6098130841121495
DATES,0.012345679012345678,-0.05000759818750639,0.5864485981308412
DATES,0.016666666666666666,0.33784412404730957,0.7219626168224299
DATES,0.016666666666666666,0.33784412404730957,0.7242990654205608
DATES,0.016666666666666666,0.33784412404730957,0.7266355140186916
DATES,0.015151515151515152,0.2018441694974391,0.677570093457944
DATES,0.015873015873015872,0.26660605261642495,0.7009345794392523
DATES,0.006666666666666667,-0.5597555759818358,0.34813084112149534
DATES,0.006944444444444444,-0.5348222509810262,0.3691588785046729
DATES,0.006944444444444444,-0.5348222509810262,0.37149532710280375
DATES,0.006666666666666667,-0.5597555759818358,0.35046728971962615
DATES,0.006944444444444444,-0.5348222509810262,0.37383177570093457
DATES,0.007751937984496124,-0.4623416550484402,0.39485981308411217
DATES,0.007246376811594203,-0.5077208107627549,0.38317757009345793
DATES,0.0033333333333333335,-0.8589554759915509,0.13551401869158877
DATES,0.0033333333333333335,-0.8589554759915509,0.1378504672897196
DATES,0.004016064257028112,-0.7976735687606454,0.22429906542056074
DATES,0.003787878787878788,-0.8181554896265898,0.20093457943925233
DATES,0.003875968992248062,-0.8102485155248531,0.2102803738317757
DATES,0.005952380952380952,-0.623869840269632,0.3107476635514019
DATES,0.005952380952380952,-0.623869840269632,0.3130841121495327
DATES,0.015873015873015872,0.26660605261642495,0.7032710280373832
DATES,0.0196078431372549,0.6018440358205877,0.8014018691588785
DATES,0.01282051282051282,-0.00738652981005407,0.6121495327102804
DATES,0.018518518518518517,0.5040662907193735,0.7710280373831776
DATES,0.012345679012345678,-0.05000759818750639,0.5887850467289719
DATES,0.011764705882352941,-0.10215572890815386,0.5654205607476636
DATES,0.023809523809523808,0.9789867669252704,0.8855140186915887
DATES,0.027777777777777776,1.3351771240796932,0.9228971962616822
DATES,0.023809523809523808,0.9789867669252704,0.8878504672897196
DATES,0.02564102564102564,1.1433823163811578,0.9135514018691588
DATES,0.02564102564102564,1.1433823163811578,0.9158878504672897
DATES,0.02564102564102564,1.1433823163811578,0.9182242990654206
DATES,0.041666666666666664,2.5818433741201727,0.9672897196261683
DATES,0.037037037037037035,2.1662879574400127,0.9602803738317757
DATES,0.03508771929824561,1.9913172556799454,0.9579439252336449
DATES,0.041666666666666664,2.5818433741201727,0.969626168224299
DATES,0.041666666666666664,2.5818433741201727,0.9719626168224299
DATES,0.044444444444444446,2.831176624128269,0.9766355140186916
DATES,0.045454545454545456,2.921843260494849,0.9789719626168224
DATES,0.05128205128205128,3.4449200087635816,0.9836448598130841
DATES,0.041666666666666664,2.5818433741201727,0.9742990654205608
DATES,0.045454545454545456,2.921843260494849,0.9813084112149533
DATES,0.038461538461538464,2.29415116257237,0.9626168224299065
DATES,0.05555555555555555,3.8285096241606524,0.9883177570093458
DATES,0.06666666666666667,4.825842624193037,0.9953271028037384
DATES,0.07692307692307693,5.7464577011460065,0.9976635514018691
DATES,0.058823529411764705,4.121842859464295,0.9906542056074766
DATES,0.07692307692307693,5.7464577011460065,1.0
DATES,0.058823529411764705,4.121842859464295,0.9929906542056075
DATES,0.016666666666666666,0.33784412404730957,0.7289719626168224
DATES,0.013888888888888888,0.08851087403921357,0.6261682242990654
DATES,0.007936507936507936,-0.4457746616924206,0.397196261682243
DATES,0.008333333333333333,-0.41015562597697824,0.4088785046728972
DATES,0.011904761904761904,-0.0895843045379978,0.5700934579439252
DATES,0.01282051282051282,-0.00738652981005407,0.6144859813084113
DATES,0.007936507936507936,-0.4457746616924206,0.39953271028037385
DATES,0.012345679012345678,-0.05000759818750639,0.5911214953271028
DATES,0.010416666666666666,-0.22315568847090633,0.4953271028037383
DATES,0.009259259259259259,-0.3270445426409463,0.441588785046729
DATES,0.013888888888888888,0.08851087403921357,0.6285046728971962
DATES,0.013888888888888888,0.08851087403921357,0.6308411214953271
DATES,0.013888888888888888,0.08851087403921357,0.633177570093458
DATES,0.010101010101010102,-0.25148901233546256,0.48130841121495327
DATES,0.011494252873563218,-0.12643158286431735,0.5537383177570093
DATES,0.008333333333333333,-0.41015562597697824,0.411214953271028
DATES,0.009259259259259259,-0.3270445426409463,0.4439252336448598
DATES,0.008333333333333333,-0.41015562597697824,0.4135514018691589
DATES,0.013888888888888888,0.08851087403921357,0.6355140186915887
DATES,0.016666666666666666,0.33784412404730957,0.7313084112149533
DATES,0.013888888888888888,0.08851087403921357,0.6378504672897196
DATES,0.011111111111111112,-0.16082237596888227,0.5233644859813084
DATES,0.013888888888888888,0.08851087403921357,0.6401869158878505
DATES,0.013888888888888888,0.08851087403921357,0.6425233644859814
DATES,0.022222222222222223,0.8365106240635015,0.8621495327102804
DATES,0.012345679012345678,-0.05000759818750639,0.5934579439252337
DATES,0.006666666666666667,-0.5597555759818358,0.352803738317757
DATES,0.008771929824561403,-0.37078721808096315,0.4322429906542056
DATES,0.01904761904761905,0.5515583383399634,0.780373831775701
DATES,0.011904761904761904,-0.0895843045379978,0.572429906542056
DATES,0.008064516129032258,-0.4342846501713101,0.40654205607476634
DATES,0.0196078431372549,0.6018440358205877,0.8037383177570093
DATES,0.0196078431372549,0.6018440358205877,0.8060747663551402
DATES,0.0196078431372549,0.6018440358205877,0.8084112149532711
DATES,0.022222222222222223,0.8365106240635015,0.8644859813084113
DATES,0.022222222222222223,0.8365106240635015,0.866822429906542
DATES,0.022222222222222223,0.8365106240635015,0.8691588785046729
DATES,0.016666666666666666,0.33784412404730957,0.7336448598130841
DATES,0.013888888888888888,0.08851087403921357,0.6448598130841121
DATES,0.016666666666666666,0.33784412404730957,0.735981308411215
DATES,0.009259259259259259,-0.3270445426409463,0.4462616822429907
DATES,0.008333333333333333,-0.41015562597697824,0.4158878504672897
DATES,0.009523809523809525,-0.30329851883065134,0.4696261682242991
DATES,0.008333333333333333,-0.41015562597697824,0.4182242990654206
DATES,0.007407407407407408,-0.4932667093130102,0.3878504672897196
DATES,0.008771929824561403,-0.37078721808096315,0.43457943925233644
DATES,0.007936507936507936,-0.4457746616924206,0.40186915887850466
DATES,0.008333333333333333,-0.41015562597697824,0.4205607476635514
DATES,0.007407407407407408,-0.4932667093130102,0.3901869158878505
DATES,0.007407407407407408,-0.4932667093130102,0.3925233644859813
DATES,0.014492753623188406,0.14271375447575627,0.6658878504672897
DATES,0.013888888888888888,0.08851087403921357,0.647196261682243
DATES,0.013888888888888888,0.08851087403921357,0.6495327102803738
DATES,0.015873015873015872,0.26660605261642495,0.705607476635514
DATES,0.027777777777777776,1.3351771240796932,0.9252336448598131
DATES,0.027777777777777776,1.3351771240796932,0.927570093457944
DATES,0.027777777777777776,1.3351771240796932,0.9299065420560748
DATES,0.009259259259259259,-0.3270445426409463,0.4485981308411215
DATES,0.009259259259259259,-0.3270445426409463,0.45093457943925236
DATES,0.010416666666666666,-0.22315568847090633,0.4976635514018692
DATES,0.010416666666666666,-0.22315568847090633,0.5
DATES,0.010416666666666666,-0.22315568847090633,0.5023364485981309
DATES,0.008333333333333333,-0.41015562597697824,0.42289719626168226
DATES,0.00980392156862745,-0.27815567009033926,0.4742990654205608
DATES,0.009259259259259259,-0.3270445426409463,0.4532710280373832
DATES,0.00641025641025641,-0.5827709529056601,0.3364485981308411
DATES,0.007936507936507936,-0.4457746616924206,0.40420560747663553
DATES,0.009259259259259259,-0.3270445426409463,0.45560747663551404
DATES,0.00641025641025641,-0.5827709529056601,0.338785046728972
DATES,0.002777777777777778,-0.9088221259931701,0.05841121495327103
DATES,0.004166666666666667,-0.7841555009891221,0.22897196261682243
DATES,0.004761904761904762,-0.7307269474159587,0.25
DATES,0.005050505050505051,-0.7048221941683644,0.26401869158878505
DATES,0.00411522633744856,-0.7887727833966794,0.2266355140186916
DATES,0.003703703703703704,-0.8257110426571381,0.18691588785046728
DATES,0.003703703703703704,-0.8257110426571381,0.18925233644859812
DATES,0.0033333333333333335,-0.8589554759915509,0.14018691588785046
DATES,0.005050505050505051,-0.7048221941683644,0.26635514018691586
DATES,0.004901960784313725,-0.7181555230458027,0.2570093457943925
DATES,0.005555555555555556,-0.6594888759850742,0.2827102803738318
DATES,0.010416666666666666,-0.22315568847090633,0.5046728971962616
DATES,0.007246376811594203,-0.5077208107627549,0.3855140186915888
DATES,0.006944444444444444,-0.5348222509810262,0.37616822429906543
DATES,0.005555555555555556,-0.6594888759850742,0.2850467289719626
DATES,0.006666666666666667,-0.5597555759818358,0.35514018691588783
DATES,0.006666666666666667,-0.5597555759818358,0.3574766355140187
DATES,0.006666666666666667,-0.5597555759818358,0.3598130841121495
DATES,0.0017543859649122807,-1.0006817444172054,0.004672897196261682
DATES,0.002777777777777778,-0.9088221259931701,0.06074766355140187
DATES,0.002777777777777778,-0.9088221259931701,0.0630841121495327
DATES,0.0030303030303030303,-0.886155466901525,0.08878504672897196
DATES,0.006172839506172839,-0.6040814870943862,0.32242990654205606
DATES,0.006666666666666667,-0.5597555759818358,0.3621495327102804
DATES,0.009259259259259259,-0.3270445426409463,0.45794392523364486
DATES,0.004629629629629629,-0.7425999593211062,0.24766355140186916
DATES,0.0030864197530864196,-0.8811184315478262,0.10747663551401869
DATES,0.002777777777777778,-0.9088221259931701,0.06542056074766354
DATES,0.002777777777777778,-0.9088221259931701,0.06775700934579439
DATES,0.002777777777777778,-0.9088221259931701,0.07009345794392523
DATES,0.0026455026455026454,-0.9206951378983176,0.0514018691588785
DATES,0.0030303030303030303,-0.886155466901525,0.0911214953271028
DATES,0.0025252525252525255,-0.9314887850848151,0.04672897196261682
DATES,0.005555555555555556,-0.6594888759850742,0.28738317757009346
DATES,0.00641025641025641,-0.5827709529056601,0.3411214953271028
DATES,0.00641025641025641,-0.5827709529056601,0.34345794392523366
DATES,0.006666666666666667,-0.5597555759818358,0.3644859813084112
DATES,0.006944444444444444,-0.5348222509810262,0.37850467289719625
DATES,0.006944444444444444,-0.5348222509810262,0.3808411214953271
DATES,0.005555555555555556,-0.6594888759850742,0.2897196261682243
DATES,0.006172839506172839,-0.6040814870943862,0.3247663551401869
DATES,0.005952380952380952,-0.623869840269632,0.31542056074766356
DATES,0.005555555555555556,-0.6594888759850742,0.29205607476635514
DATES,0.0033333333333333335,-0.8589554759915509,0.1425233644859813
DATES,0.0030303030303030303,-0.886155466901525,0.09345794392523364
DATES,0.003703703703703704,-0.8257110426571381,0.19158878504672897
DATES,0.0030303030303030303,-0.886155466901525,0.09579439252336448
DATES,0.0030303030303030303,-0.886155466901525,0.09813084112149532
DATES,0.002777777777777778,-0.9088221259931701,0.07242990654205607
DATES,0.0026455026455026454,-0.9206951378983176,0.053738317757009345
DATES,0.0023148148148148147,-0.9503776676611861,0.02102803738317757
DATES,0.002380952380952381,-0.9444411617086124,0.03271028037383177
DATES,0.002380952380952381,-0.9444411617086124,0.035046728971962614
DATES,0.0015015015015015015,-1.0233806462671602,0.002336448598130841
DATES,0.002380952380952381,-0.9444411617086124,0.037383177570093455
DATES,0.004761904761904762,-0.7307269474159587,0.2523364485981308
DATES,0.006172839506172839,-0.6040814870943862,0.32710280373831774
DATES,0.006666666666666667,-0.5597555759818358,0.36682242990654207
DATES,0.003205128205128205,-0.8704631644534631,0.12149532710280374
DATES,0.003205128205128205,-0.8704631644534631,0.12383177570093458
DATES,0.0032679738562091504,-0.8648221406976238,0.12850467289719625
DATES,0.003472222222222222,-0.8464888134911461,0.1705607476635514
DATES,0.003401360544217687,-0.8528493555831894,0.1658878504672897
DATES,0.0033333333333333335,-0.8589554759915509,0.14485981308411214
DATES,0.0032679738562091504,-0.8648221406976238,0.1308411214953271
DATES,0.003401360544217687,-0.8528493555831894,0.16822429906542055
DATES,0.013888888888888888,0.08851087403921357,0.6518691588785047
DATES,0.010416666666666666,-0.22315568847090633,0.5070093457943925
DATES,0.008333333333333333,-0.41015562597697824,0.4252336448598131
DATES,0.005128205128205128,-0.6978478375247813,0.26869158878504673
DATES,0.0020833333333333333,-0.9711554384951941,0.009345794392523364
DATES,0.002777777777777778,-0.9088221259931701,0.07476635514018691
DATES,0.00273224043715847,-0.9129095563211718,0.056074766355140186
DATES,0.002777777777777778,-0.9088221259931701,0.07710280373831775
DATES,0.011111111111111112,-0.16082237596888227,0.5257009345794392
DATES,0.011111111111111112,-0.16082237596888227,0.5280373831775701
DATES,0.003968253968253968,-0.8019650188468433,0.21261682242990654
DATES,0.003676470588235294,-0.8281554862846686,0.18457943925233644
DATES,0.003115264797507788,-0.8785293012258314,0.11682242990654206
DATES,0.0033333333333333335,-0.8589554759915509,0.14719626168224298
DATES,0.004166666666666667,-0.7841555009891221,0.23130841121495327
DATES,0.002136752136752137,-0.9663605683027306,0.011682242990654205
DATES,0.0025252525252525255,-0.9314887850848151,0.04906542056074766
DATES,0.0022222222222222222,-0.9586887759947893,0.016355140186915886
DATES,0.0023148148148148147,-0.9503776676611861,0.02336448598130841
DATES,0.001984126984126984,-0.9800601974240547,0.007009345794392523
DATES,0.0023148148148148147,-0.9503776676611861,0.02570093457943925
DATES,0.0023148148148148147,-0.9503776676611861,0.028037383177570093
DATES,0.002136752136752137,-0.9663605683027306,0.014018691588785047
DATES,0.0022222222222222222,-0.9586887759947893,0.018691588785046728
DATES,0.002976190476190476,-0.891012608135449,0.08644859813084112
DATES,0.0033333333333333335,-0.8589554759915509,0.14953271028037382
DATES,0.0033333333333333335,-0.8589554759915509,0.15186915887850466
DATES,0.002777777777777778,-0.9088221259931701,0.0794392523364486
DATES,0.0029239766081871343,-0.8956993233611651,0.08177570093457943
DATES,0.0030303030303030303,-0.886155466901525,0.10046728971962617
DATES,0.003205128205128205,-0.8704631644534631,0.1261682242990654
DATES,0.0033333333333333335,-0.8589554759915509,0.1542056074766355
DATES,0.004761904761904762,-0.7307269474159587,0.2546728971962617
DATES,0.003472222222222222,-0.8464888134911461,0.17289719626168223
DATES,0.0033333333333333335,-0.8589554759915509,0.15654205607476634
DATES,0.003968253968253968,-0.8019650188468433,0.21495327102803738
DATES,0.0033333333333333335,-0.8589554759915509,0.1588785046728972
DATES,0.0024691358024691358,-0.9365258204385142,0.04439252336448598
DATES,0.0024330900243309003,-0.9397612884029338,0.04205607476635514
DATES,0.002380952380952381,-0.9444411617086124,0.0397196261682243
DATES,0.002364066193853428,-0.945956865356078,0.030373831775700934
DATES,0.0029239766081871343,-0.8956993233611651,0.08411214953271028
DATES,0.0030864197530864196,-0.8811184315478262,0.10981308411214953
DATES,0.003472222222222222,-0.8464888134911461,0.17523364485981308
DATES,0.003703703703703704,-0.8257110426571381,0.1939252336448598
DATES,0.003968253968253968,-0.8019650188468433,0.21728971962616822
DATES,0.0038314176245210726,-0.8142474449556165,0.20327102803738317
DATES,0.0038314176245210726,-0.8142474449556165,0.205607476635514
DATES,0.003968253968253968,-0.8019650188468433,0.21962616822429906
DATES,0.0038314176245210726,-0.8142474449556165,0.20794392523364486
DATES,0.004166666666666667,-0.7841555009891221,0.2336448598130841
DATES,0.004166666666666667,-0.7841555009891221,0.23598130841121495
DATES,0.0033333333333333335,-0.8589554759915509,0.16121495327102803
DATES,0.0030864197530864196,-0.8811184315478262,0.11214953271028037
DATES,0.0033333333333333335,-0.8589554759915509,0.16355140186915887
DATES,0.0030864197530864196,-0.8811184315478262,0.11448598130841121
DATES,0.0030303030303030303,-0.886155466901525,0.102803738317757
DATES,0.0031746031746031746,-0.8732030902777278,0.1191588785046729
DATES,0.003703703703703704,-0.8257110426571381,0.19626168224299065
DATES,0.0032679738562091504,-0.8648221406976238,0.13317757009345793
DATES,0.003703703703703704,-0.8257110426571381,0.1985981308411215
DATES,0.0035087719298245615,-0.8432081128331449,0.17990654205607476
DATES,0.003472222222222222,-0.8464888134911461,0.17757009345794392
DATES,0.0030303030303030303,-0.886155466901525,0.10514018691588785
DATES,0.004329004329004329,-0.7695840772873502,0.24299065420560748
DATES,0.003968253968253968,-0.8019650188468433,0.2219626168224299
DATES,0.004166666666666667,-0.7841555009891221,0.2383177570093458
DATES,0.004166666666666667,-0.7841555009891221,0.24065420560747663
DATES,0.015873015873015872,0.26660605261642495,0.7079439252336449
DATES,0.013888888888888888,0.08851087403921357,0.6542056074766355
DATES,0.010416666666666666,-0.22315568847090633,0.5093457943925234
DATES,0.015151515151515152,0.2018441694974391,0.6799065420560748
DATES,0.013888888888888888,0.08851087403921357,0.6565420560747663
DATES,0.012345679012345678,-0.05000759818750639,0.5957943925233645
DATES,0.011111111111111112,-0.16082237596888227,0.530373831775701
DATES,0.010752688172043012,-0.19299440822799138,0.5186915887850467
DATES,0.010101010101010102,-0.25148901233546256,0.48364485981308414
DATES,0.013888888888888888,0.08851087403921357,0.6588785046728972
DATES,0.005555555555555556,-0.6594888759850742,0.29439252336448596
DATES,0.005376344086021506,-0.6755748921146287,0.2780373831775701
DATES,0.005952380952380952,-0.623869840269632,0.3177570093457944
DATES,0.006172839506172839,-0.6040814870943862,0.3294392523364486
DATES,0.009523809523809525,-0.30329851883065134,0.4719626168224299
DATES,0.009259259259259259,-0.3270445426409463,0.4602803738317757
DATES,0.009009009009009009,-0.3495069975966306,0.4392523364485981
DATES,0.015151515151515152,0.2018441694974391,0.6822429906542056
DATES,0.013333333333333334,0.03864422403759453,0.6214953271028038
DATES,0.016666666666666666,0.33784412404730957,0.7383177570093458
DATES,0.011904761904761904,-0.0895843045379978,0.5747663551401869
DATES,0.011111111111111112,-0.16082237596888227,0.5327102803738317
DATES,0.019230769230769232,0.5679978932855521,0.7850467289719626
DATES,0.024096385542168676,1.0047354674424578,0.8995327102803738
DATES,0.024096385542168676,1.0047354674424578,0.9018691588785047
DATES,0.016666666666666666,0.33784412404730957,0.7406542056074766
DATES,0.00980392156862745,-0.27815567009033926,0.4766355140186916
DATES,0.0044444444444444444,-0.7592221759883127,0.24532710280373832
DATES,0.004901960784313725,-0.7181555230458027,0.25934579439252337
DATES,0.005555555555555556,-0.6594888759850742,0.2967289719626168
DATES,0.006172839506172839,-0.6040814870943862,0.3317757009345794
DATES,0.004901960784313725,-0.7181555230458027,0.2616822429906542
DATES,0.0035460992907801418,-0.839857610033484,0.1822429906542056
DATES,0.005208333333333333,-0.6906555322360862,0.27102803738317754
DATES,0.005291005291005291,-0.6832348997953691,0.2757009345794392
DATES,0.00641025641025641,-0.5827709529056601,0.34579439252336447
DATES,0.011111111111111112,-0.16082237596888227,0.5350467289719626
DATES,0.011494252873563218,-0.12643158286431735,0.5560747663551402
DATES,0.011904761904761904,-0.0895843045379978,0.5771028037383178
DATES,0.011111111111111112,-0.16082237596888227,0.5373831775700935
DATES,0.010416666666666666,-0.22315568847090633,0.5116822429906542
DATES,0.010101010101010102,-0.25148901233546256,0.48598130841121495
DATES,0.015151515151515152,0.2018441694974391,0.6845794392523364
DATES,0.015151515151515152,0.2018441694974391,0.6869158878504673
DATES,0.016666666666666666,0.33784412404730957,0.7429906542056075
DATES,0.01639344262295082,0.31331954207930024,0.7102803738317757
DATES,0.016666666666666666,0.33784412404730957,0.7453271028037384
DATES,0.011494252873563218,-0.12643158286431735,0.5584112149532711
DATES,0.005847953216374269,-0.6332432707210641,0.3014018691588785
DATES,0.005847953216374269,-0.6332432707210641,0.3037383177570093
DATES,0.006172839506172839,-0.6040814870943862,0.3341121495327103
DATES,0.005847953216374269,-0.6332432707210641,0.3060747663551402
DATES,0.005952380952380952,-0.623869840269632,0.32009345794392524
DATES,0.005555555555555556,-0.6594888759850742,0.29906542056074764
DATES,0.005376344086021506,-0.6755748921146287,0.2803738317757009
DATES,0.005208333333333333,-0.6906555322360862,0.2733644859813084
DATES,0.005847953216374269,-0.6332432707210641,0.308411214953271
DATES,0.011111111111111112,-0.16082237596888227,0.5397196261682243
DATES,0.015625,0.2443441552942736,0.6939252336448598
DATES,0.015151515151515152,0.2018441694974391,0.6892523364485982
DATES,0.012121212121212121,-0.07015573960230197,0.5841121495327103
DATES,0.010416666666666666,-0.22315568847090633,0.514018691588785
DATES,0.010101010101010102,-0.25148901233546256,0.4883177570093458
DATES,0.010101010101010102,-0.25148901233546256,0.49065420560747663
DATES,0.011494252873563218,-0.12643158286431735,0.5607476635514018
DATES,0.011111111111111112,-0.16082237596888227,0.5420560747663551
DATES,0.010416666666666666,-0.22315568847090633,0.5163551401869159
DATES,0.011494252873563218,-0.12643158286431735,0.5630841121495327
DATES,0.00980392156862745,-0.27815567009033926,0.47897196261682246
DATES,0.009259259259259259,-0.3270445426409463,0.46261682242990654
DATES,0.008771929824561403,-0.37078721808096315,0.4369158878504673
DATES,0.008333333333333333,-0.41015562597697824,0.42757009345794394
DATES,0.0125,-0.03615575096483427,0.6004672897196262
DATES,0.016666666666666666,0.33784412404730957,0.7476635514018691
DATES,0.017543859649122806,0.4165809398393398,0.7546728971962616
DATES,0.015625,0.2443441552942736,0.6962616822429907
DATES,0.013888888888888888,0.08851087403921357,0.6612149532710281
DATES,0.015151515151515152,0.2018441694974391,0.6915887850467289
DATES,0.011904761904761904,-0.0895843045379978,0.5794392523364486
DATES,0.012345679012345678,-0.05000759818750639,0.5981308411214953
DATES,0.011904761904761904,-0.0895843045379978,0.5817757009345794
DATES,0.013333333333333334,0.03864422403759453,0.6238317757009346
DATES,0.013888888888888888,0.08851087403921357,0.6635514018691588
DATES,0.011111111111111112,-0.16082237596888227,0.544392523364486
DATES,0.020833333333333332,0.7118439990594534,0.8341121495327103
DATES,0.0196078431372549,0.6018440358205877,0.8107476635514018
DATES,0.020833333333333332,0.7118439990594534,0.8364485981308412
DATES,0.0196078431372549,0.6018440358205877,0.8130841121495327
DATES,0.018518518518518517,0.5040662907193735,0.7733644859813084
DATES,0.0196078431372549,0.6018440358205877,0.8154205607476636
DATES,0.011111111111111112,-0.16082237596888227,0.5467289719626168
DATES,0.016666666666666666,0.33784412404730957,0.75
DATES,0.017543859649122806,0.4165809398393398,0.7570093457943925
DATES,0.018018018018018018,0.4591413808080049,0.764018691588785
DATES,0.021739130434782608,0.7931483197142674,0.8504672897196262
DATES,0.022222222222222223,0.8365106240635015,0.8714953271028038
DATES,0.022727272727272728,0.8818439422467917,0.8785046728971962
DATES,0.023809523809523808,0.9789867669252704,0.8901869158878505
DATES,0.025,1.0858438740715974,0.9065420560747663
DATES,0.023255813953488372,0.9292857868572115,0.8808411214953271
DATES,0.023529411764705882,0.9538439181849584,0.883177570093458
DATES,0.023809523809523808,0.9789867669252704,0.8925233644859814
DATES,0.024096385542168676,1.0047354674424578,0.9042056074766355
DATES,0.02666666666666667,1.2354438240764551,0.9205607476635514
DATES,0.027777777777777776,1.3351771240796932,0.9322429906542056
DATES,0.023809523809523808,0.9789867669252704,0.8948598130841121
DATES,0.025,1.0858438740715974,0.9088785046728972
DATES,0.019417475728155338,0.5847566628902783,0.7873831775700935
DATES,0.020202020202020204,0.6551773513303409,0.822429906542056
DATES,0.020833333333333332,0.7118439990594534,0.8387850467289719
DATES,0.021739130434782608,0.7931483197142674,0.852803738317757
DATES,0.02962962962962963,1.5013992907517573,0.9392523364485982
DATES,0.03007518796992481,1.541392594011201,0.9415887850467289
DATES,0.031746031746031744,1.6913674812341157,0.9485981308411215
DATES,0.03333333333333333,1.833843624095885,0.9509345794392523
DATES,0.034482758620689655,1.93701600340958,0.955607476635514
DATES,0.038834951456310676,2.3276687017818225,0.9649532710280374
DATES,0.03333333333333333,1.833843624095885,0.9532710280373832
DATES,0.017699115044247787,0.4305166594485488,0.7593457943925234
DATES,0.021447721179624665,0.7669914337127187,0.8457943925233645
DATES,0.020833333333333332,0.7118439990594534,0.8411214953271028
DATES,0.019417475728155338,0.5847566628902783,0.7897196261682243
DATES,0.018518518518518517,0.5040662907193735,0.7757009345794392
DATES,0.019417475728155338,0.5847566628902783,0.7920560747663551
DATES,0.021505376344086023,0.7721665595452833,0.8481308411214953
DATES,0.021739130434782608,0.7931483197142674,0.8551401869158879
DATES,0.029197080291970802,1.4625736751787202,0.9369158878504673
DATES,0.030534351145038167,1.5826070668358192,0.9462616822429907
DATES,0.030303030303030304,1.5618437149961442,0.9439252336448598
DATES,0.05263157894736842,3.5660535715205515,0.985981308411215
DATES,0.02040816326530612,0.6736807465071938,0.8294392523364486
DATES,0.01904761904761905,0.5515583383399634,0.7827102803738317
DATES,0.018518518518518517,0.5040662907193735,0.7780373831775701
DATES,0.019417475728155338,0.5847566628902783,0.794392523364486
DATES,0.022222222222222223,0.8365106240635015,0.8738317757009346
DATES,0.02,0.6370440240570248,0.8200934579439252
DATES,0.020202020202020204,0.6551773513303409,0.8247663551401869
DATES,0.020202020202020204,0.6551773513303409,0.8271028037383178
DATES,0.019417475728155338,0.5847566628902783,0.7967289719626168
DATES,0.019801980198019802,0.6192697725712991,0.8177570093457944
DATES,0.019417475728155338,0.5847566628902783,0.7990654205607477
DATES,0.02197802197802198,0.8145912174693833,0.8598130841121495
DATES,0.018018018018018018,0.4591413808080049,0.7663551401869159
DATES,0.017857142857142856,0.4447012311936363,0.7616822429906542
DATES,0.020833333333333332,0.7118439990594534,0.8434579439252337
DATES,0.022222222222222223,0.8365106240635015,0.8761682242990654
DATES,0.02040816326530612,0.6736807465071938,0.8317757009345794
DATES,0.014814814814814815,0.1716219573752457,0.6682242990654206
DATES,0.021739130434782608,0.7931483197142674,0.8574766355140186
DATES,0.023809523809523808,0.9789867669252704,0.897196261682243
DATES,0.025,1.0858438740715974,0.9112149532710281
DATES,0.027777777777777776,1.3351771240796932,0.9345794392523364
MUSTARD,0.023809523809523808,7.364483802196757,1.0
MUSTARD,0.015151515151515152,4.194269271056962,0.98989898989899
MUSTARD,0.004166666666666667,0.17205958467334617,0.6919191919191919
MUSTARD,0.0033333333333333335,-0.13307356394885905,0.48484848484848486
MUSTARD,0.005555555555555556,0.6806148323770218,0.8080808080808081
MUSTARD,0.009259259259259259,2.036762159586823,0.9747474747474747
MUSTARD,0.0033333333333333335,-0.13307356394885905,0.4898989898989899
MUSTARD,0.002777777777777778,-0.3364956630303293,0.3939393939393939
MUSTARD,0.003703703703703704,0.002541168772121061,0.5303030303030303
MUSTARD,0.001388888888888889,-0.845050910734005,0.04040404040404041
MUSTARD,0.001388888888888889,-0.845050910734005,0.045454545454545456
MUSTARD,0.001388888888888889,-0.845050910734005,0.050505050505050504
MUSTARD,0.0011111111111111111,-0.94676196027474,0.020202020202020204
MUSTARD,0.001388888888888889,-0.845050910734005,0.05555555555555555
MUSTARD,0.000925925925925926,-1.01456932663523,0.005050505050505051
MUSTARD,0.0010162601626016261,-0.9814925625569423,0.010101010101010102
MUSTARD,0.001388888888888889,-0.845050910734005,0.06060606060606061
MUSTARD,0.001851851851851852,-0.6755324948327797,0.16666666666666666
MUSTARD,0.001851851851851852,-0.6755324948327797,0.1717171717171717
MUSTARD,0.001388888888888889,-0.845050910734005,0.06565656565656566
MUSTARD,0.002777777777777778,-0.3364956630303293,0.398989898989899
MUSTARD,0.001851851851851852,-0.6755324948327797,0.17676767676767677
MUSTARD,0.005555555555555556,0.6806148323770218,0.8131313131313131
MUSTARD,0.005555555555555556,0.6806148323770218,0.8181818181818182
MUSTARD,0.003703703703703704,0.002541168772121061,0.5353535353535354
MUSTARD,0.007575757575757576,1.4203315563096408,0.9494949494949495
MUSTARD,0.005555555555555556,0.6806148323770218,0.8232323232323232
MUSTARD,0.005555555555555556,0.6806148323770218,0.8282828282828283
MUSTARD,0.005555555555555556,0.6806148323770218,0.8333333333333334
MUSTARD,0.008333333333333333,1.6977253277843725,0.9545454545454546
MUSTARD,0.005555555555555556,0.6806148323770218,0.8383838383838383
MUSTARD,0.020833333333333332,6.274722557117452,0.9949494949494949
MUSTARD,0.004166666666666667,0.17205958467334617,0.696969696969697
MUSTARD,0.004166666666666667,0.17205958467334617,0.702020202020202
MUSTARD,0.0043859649122807015,0.2523577816791896,0.7272727272727273
MUSTARD,0.0045045045045045045,0.29576221249315915,0.7525252525252525
MUSTARD,0.002777777777777778,-0.3364956630303293,0.40404040404040403
MUSTARD,0.005555555555555556,0.6806148323770218,0.8434343434343434
MUSTARD,0.003703703703703704,0.002541168772121061,0.5404040404040404
MUSTARD,0.003703703703703704,0.002541168772121061,0.5454545454545454
MUSTARD,0.007407407407407408,1.3586884959819225,0.9444444444444444
MUSTARD,0.008333333333333333,1.6977253277843725,0.9595959595959596
MUSTARD,0.005555555555555556,0.6806148323770218,0.8484848484848485
MUSTARD,0.003703703703703704,0.002541168772121061,0.5505050505050505
MUSTARD,0.003703703703703704,0.002541168772121061,0.5555555555555556
MUSTARD,0.002777777777777778,-0.3364956630303293,0.4090909090909091
MUSTARD,0.008333333333333333,1.6977253277843725,0.9646464646464646
MUSTARD,0.008333333333333333,1.6977253277843725,0.9696969696969697
MUSTARD,0.003703703703703704,0.002541168772121061,0.5606060606060606
MUSTARD,0.004424778761061947,0.26656985194571065,0.7323232323232324
MUSTARD,0.005,0.47719273329555156,0.7929292929292929
MUSTARD,0.009259259259259259,2.036762159586823,0.9797979797979798
MUSTARD,0.0044444444444444444,0.27377063421408127,0.7373737373737373
MUSTARD,0.0044444444444444444,0.27377063421408127,0.7424242424242424
MUSTARD,0.005555555555555556,0.6806148323770218,0.8535353535353535
MUSTARD,0.005555555555555556,0.6806148323770218,0.8585858585858586
MUSTARD,0.003703703703703704,0.002541168772121061,0.5656565656565656
MUSTARD,0.003703703703703704,0.002541168772121061,0.5707070707070707
MUSTARD,0.005555555555555556,0.6806148323770218,0.8636363636363636
MUSTARD,0.009259259259259259,2.036762159586823,0.9848484848484849
MUSTARD,0.003703703703703704,0.002541168772121061,0.5757575757575758
MUSTARD,0.0033333333333333335,-0.13307356394885905,0.494949494949495
MUSTARD,0.002777777777777778,-0.3364956630303293,0.41414141414141414
MUSTARD,0.002380952380952381,-0.48179716237423653,0.3484848484848485
MUSTARD,0.0022222222222222222,-0.5399177621117995,0.2878787878787879
MUSTARD,0.0022222222222222222,-0.5399177621117995,0.29292929292929293
MUSTARD,0.001851851851851852,-0.6755324948327797,0.18181818181818182
MUSTARD,0.001851851851851852,-0.6755324948327797,0.18686868686868688
MUSTARD,0.0025252525252525255,-0.42896025352190664,0.3787878787878788
MUSTARD,0.0025252525252525255,-0.42896025352190664,0.3838383838383838
MUSTARD,0.003472222222222222,-0.08221803917849164,0.5050505050505051
MUSTARD,0.003703703703703704,0.002541168772121061,0.5808080808080808
MUSTARD,0.004166666666666667,0.17205958467334617,0.7070707070707071
MUSTARD,0.00411522633744856,0.15322420512876575,0.6868686868686869
MUSTARD,0.003703703703703704,0.002541168772121061,0.5858585858585859
MUSTARD,0.003703703703703704,0.002541168772121061,0.5909090909090909
MUSTARD,0.003703703703703704,0.002541168772121061,0.5959595959595959
MUSTARD,0.004166666666666667,0.17205958467334617,0.7121212121212122
MUSTARD,0.004761904761904762,0.3900118336892073,0.7878787878787878
MUSTARD,0.005555555555555556,0.6806148323770218,0.8686868686868687
MUSTARD,0.005555555555555556,0.6806148323770218,0.8737373737373737
MUSTARD,0.003703703703703704,0.002541168772121061,0.601010101010101
MUSTARD,0.005555555555555556,0.6806148323770218,0.8787878787878788
MUSTARD,0.002777777777777778,-0.3364956630303293,0.41919191919191917
MUSTARD,0.0022522522522522522,-0.5289219729722606,0.3333333333333333
MUSTARD,0.002380952380952381,-0.48179716237423653,0.35353535353535354
MUSTARD,0.0024509803921568627,-0.45615572131354715,0.36363636363636365
MUSTARD,0.0025,-0.4382067125710644,0.37373737373737376
MUSTARD,0.0025252525252525255,-0.42896025352190664,0.3888888888888889
MUSTARD,0.001851851851851852,-0.6755324948327797,0.1919191919191919
MUSTARD,0.001851851851851852,-0.6755324948327797,0.19696969696969696
MUSTARD,0.003703703703703704,0.002541168772121061,0.6060606060606061
MUSTARD,0.0036231884057971015,-0.026940294862874657,0.5252525252525253
MUSTARD,0.0040650406504065045,0.13484822508527253,0.6818181818181818
MUSTARD,0.0022222222222222222,-0.5399177621117995,0.29797979797979796
MUSTARD,0.002347417840375587,-0.49407616231879214,0.3434343434343434
MUSTARD,0.002777777777777778,-0.3364956630303293,0.42424242424242425
MUSTARD,0.002777777777777778,-0.3364956630303293,0.4292929292929293
MUSTARD,0.002777777777777778,-0.3364956630303293,0.43434343434343436
MUSTARD,0.002777777777777778,-0.3364956630303293,0.4393939393939394
MUSTARD,0.001851851851851852,-0.6755324948327797,0.20202020202020202
MUSTARD,0.0022222222222222222,-0.5399177621117995,0.30303030303030304
MUSTARD,0.0022222222222222222,-0.5399177621117995,0.30808080808080807
MUSTARD,0.0022222222222222222,-0.5399177621117995,0.31313131313131315
MUSTARD,0.0011111111111111111,-0.94676196027474,0.025252525252525252
MUSTARD,0.0011111111111111111,-0.94676196027474,0.030303030303030304
MUSTARD,0.0022222222222222222,-0.5399177621117995,0.3181818181818182
MUSTARD,0.002777777777777778,-0.3364956630303293,0.4444444444444444
MUSTARD,0.001851851851851852,-0.6755324948327797,0.20707070707070707
MUSTARD,0.003968253968253968,0.09940883500139246,0.6717171717171717
MUSTARD,0.003703703703703704,0.002541168772121061,0.6111111111111112
MUSTARD,0.004166666666666667,0.17205958467334617,0.7171717171717171
MUSTARD,0.0024691358024691358,-0.4495079402978128,0.3686868686868687
MUSTARD,0.0022988505747126436,-0.5118595415488382,0.3383838383838384
MUSTARD,0.001694915254237288,-0.7329963646298052,0.15151515151515152
MUSTARD,0.0022222222222222222,-0.5399177621117995,0.32323232323232326
MUSTARD,0.001851851851851852,-0.6755324948327797,0.21212121212121213
MUSTARD,0.001851851851851852,-0.6755324948327797,0.21717171717171718
MUSTARD,0.0015873015873015873,-0.7724001610620512,0.11616161616161616
MUSTARD,0.001851851851851852,-0.6755324948327797,0.2222222222222222
MUSTARD,0.001851851851851852,-0.6755324948327797,0.22727272727272727
MUSTARD,0.0016501650165016502,-0.749382101760046,0.14646464646464646
MUSTARD,0.001388888888888889,-0.845050910734005,0.0707070707070707
MUSTARD,0.0017006802721088435,-0.7308854469637921,0.15656565656565657
MUSTARD,0.001388888888888889,-0.845050910734005,0.07575757575757576
MUSTARD,0.003703703703703704,0.002541168772121061,0.6161616161616161
MUSTARD,0.001851851851851852,-0.6755324948327797,0.23232323232323232
MUSTARD,0.001851851851851852,-0.6755324948327797,0.23737373737373738
MUSTARD,0.003787878787878788,0.03336269893598017,0.6616161616161617
MUSTARD,0.003787878787878788,0.03336269893598017,0.6666666666666666
MUSTARD,0.004629629629629629,0.34157800057457127,0.7575757575757576
MUSTARD,0.002777777777777778,-0.3364956630303293,0.4494949494949495
MUSTARD,0.001388888888888889,-0.845050910734005,0.08080808080808081
MUSTARD,0.003703703703703704,0.002541168772121061,0.6212121212121212
MUSTARD,0.001937984496124031,-0.643994184897668,0.2727272727272727
MUSTARD,0.001937984496124031,-0.643994184897668,0.2777777777777778
MUSTARD,0.001388888888888889,-0.845050910734005,0.08585858585858586
MUSTARD,0.0016025641025641025,-0.7668116418565163,0.13636363636363635
MUSTARD,0.001388888888888889,-0.845050910734005,0.09090909090909091
MUSTARD,0.0024154589371980675,-0.46916224938781,0.35858585858585856
MUSTARD,0.001851851851851852,-0.6755324948327797,0.24242424242424243
MUSTARD,0.001388888888888889,-0.845050910734005,0.09595959595959595
MUSTARD,0.001388888888888889,-0.845050910734005,0.10101010101010101
MUSTARD,0.001851851851851852,-0.6755324948327797,0.2474747474747475
MUSTARD,0.0017123287671232876,-0.7266202366112311,0.16161616161616163
MUSTARD,0.001851851851851852,-0.6755324948327797,0.25252525252525254
MUSTARD,0.001851851851851852,-0.6755324948327797,0.25757575757575757
MUSTARD,0.0020833333333333333,-0.5907732868821671,0.2828282828282828
MUSTARD,0.0015873015873015873,-0.7724001610620512,0.12121212121212122
MUSTARD,0.0011111111111111111,-0.94676196027474,0.03535353535353535
MUSTARD,0.00102880658436214,-0.9768985675460689,0.015151515151515152
MUSTARD,0.001851851851851852,-0.6755324948327797,0.26262626262626265
MUSTARD,0.001388888888888889,-0.845050910734005,0.10606060606060606
MUSTARD,0.004629629629629629,0.34157800057457127,0.7626262626262627
MUSTARD,0.003968253968253968,0.09940883500139246,0.6767676767676768
MUSTARD,0.0035460992907801418,-0.05516722813042376,0.5151515151515151
MUSTARD,0.0016025641025641025,-0.7668116418565163,0.1414141414141414
MUSTARD,0.0015873015873015873,-0.7724001610620512,0.12626262626262627
MUSTARD,0.0015873015873015873,-0.7724001610620512,0.13131313131313133
MUSTARD,0.001388888888888889,-0.845050910734005,0.1111111111111111
MUSTARD,0.001851851851851852,-0.6755324948327797,0.2676767676767677
MUSTARD,0.0033333333333333335,-0.13307356394885905,0.5
MUSTARD,0.005555555555555556,0.6806148323770218,0.8838383838383839
MUSTARD,0.003472222222222222,-0.08221803917849164,0.51010101010101
MUSTARD,0.004629629629629629,0.34157800057457127,0.7676767676767676
MUSTARD,0.0022222222222222222,-0.5399177621117995,0.3282828282828283
MUSTARD,0.002777777777777778,-0.3364956630303293,0.45454545454545453
MUSTARD,0.002777777777777778,-0.3364956630303293,0.4595959595959596
MUSTARD,0.003703703703703704,0.002541168772121061,0.6262626262626263
MUSTARD,0.002777777777777778,-0.3364956630303293,0.46464646464646464
MUSTARD,0.002777777777777778,-0.3364956630303293,0.4696969696969697
MUSTARD,0.002777777777777778,-0.3364956630303293,0.47474747474747475
MUSTARD,0.004273504273504274,0.21117921911209062,0.7222222222222222
MUSTARD,0.0044444444444444444,0.27377063421408127,0.7474747474747475
MUSTARD,0.005555555555555556,0.6806148323770218,0.8888888888888888
MUSTARD,0.003703703703703704,0.002541168772121061,0.6313131313131313
MUSTARD,0.004629629629629629,0.34157800057457127,0.7727272727272727
MUSTARD,0.005050505050505051,0.4956856513938671,0.797979797979798
MUSTARD,0.004629629629629629,0.34157800057457127,0.7777777777777778
MUSTARD,0.006944444444444444,1.189170080080697,0.9343434343434344
MUSTARD,0.006944444444444444,1.189170080080697,0.9393939393939394
MUSTARD,0.002777777777777778,-0.3364956630303293,0.4797979797979798
MUSTARD,0.004629629629629629,0.34157800057457127,0.7828282828282829
MUSTARD,0.005050505050505051,0.4956856513938671,0.803030303030303
MUSTARD,0.005555555555555556,0.6806148323770218,0.8939393939393939
MUSTARD,0.005555555555555556,0.6806148323770218,0.898989898989899
MUSTARD,0.005555555555555556,0.6806148323770218,0.9040404040404041
MUSTARD,0.003703703703703704,0.002541168772121061,0.6363636363636364
MUSTARD,0.003703703703703704,0.002541168772121061,0.6414141414141414
MUSTARD,0.005555555555555556,0.6806148323770218,0.9090909090909091
MUSTARD,0.0035460992907801418,-0.05516722813042376,0.5202020202020202
MUSTARD,0.003703703703703704,0.002541168772121061,0.6464646464646465
MUSTARD,0.003703703703703704,0.002541168772121061,0.6515151515151515
MUSTARD,0.005555555555555556,0.6806148323770218,0.9141414141414141
MUSTARD,0.005555555555555556,0.6806148323770218,0.9191919191919192
MUSTARD,0.005555555555555556,0.6806148323770218,0.9242424242424242
MUSTARD,0.003703703703703704,0.002541168772121061,0.6565656565656566
MUSTARD,0.005822416302765648,0.7783285044248895,0.9292929292929293
CRESS,0.047619047619047616,0.23916417235574203,0.7393364928909952
CRESS,0.08333333333333333,1.2277620443912742,0.8767772511848341
CRESS,0.16666666666666666,3.5344904124741827,0.976303317535545
CRESS,0.047619047619047616,0.23916417235574203,0.7440758293838863
CRESS,0.05,0.305070697158111,0.7772511848341233
CRESS,0.047619047619047616,0.23916417235574203,0.7488151658767772
CRESS,0.041666666666666664,0.07439786034981997,0.6445497630331753
CRESS,0.023809523809523808,-0.41990107566794616,0.4597156398104265
CRESS,0.022222222222222223,-0.4638387588695253,0.4549763033175355
CRESS,0.020833333333333332,-0.5022842316709072,0.41232227488151657
CRESS,0.016666666666666666,-0.6176206500750526,0.27014218009478674
CRESS,0.011111111111111112,-0.7714025412805798,0.06635071090047394
CRESS,0.013888888888888888,-0.6945115956778163,0.15639810426540285
CRESS,0.013888888888888888,-0.6945115956778163,0.16113744075829384
CRESS,0.011904761904761904,-0.7494336996797902,0.09004739336492891
CRESS,0.016666666666666666,-0.6176206500750526,0.27488151658767773
CRESS,0.041666666666666664,0.07439786034981997,0.6492890995260664
CRESS,0.1,1.6891077180078564,0.9146919431279621
CRESS,0.041666666666666664,0.07439786034981997,0.6540284360189573
CRESS,0.1111111111111111,1.9966715004189106,0.9289099526066351
CRESS,0.1111111111111111,1.9966715004189106,0.933649289099526
CRESS,0.08333333333333333,1.2277620443912742,0.8815165876777251
CRESS,0.08333333333333333,1.2277620443912742,0.8862559241706162
CRESS,0.08333333333333333,1.2277620443912742,0.8909952606635071
CRESS,0.08333333333333333,1.2277620443912742,0.8957345971563981
CRESS,0.05555555555555555,0.45885258836363807,0.7914691943127962
CRESS,0.06666666666666667,0.7664163707746926,0.8483412322274881
CRESS,0.03333333333333333,-0.15627497645847085,0.5829383886255924
CRESS,0.03333333333333333,-0.15627497645847085,0.5876777251184834
CRESS,0.016666666666666666,-0.6176206500750526,0.2796208530805687
CRESS,0.027777777777777776,-0.31005686766399815,0.5165876777251185
CRESS,0.015151515151515152,-0.6595611658583782,0.24644549763033174
CRESS,0.027777777777777776,-0.31005686766399815,0.5213270142180095
CRESS,0.047619047619047616,0.23916417235574203,0.7535545023696683
CRESS,0.027777777777777776,-0.31005686766399815,0.5260663507109005
CRESS,0.027777777777777776,-0.31005686766399815,0.5308056872037915
CRESS,0.037037037037037035,-0.05375371565478606,0.6350710900473934
CRESS,0.041666666666666664,0.07439786034981997,0.6587677725118484
CRESS,0.023809523809523808,-0.41990107566794616,0.46445497630331756
CRESS,0.013888888888888888,-0.6945115956778163,0.16587677725118483
CRESS,0.016666666666666666,-0.6176206500750526,0.2843601895734597
CRESS,0.016666666666666666,-0.6176206500750526,0.2890995260663507
CRESS,0.015151515151515152,-0.6595611658583782,0.25118483412322273
CRESS,0.015151515151515152,-0.6595611658583782,0.2559241706161137
CRESS,0.06666666666666667,0.7664163707746926,0.8530805687203792
CRESS,0.125,2.381126228432729,0.95260663507109
CRESS,0.125,2.381126228432729,0.957345971563981
CRESS,0.125,2.381126228432729,0.9620853080568721
CRESS,0.018518518518518517,-0.5663600196732103,0.3744075829383886
CRESS,0.041666666666666664,0.07439786034981997,0.6635071090047393
CRESS,0.030303030303030304,-0.24015600802512205,0.5687203791469194
CRESS,0.03125,-0.21394318566054354,0.5781990521327014
CRESS,0.041666666666666664,0.07439786034981997,0.6682464454976303
CRESS,0.05555555555555555,0.45885258836363807,0.7962085308056872
CRESS,0.05555555555555555,0.45885258836363807,0.8009478672985783
CRESS,0.05555555555555555,0.45885258836363807,0.8056872037914692
CRESS,0.05555555555555555,0.45885258836363807,0.8104265402843602
CRESS,0.06666666666666667,0.7664163707746926,0.8578199052132701
CRESS,0.047619047619047616,0.23916417235574203,0.7582938388625592
CRESS,0.047619047619047616,0.23916417235574203,0.7630331753554502
CRESS,0.020833333333333332,-0.5022842316709072,0.41706161137440756
CRESS,0.016666666666666666,-0.6176206500750526,0.2938388625592417
CRESS,0.016666666666666666,-0.6176206500750526,0.2985781990521327
CRESS,0.013888888888888888,-0.6945115956778163,0.17061611374407584
CRESS,0.011111111111111112,-0.7714025412805798,0.07109004739336493
CRESS,0.01282051282051282,-0.7240850362942638,0.14218009478672985
CRESS,0.016666666666666666,-0.6176206500750526,0.3033175355450237
CRESS,0.016666666666666666,-0.6176206500750526,0.3080568720379147
CRESS,0.016666666666666666,-0.6176206500750526,0.3127962085308057
CRESS,0.00980392156862745,-0.8075865156818803,0.02843601895734597
CRESS,0.010416666666666666,-0.7906252776812708,0.037914691943127965
CRESS,0.010416666666666666,-0.7906252776812708,0.04265402843601896
CRESS,0.047619047619047616,0.23916417235574203,0.7677725118483413
CRESS,0.041666666666666664,0.07439786034981997,0.6729857819905213
CRESS,0.016666666666666666,-0.6176206500750526,0.3175355450236967
CRESS,0.018518518518518517,-0.5663600196732103,0.3791469194312796
CRESS,0.09523809523809523,1.5572946684031184,0.909952606635071
CRESS,0.030303030303030304,-0.24015600802512205,0.5734597156398105
CRESS,0.03333333333333333,-0.15627497645847085,0.5924170616113744
CRESS,0.03333333333333333,-0.15627497645847085,0.5971563981042654
CRESS,0.03333333333333333,-0.15627497645847085,0.6018957345971564
CRESS,0.023809523809523808,-0.41990107566794616,0.46919431279620855
CRESS,0.01282051282051282,-0.7240850362942638,0.14691943127962084
CRESS,0.013888888888888888,-0.6945115956778163,0.17535545023696683
CRESS,0.020833333333333332,-0.5022842316709072,0.4218009478672986
CRESS,0.027777777777777776,-0.31005686766399815,0.5355450236966824
CRESS,0.013888888888888888,-0.6945115956778163,0.18009478672985782
CRESS,0.023809523809523808,-0.41990107566794616,0.47393364928909953
CRESS,0.013888888888888888,-0.6945115956778163,0.1848341232227488
CRESS,0.013888888888888888,-0.6945115956778163,0.1895734597156398
CRESS,0.013888888888888888,-0.6945115956778163,0.1943127962085308
CRESS,0.013888888888888888,-0.6945115956778163,0.1990521327014218
CRESS,0.015873015873015872,-0.6395894916758422,0.26540284360189575
CRESS,0.023809523809523808,-0.41990107566794616,0.4786729857819905
CRESS,0.011904761904761904,-0.7494336996797902,0.0947867298578199
CRESS,0.011111111111111112,-0.7714025412805798,0.07582938388625593
CRESS,0.010416666666666666,-0.7906252776812708,0.04739336492890995
CRESS,0.00980392156862745,-0.8075865156818803,0.03317535545023697
CRESS,0.013888888888888888,-0.6945115956778163,0.2037914691943128
CRESS,0.009259259259259259,-0.8226631716824223,0.014218009478672985
CRESS,0.010416666666666666,-0.7906252776812708,0.052132701421800945
CRESS,0.027777777777777776,-0.31005686766399815,0.5402843601895735
CRESS,0.041666666666666664,0.07439786034981997,0.6777251184834123
CRESS,0.041666666666666664,0.07439786034981997,0.6824644549763034
CRESS,0.041666666666666664,0.07439786034981997,0.6872037914691943
CRESS,0.016666666666666666,-0.6176206500750526,0.3222748815165877
CRESS,0.018518518518518517,-0.5663600196732103,0.38388625592417064
CRESS,0.018518518518518517,-0.5663600196732103,0.3886255924170616
CRESS,0.013888888888888888,-0.6945115956778163,0.20853080568720378
CRESS,0.01282051282051282,-0.7240850362942638,0.15165876777251186
CRESS,0.016666666666666666,-0.6176206500750526,0.32701421800947866
CRESS,0.018518518518518517,-0.5663600196732103,0.3933649289099526
CRESS,0.008333333333333333,-0.8482934868833435,0.004739336492890996
CRESS,0.009259259259259259,-0.8226631716824223,0.018957345971563982
CRESS,0.016666666666666666,-0.6176206500750526,0.33175355450236965
CRESS,0.016666666666666666,-0.6176206500750526,0.33649289099526064
CRESS,0.020833333333333332,-0.5022842316709072,0.4265402843601896
CRESS,0.013888888888888888,-0.6945115956778163,0.2132701421800948
CRESS,0.020833333333333332,-0.5022842316709072,0.4312796208530806
CRESS,0.013888888888888888,-0.6945115956778163,0.21800947867298578
CRESS,0.013888888888888888,-0.6945115956778163,0.22274881516587677
CRESS,0.013888888888888888,-0.6945115956778163,0.22748815165876776
CRESS,0.016666666666666666,-0.6176206500750526,0.3412322274881517
CRESS,0.016666666666666666,-0.6176206500750526,0.3459715639810427
CRESS,0.018518518518518517,-0.5663600196732103,0.3981042654028436
CRESS,0.008333333333333333,-0.8482934868833435,0.009478672985781991
CRESS,0.016666666666666666,-0.6176206500750526,0.35071090047393366
CRESS,0.016666666666666666,-0.6176206500750526,0.35545023696682465
CRESS,0.009259259259259259,-0.8226631716824223,0.023696682464454975
CRESS,0.011111111111111112,-0.7714025412805798,0.08056872037914692
CRESS,0.011904761904761904,-0.7494336996797902,0.0995260663507109
CRESS,0.010416666666666666,-0.7906252776812708,0.05687203791469194
CRESS,0.010416666666666666,-0.7906252776812708,0.061611374407582936
CRESS,0.011904761904761904,-0.7494336996797902,0.10426540284360189
CRESS,0.011904761904761904,-0.7494336996797902,0.10900473933649289
CRESS,0.016666666666666666,-0.6176206500750526,0.36018957345971564
CRESS,0.023809523809523808,-0.41990107566794616,0.4834123222748815
CRESS,0.025,-0.3869478132667617,0.4976303317535545
CRESS,0.044444444444444446,0.1512888059525837,0.7251184834123223
CRESS,0.023809523809523808,-0.41990107566794616,0.4881516587677725
CRESS,0.020833333333333332,-0.5022842316709072,0.43601895734597157
CRESS,0.03333333333333333,-0.15627497645847085,0.6066350710900474
CRESS,0.03333333333333333,-0.15627497645847085,0.6113744075829384
CRESS,0.013888888888888888,-0.6945115956778163,0.23222748815165878
CRESS,0.020833333333333332,-0.5022842316709072,0.44075829383886256
CRESS,0.015151515151515152,-0.6595611658583782,0.26066350710900477
CRESS,0.03333333333333333,-0.15627497645847085,0.6161137440758294
CRESS,0.029411764705882353,-0.26482689966237244,0.5639810426540285
CRESS,0.027777777777777776,-0.31005686766399815,0.5450236966824644
CRESS,0.019230769230769232,-0.5466443925955784,0.4028436018957346
CRESS,0.0196078431372549,-0.5362067076721264,0.4075829383886256
CRESS,0.02564102564102564,-0.3692037488968932,0.5118483412322274
CRESS,0.025,-0.3869478132667617,0.5023696682464455
CRESS,0.025,-0.3869478132667617,0.5071090047393365
CRESS,0.05555555555555555,0.45885258836363807,0.8151658767772512
CRESS,0.08333333333333333,1.2277620443912742,0.9004739336492891
CRESS,0.1,1.6891077180078564,0.919431279620853
CRESS,0.05,0.305070697158111,0.7819905213270142
CRESS,0.037037037037037035,-0.05375371565478606,0.6398104265402843
CRESS,0.016666666666666666,-0.6176206500750526,0.36492890995260663
CRESS,0.012578616352201259,-0.730780909641384,0.13744075829383887
CRESS,0.012345679012345678,-0.7372287876793516,0.11374407582938388
CRESS,0.012345679012345678,-0.7372287876793516,0.11848341232227488
CRESS,0.0125,-0.7329570684791981,0.12322274881516587
CRESS,0.0125,-0.7329570684791981,0.12796208530805686
CRESS,0.0125,-0.7329570684791981,0.13270142180094788
CRESS,0.03333333333333333,-0.15627497645847085,0.6208530805687204
CRESS,0.1,1.6891077180078564,0.9241706161137441
CRESS,0.08333333333333333,1.2277620443912742,0.9052132701421801
CRESS,0.047619047619047616,0.23916417235574203,0.7725118483412322
CRESS,0.06666666666666667,0.7664163707746926,0.8625592417061612
CRESS,0.0625,0.6510799523705473,0.8436018957345972
CRESS,0.041666666666666664,0.07439786034981997,0.6919431279620853
CRESS,0.05,0.305070697158111,0.7867298578199052
CRESS,0.0425531914893617,0.09893752384006373,0.7203791469194313
CRESS,0.016666666666666666,-0.6176206500750526,0.3696682464454976
CRESS,0.013888888888888888,-0.6945115956778163,0.23696682464454977
CRESS,0.013888888888888888,-0.6945115956778163,0.24170616113744076
CRESS,0.020833333333333332,-0.5022842316709072,0.44549763033175355
CRESS,0.024390243902439025,-0.4038263135210269,0.4928909952606635
CRESS,0.027777777777777776,-0.31005686766399815,0.5497630331753555
CRESS,0.020833333333333332,-0.5022842316709072,0.45023696682464454
CRESS,0.027777777777777776,-0.31005686766399815,0.5545023696682464
CRESS,0.027777777777777776,-0.31005686766399815,0.5592417061611374
CRESS,0.058823529411764705,0.5493125243668895,0.8341232227488151
CRESS,0.06153846153846154,0.6244638558157446,0.8388625592417062
CRESS,0.041666666666666664,0.07439786034981997,0.6966824644549763
CRESS,0.03333333333333333,-0.15627497645847085,0.6255924170616114
CRESS,0.03333333333333333,-0.15627497645847085,0.6303317535545023
CRESS,0.041666666666666664,0.07439786034981997,0.7014218009478673
CRESS,0.05555555555555555,0.45885258836363807,0.8199052132701422
CRESS,0.041666666666666664,0.07439786034981997,0.7061611374407583
CRESS,0.1111111111111111,1.9966715004189106,0.9383886255924171
CRESS,0.011494252873563218,-0.7607968936112331,0.08530805687203792
CRESS,0.05555555555555555,0.45885258836363807,0.8246445497630331
CRESS,0.05555555555555555,0.45885258836363807,0.8293838862559242
CRESS,0.06666666666666667,0.7664163707746926,0.8672985781990521
CRESS,0.044444444444444446,0.1512888059525837,0.7298578199052133
CRESS,0.044444444444444446,0.1512888059525837,0.7345971563981043
CRESS,0.041666666666666664,0.07439786034981997,0.7109004739336493
CRESS,0.041666666666666664,0.07439786034981997,0.7156398104265402
CRESS,0.06666666666666667,0.7664163707746926,0.8720379146919431
CRESS,0.13333333333333333,2.6117990652410197,0.966824644549763
CRESS,0.16666666666666666,3.5344904124741827,0.981042654028436
CRESS,0.16666666666666666,3.5344904124741827,0.985781990521327
CRESS,0.1111111111111111,1.9966715004189106,0.943127962085308
CRESS,0.1111111111111111,1.9966715004189106,0.9478672985781991
CRESS,0.13333333333333333,2.6117990652410197,0.9715639810426541
CRESS,0.16666666666666666,3.5344904124741827,0.990521327014218
CRESS,0.18181818181818182,3.95389557030744,0.995260663507109
CRESS,0.19047619047619047,4.193555660497871,1.0
SESAME,0.13333333333333333,1.3454973370710805,0.8945454545454545
SESAME,0.06666666666666667,-0.12960100698572763,0.5563636363636364
SESAME,0.06666666666666667,-0.12960100698572763,0.56
SESAME,0.06666666666666667,-0.12960100698572763,0.5636363636363636
SESAME,0.05555555555555555,-0.3754507309951957,0.4581818181818182
SESAME,0.044444444444444446,-0.6213004550046636,0.36363636363636365
SESAME,0.013888888888888888,-1.2973871960307006,0.0036363636363636364
SESAME,0.1,0.6079481650426766,0.7163636363636363
SESAME,0.09523809523809523,0.5025839976100472,0.7018181818181818
SESAME,0.047619047619047616,-0.5510576767162443,0.3927272727272727
SESAME,0.05555555555555555,-0.3754507309951957,0.4618181818181818
SESAME,0.027777777777777776,-0.9900750410188657,0.08727272727272728
SESAME,0.03333333333333333,-0.8671501790141317,0.17454545454545456
SESAME,0.023809523809523808,-1.07787851387939,0.02909090909090909
SESAME,0.03333333333333333,-0.8671501790141317,0.1781818181818182
SESAME,0.027777777777777776,-0.9900750410188657,0.09090909090909091
SESAME,0.027777777777777776,-0.9900750410188657,0.09454545454545454
SESAME,0.2857142857142857,4.717150694915213,1.0
SESAME,0.16666666666666666,2.0830465090994843,0.9418181818181818
SESAME,0.16666666666666666,2.0830465090994843,0.9454545454545454
SESAME,0.16666666666666666,2.0830465090994843,0.9490909090909091
SESAME,0.16666666666666666,2.0830465090994843,0.9527272727272728
SESAME,0.16666666666666666,2.0830465090994843,0.9563636363636364
SESAME,0.16666666666666666,2.0830465090994843,0.96
SESAME,0.08333333333333333,0.23917357902847433,0.6327272727272727
SESAME,0.05555555555555555,-0.3754507309951957,0.46545454545454545
SESAME,0.125,1.1611100440639794,0.8472727272727273
SESAME,0.023809523809523808,-1.07787851387939,0.03272727272727273
SESAME,0.023809523809523808,-1.07787851387939,0.03636363636363636
SESAME,0.08333333333333333,0.23917357902847433,0.6363636363636364
SESAME,0.05555555555555555,-0.3754507309951957,0.4690909090909091
SESAME,0.05,-0.49837559299992956,0.44
SESAME,0.037037037037037035,-0.7852002710109757,0.23272727272727273
SESAME,0.041666666666666664,-0.6827628860070307,0.2872727272727273
SESAME,0.041666666666666664,-0.6827628860070307,0.2909090909090909
SESAME,0.03333333333333333,-0.8671501790141317,0.18181818181818182
SESAME,0.041666666666666664,-0.6827628860070307,0.29454545454545455
SESAME,0.08333333333333333,0.23917357902847433,0.64
SESAME,0.06666666666666667,-0.12960100698572763,0.5672727272727273
SESAME,0.041666666666666664,-0.6827628860070307,0.29818181818181816
SESAME,0.03333333333333333,-0.8671501790141317,0.18545454545454546
SESAME,0.027777777777777776,-0.9900750410188657,0.09818181818181818
SESAME,0.047619047619047616,-0.5510576767162443,0.39636363636363636
SESAME,0.06666666666666667,-0.12960100698572763,0.5709090909090909
SESAME,0.06666666666666667,-0.12960100698572763,0.5745454545454546
SESAME,0.047619047619047616,-0.5510576767162443,0.4
SESAME,0.06666666666666667,-0.12960100698572763,0.5781818181818181
SESAME,0.023809523809523808,-1.07787851387939,0.04
SESAME,0.023809523809523808,-1.07787851387939,0.04363636363636364
SESAME,0.027777777777777776,-0.9900750410188657,0.10181818181818182
SESAME,0.05555555555555555,-0.3754507309951957,0.4727272727272727
SESAME,0.05555555555555555,-0.3754507309951957,0.4763636363636364
SESAME,0.041666666666666664,-0.6827628860070307,0.3018181818181818
SESAME,0.037037037037037035,-0.7852002710109757,0.23636363636363636
SESAME,0.07407407407407407,0.034298809020584325,0.6072727272727273
SESAME,0.015151515151515152,-1.2694497273932612,0.01090909090909091
SESAME,0.013888888888888888,-1.2973871960307006,0.007272727272727273
SESAME,0.03333333333333333,-0.8671501790141317,0.1890909090909091
SESAME,0.03333333333333333,-0.8671501790141317,0.19272727272727272
SESAME,0.03333333333333333,-0.8671501790141317,0.19636363636363635
SESAME,0.03333333333333333,-0.8671501790141317,0.2
SESAME,0.027777777777777776,-0.9900750410188657,0.10545454545454545
SESAME,0.023809523809523808,-1.07787851387939,0.04727272727272727
SESAME,0.027777777777777776,-0.9900750410188657,0.10909090909090909
SESAME,0.027777777777777776,-0.9900750410188657,0.11272727272727273
SESAME,0.03333333333333333,-0.8671501790141317,0.20363636363636364
SESAME,0.037037037037037035,-0.7852002710109757,0.24
SESAME,0.125,1.1611100440639794,0.850909090909091
SESAME,0.1111111111111111,0.8537978890521444,0.7745454545454545
SESAME,0.1111111111111111,0.8537978890521444,0.7781818181818182
SESAME,0.06060606060606061,-0.2637008564454374,0.5127272727272727
SESAME,0.0625,-0.2217946534892781,0.5418181818181819
SESAME,0.06666666666666667,-0.12960100698572763,0.5818181818181818
SESAME,0.08333333333333333,0.23917357902847433,0.6436363636363637
SESAME,0.125,1.1611100440639794,0.8545454545454545
SESAME,0.1111111111111111,0.8537978890521444,0.7818181818181819
SESAME,0.1111111111111111,0.8537978890521444,0.7854545454545454
SESAME,0.16666666666666666,2.0830465090994843,0.9636363636363636
SESAME,0.027777777777777776,-0.9900750410188657,0.11636363636363636
SESAME,0.03333333333333333,-0.8671501790141317,0.20727272727272728
SESAME,0.041666666666666664,-0.6827628860070307,0.3054545454545455
SESAME,0.041666666666666664,-0.6827628860070307,0.3090909090909091
SESAME,0.041666666666666664,-0.6827628860070307,0.31272727272727274
SESAME,0.07407407407407407,0.034298809020584325,0.610909090909091
SESAME,0.044444444444444446,-0.6213004550046636,0.36727272727272725
SESAME,0.047619047619047616,-0.5510576767162443,0.4036363636363636
SESAME,0.041666666666666664,-0.6827628860070307,0.31636363636363635
SESAME,0.022222222222222223,-1.1129999030235995,0.01818181818181818
SESAME,0.037037037037037035,-0.7852002710109757,0.24363636363636362
SESAME,0.037037037037037035,-0.7852002710109757,0.24727272727272728
SESAME,0.041666666666666664,-0.6827628860070307,0.32
SESAME,0.047619047619047616,-0.5510576767162443,0.4072727272727273
SESAME,0.027777777777777776,-0.9900750410188657,0.12
SESAME,0.027777777777777776,-0.9900750410188657,0.12363636363636364
SESAME,0.030303030303030304,-0.9342001037439865,0.14909090909090908
SESAME,0.030303030303030304,-0.9342001037439865,0.15272727272727274
SESAME,0.030303030303030304,-0.9342001037439865,0.15636363636363637
SESAME,0.03333333333333333,-0.8671501790141317,0.2109090909090909
SESAME,0.06060606060606061,-0.2637008564454374,0.5163636363636364
SESAME,0.06060606060606061,-0.2637008564454374,0.52
SESAME,0.0625,-0.2217946534892781,0.5454545454545454
SESAME,0.047619047619047616,-0.5510576767162443,0.4109090909090909
SESAME,0.05555555555555555,-0.3754507309951957,0.48
SESAME,0.03333333333333333,-0.8671501790141317,0.21454545454545454
SESAME,0.030303030303030304,-0.9342001037439865,0.16
SESAME,0.03333333333333333,-0.8671501790141317,0.21818181818181817
SESAME,0.015151515151515152,-1.2694497273932612,0.014545454545454545
SESAME,0.041666666666666664,-0.6827628860070307,0.3236363636363636
SESAME,0.037037037037037035,-0.7852002710109757,0.2509090909090909
SESAME,0.041666666666666664,-0.6827628860070307,0.32727272727272727
SESAME,0.04,-0.7196403446084508,0.2727272727272727
SESAME,0.047619047619047616,-0.5510576767162443,0.41454545454545455
SESAME,0.047619047619047616,-0.5510576767162443,0.41818181818181815
SESAME,0.06060606060606061,-0.2637008564454374,0.5236363636363637
SESAME,0.041666666666666664,-0.6827628860070307,0.33090909090909093
SESAME,0.044444444444444446,-0.6213004550046636,0.3709090909090909
SESAME,0.05555555555555555,-0.3754507309951957,0.48363636363636364
SESAME,0.03333333333333333,-0.8671501790141317,0.22181818181818183
SESAME,0.027777777777777776,-0.9900750410188657,0.12727272727272726
SESAME,0.027777777777777776,-0.9900750410188657,0.13090909090909092
SESAME,0.02564102564102564,-1.0373538340976096,0.06909090909090909
SESAME,0.03333333333333333,-0.8671501790141317,0.22545454545454546
SESAME,0.041666666666666664,-0.6827628860070307,0.33454545454545453
SESAME,0.047619047619047616,-0.5510576767162443,0.4218181818181818
SESAME,0.03333333333333333,-0.8671501790141317,0.2290909090909091
SESAME,0.041666666666666664,-0.6827628860070307,0.3381818181818182
SESAME,0.027777777777777776,-0.9900750410188657,0.13454545454545455
SESAME,0.023809523809523808,-1.07787851387939,0.05090909090909091
SESAME,0.041666666666666664,-0.6827628860070307,0.3418181818181818
SESAME,0.022222222222222223,-1.1129999030235995,0.02181818181818182
SESAME,0.023809523809523808,-1.07787851387939,0.05454545454545454
SESAME,0.024691358024691357,-1.0583666310214956,0.06545454545454546
SESAME,0.02564102564102564,-1.0373538340976096,0.07272727272727272
SESAME,0.02564102564102564,-1.0373538340976096,0.07636363636363637
SESAME,0.02564102564102564,-1.0373538340976096,0.08
SESAME,0.023809523809523808,-1.07787851387939,0.05818181818181818
SESAME,0.023809523809523808,-1.07787851387939,0.06181818181818182
SESAME,0.02564102564102564,-1.0373538340976096,0.08363636363636363
SESAME,0.030303030303030304,-0.9342001037439865,0.16363636363636364
SESAME,0.022727272727272728,-1.101824915568624,0.025454545454545455
SESAME,0.044444444444444446,-0.6213004550046636,0.37454545454545457
SESAME,0.06666666666666667,-0.12960100698572763,0.5854545454545454
SESAME,0.07142857142857142,-0.024236839553098535,0.6
SESAME,0.07142857142857142,-0.024236839553098535,0.6036363636363636
SESAME,0.027777777777777776,-0.9900750410188657,0.13818181818181818
SESAME,0.027777777777777776,-0.9900750410188657,0.14181818181818182
SESAME,0.027777777777777776,-0.9900750410188657,0.14545454545454545
SESAME,0.03125,-0.9132470022659069,0.1709090909090909
SESAME,0.038461538461538464,-0.7536810756251464,0.2581818181818182
SESAME,0.038461538461538464,-0.7536810756251464,0.26181818181818184
SESAME,0.030303030303030304,-0.9342001037439865,0.16727272727272727
SESAME,0.05,-0.49837559299992956,0.44363636363636366
SESAME,0.05555555555555555,-0.3754507309951957,0.48727272727272725
SESAME,0.06060606060606061,-0.2637008564454374,0.5272727272727272
SESAME,0.058823529411764705,-0.30314198863946973,0.5054545454545455
SESAME,0.06666666666666667,-0.12960100698572763,0.5890909090909091
SESAME,0.047619047619047616,-0.5510576767162443,0.4254545454545455
SESAME,0.041666666666666664,-0.6827628860070307,0.34545454545454546
SESAME,0.04,-0.7196403446084508,0.27636363636363637
SESAME,0.038461538461538464,-0.7536810756251464,0.26545454545454544
SESAME,0.038461538461538464,-0.7536810756251464,0.2690909090909091
SESAME,0.037037037037037035,-0.7852002710109757,0.2545454545454545
SESAME,0.08,0.16541866182563406,0.6290909090909091
SESAME,0.08333333333333333,0.23917357902847433,0.6472727272727272
SESAME,0.1,0.6079481650426766,0.72
SESAME,0.1111111111111111,0.8537978890521444,0.7890909090909091
SESAME,0.1111111111111111,0.8537978890521444,0.7927272727272727
SESAME,0.125,1.1611100440639794,0.8581818181818182
SESAME,0.1111111111111111,0.8537978890521444,0.7963636363636364
SESAME,0.06666666666666667,-0.12960100698572763,0.5927272727272728
SESAME,0.1,0.6079481650426766,0.7236363636363636
SESAME,0.06666666666666667,-0.12960100698572763,0.5963636363636363
SESAME,0.0625,-0.2217946534892781,0.5490909090909091
SESAME,0.041666666666666664,-0.6827628860070307,0.3490909090909091
SESAME,0.044444444444444446,-0.6213004550046636,0.3781818181818182
SESAME,0.046511627906976744,-0.5755609714680184,0.38545454545454544
SESAME,0.125,1.1611100440639794,0.8618181818181818
SESAME,0.05,-0.49837559299992956,0.44727272727272727
SESAME,0.047619047619047616,-0.5510576767162443,0.4290909090909091
SESAME,0.05,-0.49837559299992956,0.4509090909090909
SESAME,0.047619047619047616,-0.5510576767162443,0.43272727272727274
SESAME,0.041666666666666664,-0.6827628860070307,0.3527272727272727
SESAME,0.04,-0.7196403446084508,0.28
SESAME,0.041666666666666664,-0.6827628860070307,0.3563636363636364
SESAME,0.047619047619047616,-0.5510576767162443,0.43636363636363634
SESAME,0.05555555555555555,-0.3754507309951957,0.4909090909090909
SESAME,0.05555555555555555,-0.3754507309951957,0.49454545454545457
SESAME,0.06153846153846154,-0.24307011037471277,0.5345454545454545
SESAME,0.13793103448275862,1.4472282573508604,0.92
SESAME,0.2,2.8205956811278887,0.9890909090909091
SESAME,0.10526315789473684,0.7244032974682139,0.76
SESAME,0.1,0.6079481650426766,0.7272727272727273
SESAME,0.1111111111111111,0.8537978890521444,0.8
SESAME,0.125,1.1611100440639794,0.8654545454545455
SESAME,0.1,0.6079481650426766,0.730909090909091
SESAME,0.09523809523809523,0.5025839976100472,0.7054545454545454
SESAME,0.09523809523809523,0.5025839976100472,0.7090909090909091
SESAME,0.08888888888888889,0.36209844103320854,0.6727272727272727
SESAME,0.08888888888888889,0.36209844103320854,0.6763636363636364
SESAME,0.09302325581395349,0.4535774081064988,0.6981818181818182
SESAME,0.16666666666666666,2.0830465090994843,0.9672727272727273
SESAME,0.1111111111111111,0.8537978890521444,0.8036363636363636
SESAME,0.1,0.6079481650426766,0.7345454545454545
SESAME,0.1,0.6079481650426766,0.7381818181818182
SESAME,0.09090909090909091,0.40679839085311176,0.6872727272727273
SESAME,0.1,0.6079481650426766,0.7418181818181818
SESAME,0.09090909090909091,0.40679839085311176,0.6909090909090909
SESAME,0.13333333333333333,1.3454973370710805,0.8981818181818182
SESAME,0.14545454545454545,1.6136970359905,0.9309090909090909
SESAME,0.15384615384615385,1.7993737506270218,0.9345454545454546
SESAME,0.13333333333333333,1.3454973370710805,0.9018181818181819
SESAME,0.1111111111111111,0.8537978890521444,0.8072727272727273
SESAME,0.058823529411764705,-0.30314198863946973,0.509090909090909
SESAME,0.05555555555555555,-0.3754507309951957,0.49818181818181817
SESAME,0.06349206349206349,-0.19984378527414712,0.5527272727272727
SESAME,0.06153846153846154,-0.24307011037471277,0.5381818181818182
SESAME,0.041666666666666664,-0.6827628860070307,0.36
SESAME,0.05555555555555555,-0.3754507309951957,0.5018181818181818
SESAME,0.04,-0.7196403446084508,0.28363636363636363
SESAME,0.044444444444444446,-0.6213004550046636,0.38181818181818183
SESAME,0.047058823529411764,-0.563453461120083,0.3890909090909091
SESAME,0.06060606060606061,-0.2637008564454374,0.5309090909090909
SESAME,0.14285714285714285,1.5562256719363388,0.9236363636363636
SESAME,0.13333333333333333,1.3454973370710805,0.9054545454545454
SESAME,0.12307692307692308,1.1185591302931102,0.8363636363636363
SESAME,0.12307692307692308,1.1185591302931102,0.84
SESAME,0.1111111111111111,0.8537978890521444,0.8109090909090909
SESAME,0.1,0.6079481650426766,0.7454545454545455
SESAME,0.125,1.1611100440639794,0.8690909090909091
SESAME,0.12307692307692308,1.1185591302931102,0.8436363636363636
SESAME,0.1111111111111111,0.8537978890521444,0.8145454545454546
SESAME,0.125,1.1611100440639794,0.8727272727272727
SESAME,0.10526315789473684,0.7244032974682139,0.7636363636363637
SESAME,0.10526315789473684,0.7244032974682139,0.7672727272727272
SESAME,0.08333333333333333,0.23917357902847433,0.6509090909090909
SESAME,0.05263157894736842,-0.440148026787161,0.45454545454545453
SESAME,0.07547169811320754,0.06522330260668097,0.6145454545454545
SESAME,0.07692307692307693,0.09733719979224298,0.6181818181818182
SESAME,0.0784313725490196,0.13071046549488557,0.6218181818181818
SESAME,0.08333333333333333,0.23917357902847433,0.6545454545454545
SESAME,0.09090909090909091,0.40679839085311176,0.6945454545454546
SESAME,0.08333333333333333,0.23917357902847433,0.6581818181818182
SESAME,0.08333333333333333,0.23917357902847433,0.6618181818181819
SESAME,0.0784313725490196,0.13071046549488557,0.6254545454545455
SESAME,0.08888888888888889,0.36209844103320854,0.68
SESAME,0.1111111111111111,0.8537978890521444,0.8181818181818182
SESAME,0.08795074758135445,0.34134068069467827,0.6690909090909091
SESAME,0.08333333333333333,0.23917357902847433,0.6654545454545454
SESAME,0.08888888888888889,0.36209844103320854,0.6836363636363636
SESAME,0.1,0.6079481650426766,0.7490909090909091
SESAME,0.1111111111111111,0.8537978890521444,0.8218181818181818
SESAME,0.1,0.6079481650426766,0.7527272727272727
SESAME,0.09523809523809523,0.5025839976100472,0.7127272727272728
SESAME,0.13333333333333333,1.3454973370710805,0.9090909090909091
SESAME,0.18181818181818182,2.4182961327487593,0.9781818181818182
SESAME,0.18604651162790697,2.5118541672555335,0.9818181818181818
SESAME,0.2,2.8205956811278887,0.9927272727272727
SESAME,0.18604651162790697,2.5118541672555335,0.9854545454545455
SESAME,0.2,2.8205956811278887,0.9963636363636363
SESAME,0.10526315789473684,0.7244032974682139,0.7709090909090909
SESAME,0.1111111111111111,0.8537978890521444,0.8254545454545454
SESAME,0.11764705882352941,0.9984153737635962,0.8290909090909091
SESAME,0.125,1.1611100440639794,0.8763636363636363
SESAME,0.13333333333333333,1.3454973370710805,0.9127272727272727
SESAME,0.13333333333333333,1.3454973370710805,0.9163636363636364
SESAME,0.11764705882352941,0.9984153737635962,0.8327272727272728
SESAME,0.1,0.6079481650426766,0.7563636363636363
SESAME,0.14285714285714285,1.5562256719363388,0.9272727272727272
SESAME,0.12698412698412698,1.2050117804942415,0.8836363636363637
SESAME,0.12698412698412698,1.2050117804942415,0.8872727272727273
SESAME,0.125,1.1611100440639794,0.88
SESAME,0.12903225806451613,1.2503297019706412,0.8909090909090909
SESAME,0.16666666666666666,2.0830465090994843,0.9709090909090909
SESAME,0.16666666666666666,2.0830465090994843,0.9745454545454545
SESAME,0.16,1.9355366746938039,0.9381818181818182
WOOL 0.5 kg p. Shekel,0.5,-0.06476501898085592,0.5876288659793815
WOOL 0.5 kg p. Shekel,0.5,-0.06476501898085592,0.5927835051546392
WOOL 0.5 kg p. Shekel,0.5,-0.06476501898085592,0.5979381443298969
WOOL 0.5 kg p. Shekel,0.5,-0.06476501898085592,0.6030927835051546
WOOL 0.5 kg p. Shekel,0.5,-0.06476501898085592,0.6082474226804123
WOOL 0.5 kg p. Shekel,0.3333333333333333,-0.5100465741495163,0.36082474226804123
WOOL 0.5 kg p. Shekel,0.3333333333333333,-0.5100465741495163,0.36597938144329895
WOOL 0.5 kg p. Shekel,0.2,-0.8662718182844444,0.02577319587628866
WOOL 0.5 kg p. Shekel,0.2,-0.8662718182844444,0.030927835051546393
WOOL 0.5 kg p. Shekel,0.2,-0.8662718182844444,0.03608247422680412
WOOL 0.5 kg p. Shekel,0.2,-0.8662718182844444,0.041237113402061855
WOOL 0.5 kg p. Shekel,0.125,-1.0666485181103416,0.005154639175257732
WOOL 0.5 kg p. Shekel,0.16666666666666666,-0.9553281293181767,0.010309278350515464
WOOL 0.5 kg p. Shekel,0.16666666666666666,-0.9553281293181767,0.015463917525773196
WOOL 0.5 kg p. Shekel,0.2,-0.8662718182844444,0.04639175257731959
WOOL 0.5 kg p. Shekel,0.5,-0.06476501898085592,0.6134020618556701
WOOL 0.5 kg p. Shekel,0.5,-0.06476501898085592,0.6185567010309279
WOOL 0.5 kg p. Shekel,1.0,1.271079646525125,0.8195876288659794
WOOL 0.5 kg p. Shekel,1.0,1.271079646525125,0.8247422680412371
WOOL 0.5 kg p. Shekel,1.0,1.271079646525125,0.8298969072164949
WOOL 0.5 kg p. Shekel,1.0,1.271079646525125,0.8350515463917526
WOOL 0.5 kg p. Shekel,1.0,1.271079646525125,0.8402061855670103
WOOL 0.5 kg p. Shekel,1.0,1.271079646525125,0.845360824742268
WOOL 0.5 kg p. Shekel,1.0,1.271079646525125,0.8505154639175257
WOOL 0.5 kg p. Shekel,0.6666666666666666,0.3805165361878043,0.7474226804123711
WOOL 0.5 kg p. Shekel,1.0,1.271079646525125,0.8556701030927835
WOOL 0.5 kg p. Shekel,0.6666666666666666,0.3805165361878043,0.7525773195876289
WOOL 0.5 kg p. Shekel,0.4291845493562232,-0.2539619029366386,0.5721649484536082
WOOL 0.5 kg p. Shekel,0.6666666666666666,0.3805165361878043,0.7577319587628866
WOOL 0.5 kg p. Shekel,0.6666666666666666,0.3805165361878043,0.7628865979381443
WOOL 0.5 kg p. Shekel,0.5,-0.06476501898085592,0.6237113402061856
WOOL 0.5 kg p. Shekel,0.5,-0.06476501898085592,0.6288659793814433
WOOL 0.5 kg p. Shekel,0.4,-0.33193395208205206,0.4742268041237113
WOOL 0.5 kg p. Shekel,0.3333333333333333,-0.5100465741495163,0.3711340206185567
WOOL 0.5 kg p. Shekel,0.25,-0.7326873517338464,0.13917525773195877
WOOL 0.5 kg p. Shekel,0.3333333333333333,-0.5100465741495163,0.37628865979381443
WOOL 0.5 kg p. Shekel,0.3333333333333333,-0.5100465741495163,0.38144329896907214
WOOL 0.5 kg p. Shekel,0.3333333333333333,-0.5100465741495163,0.3865979381443299
WOOL 0.5 kg p. Shekel,0.3333333333333333,-0.5100465741495163,0.3917525773195876
WOOL 0.5 kg p. Shekel,0.3333333333333333,-0.5100465741495163,0.39690721649484534
WOOL 0.5 kg p. Shekel,0.2,-0.8662718182844444,0.05154639175257732
WOOL 0.5 kg p. Shekel,0.2,-0.8662718182844444,0.05670103092783505
WOOL 0.5 kg p. Shekel,0.25,-0.7326873517338464,0.14432989690721648
WOOL 0.5 kg p. Shekel,0.3333333333333333,-0.5100465741495163,0.4020618556701031
WOOL 0.5 kg p. Shekel,0.2857142857142857,-0.6372698756262763,0.28865979381443296
WOOL 0.5 kg p. Shekel,0.2857142857142857,-0.6372698756262763,0.29381443298969073
WOOL 0.5 kg p. Shekel,0.25,-0.7326873517338464,0.14948453608247422
WOOL 0.5 kg p. Shekel,0.2857142857142857,-0.6372698756262763,0.29896907216494845
WOOL 0.5 kg p. Shekel,2.0,3.9427689775370873,1.0
WOOL 0.5 kg p. Shekel,1.0,1.271079646525125,0.8608247422680413
WOOL 0.5 kg p. Shekel,0.25,-0.7326873517338464,0.15463917525773196
WOOL 0.5 kg p. Shekel,0.25,-0.7326873517338464,0.15979381443298968
WOOL 0.5 kg p. Shekel,0.25,-0.7326873517338464,0.16494845360824742
WOOL 0.5 kg p. Shekel,0.2857142857142857,-0.6372698756262763,0.30412371134020616
WOOL 0.5 kg p. Shekel,0.3333333333333333,-0.5100465741495163,0.4072164948453608
WOOL 0.5 kg p. Shekel,0.3333333333333333,-0.5100465741495163,0.41237113402061853
WOOL 0.5 kg p. Shekel,0.4,-0.33193395208205206,0.4793814432989691
WOOL 0.5 kg p. Shekel,0.3333333333333333,-0.5100465741495163,0.4175257731958763
WOOL 0.5 kg p. Shekel,0.3333333333333333,-0.5100465741495163,0.422680412371134
WOOL 0.5 kg p. Shekel,0.2,-0.8662718182844444,0.061855670103092786
WOOL 0.5 kg p. Shekel,0.2,-0.8662718182844444,0.06701030927835051
WOOL 0.5 kg p. Shekel,0.2,-0.8662718182844444,0.07216494845360824
WOOL 0.5 kg p. Shekel,0.25,-0.7326873517338464,0.17010309278350516
WOOL 0.5 kg p. Shekel,0.2,-0.8662718182844444,0.07731958762886598
WOOL 0.5 kg p. Shekel,0.2857142857142857,-0.6372698756262763,0.30927835051546393
WOOL 0.5 kg p. Shekel,0.25,-0.7326873517338464,0.17525773195876287
WOOL 0.5 kg p. Shekel,0.3333333333333333,-0.5100465741495163,0.42783505154639173
WOOL 0.5 kg p. Shekel,0.3333333333333333,-0.5100465741495163,0.4329896907216495
WOOL 0.5 kg p. Shekel,0.3333333333333333,-0.5100465741495163,0.4381443298969072
WOOL 0.5 kg p. Shekel,0.4,-0.33193395208205206,0.4845360824742268
WOOL 0.5 kg p. Shekel,0.2857142857142857,-0.6372698756262763,0.31443298969072164
WOOL 0.5 kg p. Shekel,0.2857142857142857,-0.6372698756262763,0.31958762886597936
WOOL 0.5 kg p. Shekel,0.2857142857142857,-0.6372698756262763,0.3247422680412371
WOOL 0.5 kg p. Shekel,0.2857142857142857,-0.6372698756262763,0.32989690721649484
WOOL 0.5 kg p. Shekel,0.2,-0.8662718182844444,0.08247422680412371
WOOL 0.5 kg p. Shekel,0.2,-0.8662718182844444,0.08762886597938144
WOOL 0.5 kg p. Shekel,0.25,-0.7326873517338464,0.18041237113402062
WOOL 0.5 kg p. Shekel,0.25,-0.7326873517338464,0.18556701030927836
WOOL 0.5 kg p. Shekel,0.25,-0.7326873517338464,0.19072164948453607
WOOL 0.5 kg p. Shekel,0.2857142857142857,-0.6372698756262763,0.33505154639175255
WOOL 0.5 kg p. Shekel,0.25,-0.7326873517338464,0.1958762886597938
WOOL 0.5 kg p. Shekel,0.2857142857142857,-0.6372698756262763,0.3402061855670103
WOOL 0.5 kg p. Shekel,0.2857142857142857,-0.6372698756262763,0.34536082474226804
WOOL 0.5 kg p. Shekel,0.25,-0.7326873517338464,0.20103092783505155
WOOL 0.5 kg p. Shekel,0.25,-0.7326873517338464,0.20618556701030927
WOOL 0.5 kg p. Shekel,0.25,-0.7326873517338464,0.211340206185567
WOOL 0.5 kg p. Shekel,0.25,-0.7326873517338464,0.21649484536082475
WOOL 0.5 kg p. Shekel,0.25,-0.7326873517338464,0.22164948453608246
WOOL 0.5 kg p. Shekel,0.25,-0.7326873517338464,0.2268041237113402
WOOL 0.5 kg p. Shekel,0.25,-0.7326873517338464,0.23195876288659795
WOOL 0.5 kg p. Shekel,0.25,-0.7326873517338464,0.23711340206185566
WOOL 0.5 kg p. Shekel,0.25,-0.7326873517338464,0.2422680412371134
WOOL 0.5 kg p. Shekel,0.3333333333333333,-0.5100465741495163,0.44329896907216493
WOOL 0.5 kg p. Shekel,0.3333333333333333,-0.5100465741495163,0.4484536082474227
WOOL 0.5 kg p. Shekel,0.2,-0.8662718182844444,0.09278350515463918
WOOL 0.5 kg p. Shekel,0.2,-0.8662718182844444,0.0979381443298969
WOOL 0.5 kg p. Shekel,0.25,-0.7326873517338464,0.24742268041237114
WOOL 0.5 kg p. Shekel,0.25,-0.7326873517338464,0.25257731958762886
WOOL 0.5 kg p. Shekel,0.25,-0.7326873517338464,0.25773195876288657
WOOL 0.5 kg p. Shekel,0.2857142857142857,-0.6372698756262763,0.35051546391752575
WOOL 0.5 kg p. Shekel,0.25,-0.7326873517338464,0.26288659793814434
WOOL 0.5 kg p. Shekel,0.4,-0.33193395208205206,0.4896907216494845
WOOL 0.5 kg p. Shekel,0.4,-0.33193395208205206,0.4948453608247423
WOOL 0.5 kg p. Shekel,0.4,-0.33193395208205206,0.5
WOOL 0.5 kg p. Shekel,0.3333333333333333,-0.5100465741495163,0.4536082474226804
WOOL 0.5 kg p. Shekel,0.2857142857142857,-0.6372698756262763,0.3556701030927835
WOOL 0.5 kg p. Shekel,0.2222222222222222,-0.8069009442619565,0.11855670103092783
WOOL 0.5 kg p. Shekel,0.25,-0.7326873517338464,0.26804123711340205
WOOL 0.5 kg p. Shekel,0.2,-0.8662718182844444,0.10309278350515463
WOOL 0.5 kg p. Shekel,0.2222222222222222,-0.8069009442619565,0.12371134020618557
WOOL 0.5 kg p. Shekel,0.2222222222222222,-0.8069009442619565,0.12886597938144329
WOOL 0.5 kg p. Shekel,0.2222222222222222,-0.8069009442619565,0.13402061855670103
WOOL 0.5 kg p. Shekel,0.16666666666666666,-0.9553281293181767,0.020618556701030927
WOOL 0.5 kg p. Shekel,0.2,-0.8662718182844444,0.10824742268041238
WOOL 0.5 kg p. Shekel,0.25,-0.7326873517338464,0.27319587628865977
WOOL 0.5 kg p. Shekel,0.25,-0.7326873517338464,0.27835051546391754
WOOL 0.5 kg p. Shekel,0.2,-0.8662718182844444,0.1134020618556701
WOOL 0.5 kg p. Shekel,0.3333333333333333,-0.5100465741495163,0.4587628865979381
WOOL 0.5 kg p. Shekel,0.4,-0.33193395208205206,0.5051546391752577
WOOL 0.5 kg p. Shekel,0.4444444444444444,-0.2131922040370761,0.5773195876288659
WOOL 0.5 kg p. Shekel,0.5,-0.06476501898085592,0.634020618556701
WOOL 0.5 kg p. Shekel,0.4,-0.33193395208205206,0.5103092783505154
WOOL 0.5 kg p. Shekel,0.4,-0.33193395208205206,0.5154639175257731
WOOL 0.5 kg p. Shekel,0.4,-0.33193395208205206,0.520618556701031
WOOL 0.5 kg p. Shekel,0.4,-0.33193395208205206,0.5257731958762887
WOOL 0.5 kg p. Shekel,0.4,-0.33193395208205206,0.5309278350515464
WOOL 0.5 kg p. Shekel,0.4444444444444444,-0.2131922040370761,0.5824742268041238
WOOL 0.5 kg p. Shekel,0.4,-0.33193395208205206,0.5360824742268041
WOOL 0.5 kg p. Shekel,0.4,-0.33193395208205206,0.5412371134020618
WOOL 0.5 kg p. Shekel,0.4,-0.33193395208205206,0.5463917525773195
WOOL 0.5 kg p. Shekel,0.4,-0.33193395208205206,0.5515463917525774
WOOL 0.5 kg p. Shekel,0.3333333333333333,-0.5100465741495163,0.4639175257731959
WOOL 0.5 kg p. Shekel,0.3333333333333333,-0.5100465741495163,0.4690721649484536
WOOL 0.5 kg p. Shekel,0.4,-0.33193395208205206,0.5567010309278351
WOOL 0.5 kg p. Shekel,0.5,-0.06476501898085592,0.6391752577319587
WOOL 0.5 kg p. Shekel,0.5,-0.06476501898085592,0.6443298969072165
WOOL 0.5 kg p. Shekel,0.5,-0.06476501898085592,0.6494845360824743
WOOL 0.5 kg p. Shekel,0.4,-0.33193395208205206,0.5618556701030928
WOOL 0.5 kg p. Shekel,0.5,-0.06476501898085592,0.654639175257732
WOOL 0.5 kg p. Shekel,0.5,-0.06476501898085592,0.6597938144329897
WOOL 0.5 kg p. Shekel,0.5,-0.06476501898085592,0.6649484536082474
WOOL 0.5 kg p. Shekel,0.5,-0.06476501898085592,0.6701030927835051
WOOL 0.5 kg p. Shekel,0.5988023952095809,0.19920428617900873,0.7422680412371134
WOOL 0.5 kg p. Shekel,0.5714285714285714,0.12606993323428414,0.7216494845360825
WOOL 0.5 kg p. Shekel,0.5714285714285714,0.12606993323428414,0.7268041237113402
WOOL 0.5 kg p. Shekel,0.5714285714285714,0.12606993323428414,0.7319587628865979
WOOL 0.5 kg p. Shekel,1.0,1.271079646525125,0.865979381443299
WOOL 0.5 kg p. Shekel,0.5,-0.06476501898085592,0.6752577319587629
WOOL 0.5 kg p. Shekel,0.4,-0.33193395208205206,0.5670103092783505
WOOL 0.5 kg p. Shekel,0.25,-0.7326873517338464,0.28350515463917525
WOOL 0.5 kg p. Shekel,1.0,1.271079646525125,0.8711340206185567
WOOL 0.5 kg p. Shekel,1.4925373134328357,2.586986331948927,0.9329896907216495
WOOL 0.5 kg p. Shekel,0.6666666666666666,0.3805165361878043,0.7680412371134021
WOOL 0.5 kg p. Shekel,1.0,1.271079646525125,0.8762886597938144
WOOL 0.5 kg p. Shekel,1.0,1.271079646525125,0.8814432989690721
WOOL 0.5 kg p. Shekel,1.4925373134328357,2.586986331948927,0.9381443298969072
WOOL 0.5 kg p. Shekel,1.0,1.271079646525125,0.8865979381443299
WOOL 0.5 kg p. Shekel,1.0,1.271079646525125,0.8917525773195877
WOOL 0.5 kg p. Shekel,0.6666666666666666,0.3805165361878043,0.7731958762886598
WOOL 0.5 kg p. Shekel,0.5,-0.06476501898085592,0.6804123711340206
WOOL 0.5 kg p. Shekel,0.5,-0.06476501898085592,0.6855670103092784
WOOL 0.5 kg p. Shekel,0.6666666666666666,0.3805165361878043,0.7783505154639175
WOOL 0.5 kg p. Shekel,0.5,-0.06476501898085592,0.6907216494845361
WOOL 0.5 kg p. Shekel,0.5,-0.06476501898085592,0.6958762886597938
WOOL 0.5 kg p. Shekel,0.5,-0.06476501898085592,0.7010309278350515
WOOL 0.5 kg p. Shekel,0.5,-0.06476501898085592,0.7061855670103093
WOOL 0.5 kg p. Shekel,0.5,-0.06476501898085592,0.711340206185567
WOOL 0.5 kg p. Shekel,0.5,-0.06476501898085592,0.7164948453608248
WOOL 0.5 kg p. Shekel,0.5714285714285714,0.12606993323428414,0.7371134020618557
WOOL 0.5 kg p. Shekel,0.6666666666666666,0.3805165361878043,0.7835051546391752
WOOL 0.5 kg p. Shekel,1.0,1.271079646525125,0.8969072164948454
WOOL 0.5 kg p. Shekel,0.8,0.7367417803227327,0.8144329896907216
WOOL 0.5 kg p. Shekel,0.6666666666666666,0.3805165361878043,0.788659793814433
WOOL 0.5 kg p. Shekel,0.6666666666666666,0.3805165361878043,0.7938144329896907
WOOL 0.5 kg p. Shekel,1.0,1.271079646525125,0.9020618556701031
WOOL 0.5 kg p. Shekel,0.6666666666666666,0.3805165361878043,0.7989690721649485
WOOL 0.5 kg p. Shekel,0.6666666666666666,0.3805165361878043,0.8041237113402062
WOOL 0.5 kg p. Shekel,0.6666666666666666,0.3805165361878043,0.8092783505154639
WOOL 0.5 kg p. Shekel,1.0,1.271079646525125,0.9072164948453608
WOOL 0.5 kg p. Shekel,1.0,1.271079646525125,0.9123711340206185
WOOL 0.5 kg p. Shekel,1.0,1.271079646525125,0.9175257731958762
WOOL 0.5 kg p. Shekel,1.4925373134328357,2.586986331948927,0.9432989690721649
WOOL 0.5 kg p. Shekel,1.4925373134328357,2.586986331948927,0.9484536082474226
WOOL 0.5 kg p. Shekel,1.4925373134328357,2.586986331948927,0.9536082474226805
WOOL 0.5 kg p. Shekel,1.4925373134328357,2.586986331948927,0.9587628865979382
WOOL 0.5 kg p. Shekel,1.0,1.271079646525125,0.9226804123711341
WOOL 0.5 kg p. Shekel,1.4925373134328357,2.586986331948927,0.9639175257731959
WOOL 0.5 kg p. Shekel,1.4925373134328357,2.586986331948927,0.9690721649484536
WOOL 0.5 kg p. Shekel,1.4925373134328357,2.586986331948927,0.9742268041237113
WOOL 0.5 kg p. Shekel,1.4925373134328357,2.586986331948927,0.979381443298969
WOOL 0.5 kg p. Shekel,1.4925373134328357,2.586986331948927,0.9845360824742269
WOOL 0.5 kg p. Shekel,1.4925373134328357,2.586986331948927,0.9896907216494846
WOOL 0.5 kg p. Shekel,1.4925373134328357,2.586986331948927,0.9948453608247423
WOOL 0.5 kg p. Shekel,1.3333333333333333,2.1616427568624457,0.9278350515463918
